path,kind,status,bytes,size,sha256,detail
D:\Desktop\my_project\paper_reproduction\DPPO\.cache,directory aggregate,created,4068604224,3.79 GiB,,project-local package cache
D:\Desktop\my_project\paper_reproduction\DPPO\.cache\pip,resource aggregate,created,4068604224,3.79 GiB,,pip download/install cache
D:\Desktop\my_project\paper_reproduction\DPPO\.cache\torch,resource aggregate,created,0,0.00 B,,torch cache
D:\Desktop\my_project\paper_reproduction\DPPO\.gitignore,publication file,created,544,544.00 B,76db13412972e9821c4b66360de7193a72711915ef0837c54c3f21a0e66011e7,GitHub review material
D:\Desktop\my_project\paper_reproduction\DPPO\.gitmodules,publication file,created,106,106.00 B,7a0513ccaabea1daef8edd0f1a3a539333ae10d936ff61bfe4503249abea1e73,GitHub review material
D:\Desktop\my_project\paper_reproduction\DPPO\.runtime,directory aggregate,created,7205695250,6.71 GiB,,"project-local venv, MuJoCo runtime, gdown helper, mjrl"
D:\Desktop\my_project\paper_reproduction\DPPO\.runtime\gdown_tools,resource aggregate,created,6306257,6.01 MiB,,Windows-side Google Drive downloader
D:\Desktop\my_project\paper_reproduction\DPPO\.runtime\mjrl_source,resource aggregate,created,422253,412.36 KiB,,third-party mjrl source checkout
D:\Desktop\my_project\paper_reproduction\DPPO\.runtime\mujoco210,resource aggregate,created,8784202,8.38 MiB,,MuJoCo 2.1.0 runtime
D:\Desktop\my_project\paper_reproduction\DPPO\.runtime\venv,resource aggregate,created,7190182538,6.70 GiB,,WSL Python virtual environment
D:\Desktop\my_project\paper_reproduction\DPPO\.tmp,directory aggregate,created,4385135,4.18 MiB,,download/extraction temporary area; retained for audit
D:\Desktop\my_project\paper_reproduction\DPPO\.tmp\mujoco210-linux-x86_64.tar.gz,temporary file,created/downloaded,4385135,4.18 MiB,a436ca2f4144c38b837205635bbd60ffe1162d5b44c87df22232795978d7d012,retained for audit
D:\Desktop\my_project\paper_reproduction\DPPO\checkpoints,directory aggregate,created,13574849,12.95 MiB,,recursive aggregate
D:\Desktop\my_project\paper_reproduction\DPPO\checkpoints\official\halfcheetah_medium_pre_diffusion_mlp_ta4_td20_state_3000.pt,file,created/downloaded,4565995,4.35 MiB,ec1169d29e2d0e006f0c2477ee8bc976b2f9b04b2c209df5bce9f36dd42596b8,
D:\Desktop\my_project\paper_reproduction\DPPO\checkpoints\official\hopper_medium_pre_diffusion_mlp_ta4_td20_state_3000.pt,file,created/downloaded,4442859,4.24 MiB,9a5839d3d172d1e24b5bed0831d49bb3116a7e62fafa223c57c322f4bc7e9121,
D:\Desktop\my_project\paper_reproduction\DPPO\checkpoints\official\walker2d_medium_pre_diffusion_mlp_ta4_td20_state_3000.pt,file,created/downloaded,4565995,4.35 MiB,1a650d5d882c78cfef1d753c532c0bdbced054738b0076efe6ce29d088681fa0,
D:\Desktop\my_project\paper_reproduction\DPPO\data,directory aggregate,created,245214840,233.86 MiB,,recursive aggregate
D:\Desktop\my_project\paper_reproduction\DPPO\data\gym\halfcheetah-medium-v2\2024_06_14_15_54_16.log,file,created/downloaded,6032,5.89 KiB,ae7c83ec83bff13c99e312a87f2f134262a352383f37cb1bb4eb3d1bac7ead78,
D:\Desktop\my_project\paper_reproduction\DPPO\data\gym\halfcheetah-medium-v2\normalization.npz,file,created/downloaded,1202,1.17 KiB,1bc71a75b5cde71bb699cdbb4d169de9309a714b87c08bf88bd9c6c10a963e2a,
D:\Desktop\my_project\paper_reproduction\DPPO\data\gym\halfcheetah-medium-v2\train.npz,file,created/downloaded,95082757,90.68 MiB,19bf92fc7c443f5f7ea1bd5000a8627e5e16677c2a1377a4ee03c37be13a9cf6,
D:\Desktop\my_project\paper_reproduction\DPPO\data\gym\hopper-medium-v2\2024_06_06_01_55_51.log,file,created/downloaded,4562,4.46 KiB,f36d784692678528f7c179742bc344df641cfefaec0ca356d1607206bdd36046,
D:\Desktop\my_project\paper_reproduction\DPPO\data\gym\hopper-medium-v2\normalization.npz,file,created/downloaded,1130,1.10 KiB,d05b2943bc39772f7f770dfc0a4df2a9f205cb1e05ae74b585cd0dd382a0742e,
D:\Desktop\my_project\paper_reproduction\DPPO\data\gym\hopper-medium-v2\train.npz,file,created/downloaded,57367454,54.71 MiB,497b1e5efdf3c9c41422126171830a7acfaac06b4b1088d0516979c34b363bab,
D:\Desktop\my_project\paper_reproduction\DPPO\data\gym\walker2d-medium-v2\2024_06_14_15_53_34.log,file,created/downloaded,6125,5.98 KiB,fc3650201be14133fe30a89895c3418f59ac416e63483cbf612edee0dd53a48a,
D:\Desktop\my_project\paper_reproduction\DPPO\data\gym\walker2d-medium-v2\normalization.npz,file,created/downloaded,1202,1.17 KiB,7d103b793b591081947fca807ae13c2752bd6964621374101f5a89a19346ae16,
D:\Desktop\my_project\paper_reproduction\DPPO\data\gym\walker2d-medium-v2\train.npz,file,created/downloaded,92744376,88.45 MiB,4ed0ef939ad69dd487a05eab6301a670198b5a8390f41e286d806bdf622d2883,
D:\Desktop\my_project\paper_reproduction\DPPO\DPPO.pdf,input,pre-existing,18535392,17.68 MiB,f7585839d756d8fc1e1217d0b4c5c0e8114065fb4856a355a2e0326f668f1887,supplied before this reproduction
D:\Desktop\my_project\paper_reproduction\DPPO\logs,directory aggregate,created,29618939,28.25 MiB,,recursive aggregate
D:\Desktop\my_project\paper_reproduction\DPPO\logs\gym-finetune\hopper-medium-v2_nopre_ppo_gaussian_mlp_ta1\2026-09-08_22-22-30_42\.hydra\config.yaml,file,created/downloaded,2018,1.97 KiB,915cb9ab7c029e51116e817052adadfa090da1136188b42392dcefcf92e111f3,
D:\Desktop\my_project\paper_reproduction\DPPO\logs\gym-finetune\hopper-medium-v2_nopre_ppo_gaussian_mlp_ta1\2026-09-08_22-22-30_42\.hydra\hydra.yaml,file,created/downloaded,3814,3.72 KiB,a35f7b0971e1c9f5adebe5d4a95c8f2463ac112a2d7d1e70c766053f0ec225df,
D:\Desktop\my_project\paper_reproduction\DPPO\logs\gym-finetune\hopper-medium-v2_nopre_ppo_gaussian_mlp_ta1\2026-09-08_22-22-30_42\.hydra\overrides.yaml,file,created/downloaded,134,134.00 B,75b28aa1d929e19cd8f84b040ea8f73035f4f3c7f15a08b0d505631063900672,
D:\Desktop\my_project\paper_reproduction\DPPO\logs\gym-finetune\hopper-medium-v2_nopre_ppo_gaussian_mlp_ta1\2026-09-08_22-22-30_42\checkpoint\state_0.pt,file,created/downloaded,4831875,4.61 MiB,3ac7fa32bca6b51f927c717be99bedc9ccbaa20acc53b994d4adad1e335517e9,
D:\Desktop\my_project\paper_reproduction\DPPO\logs\gym-finetune\hopper-medium-v2_nopre_ppo_gaussian_mlp_ta1\2026-09-08_22-22-30_42\checkpoint\state_1.pt,file,created/downloaded,4831875,4.61 MiB,d0c0bedbbce1aed382de9960c9113b9a7ebded404555e604d83e5cd0ee6b180a,
D:\Desktop\my_project\paper_reproduction\DPPO\logs\gym-finetune\hopper-medium-v2_nopre_ppo_gaussian_mlp_ta1\2026-09-08_22-22-30_42\result.pkl,file,created/downloaded,155,155.00 B,edb0f96abe076dd84780fd5b643d936e42737e60b82884bdf1a2ccaaa4b9befa,
D:\Desktop\my_project\paper_reproduction\DPPO\logs\gym-finetune\hopper-medium-v2_nopre_ppo_gaussian_mlp_ta1\2026-09-08_22-22-30_42\run.log,file,created/downloaded,1138,1.11 KiB,a613f6b308aacce8566c263bd8463d280e71cee7f97c9ada24c9302ad6601a2e,
D:\Desktop\my_project\paper_reproduction\DPPO\logs\gym-finetune\hopper-medium-v2_ppo_diffusion_mlp_ta4_td20_tdf10\2026-09-08_22-21-55_42\.hydra\config.yaml,file,created/downloaded,2591,2.53 KiB,98b3056a8e684d5f3b7aace90c37c64b7b18f442230ea5ca35e1821fe13eb634,
D:\Desktop\my_project\paper_reproduction\DPPO\logs\gym-finetune\hopper-medium-v2_ppo_diffusion_mlp_ta4_td20_tdf10\2026-09-08_22-21-55_42\.hydra\hydra.yaml,file,created/downloaded,4119,4.02 KiB,288b718e1c7893ddd2867ee0cf2a615db228fbd592f97249070bb7e79eaddcec,
D:\Desktop\my_project\paper_reproduction\DPPO\logs\gym-finetune\hopper-medium-v2_ppo_diffusion_mlp_ta4_td20_tdf10\2026-09-08_22-21-55_42\.hydra\overrides.yaml,file,created/downloaded,280,280.00 B,0e5acebd7f401e2e7aa51d2919f6460c3d1eec5f9a7fba3f371bcd5c6e323b2b,
D:\Desktop\my_project\paper_reproduction\DPPO\logs\gym-finetune\hopper-medium-v2_ppo_diffusion_mlp_ta4_td20_tdf10\2026-09-08_22-21-55_42\checkpoint\state_0.pt,file,created/downloaded,4977987,4.75 MiB,f397083b2746b0594faec6a5e597b08c6d409c4ebb96e2f8cd663c057ee80941,
D:\Desktop\my_project\paper_reproduction\DPPO\logs\gym-finetune\hopper-medium-v2_ppo_diffusion_mlp_ta4_td20_tdf10\2026-09-08_22-21-55_42\checkpoint\state_1.pt,file,created/downloaded,4977987,4.75 MiB,9995e00a59566cbba9e6af13d760d1e65fde667949455b9cf18d9ec799bd9798,
D:\Desktop\my_project\paper_reproduction\DPPO\logs\gym-finetune\hopper-medium-v2_ppo_diffusion_mlp_ta4_td20_tdf10\2026-09-08_22-21-55_42\result.pkl,file,created/downloaded,155,155.00 B,8c081c40f911b01f6b3d8ca6ba55eda1c77d8c2f29d4b7908b530a40088a2d02,
D:\Desktop\my_project\paper_reproduction\DPPO\logs\gym-finetune\hopper-medium-v2_ppo_diffusion_mlp_ta4_td20_tdf10\2026-09-08_22-21-55_42\run.log,file,created/downloaded,1568,1.53 KiB,46ec597d38caf02fdd19337d0bda6e5fd65cc55a2e1f1e3f15b620bb018282d0,
D:\Desktop\my_project\paper_reproduction\DPPO\logs\gym-finetune\hopper-medium-v2_ppo_diffusion_mlp_ta4_td20_tdf10\2026-09-08_22-26-59_42\.hydra\config.yaml,file,created/downloaded,2600,2.54 KiB,11d6b6aade60dbc8e71c0836358066951962749f06535417add2751765c704ee,
D:\Desktop\my_project\paper_reproduction\DPPO\logs\gym-finetune\hopper-medium-v2_ppo_diffusion_mlp_ta4_td20_tdf10\2026-09-08_22-26-59_42\.hydra\hydra.yaml,file,created/downloaded,3909,3.82 KiB,2e82c0c8482a1c576ba0d0504b6aa59c176ce9c2075ece65cbe8f48467105856,
D:\Desktop\my_project\paper_reproduction\DPPO\logs\gym-finetune\hopper-medium-v2_ppo_diffusion_mlp_ta4_td20_tdf10\2026-09-08_22-26-59_42\.hydra\overrides.yaml,file,created/downloaded,180,180.00 B,40c423a254d70e05bf1b349dd0c5ada4ad3d8442f46bc4cf7af00b24e306fd93,
D:\Desktop\my_project\paper_reproduction\DPPO\logs\gym-finetune\hopper-medium-v2_ppo_diffusion_mlp_ta4_td20_tdf10\2026-09-08_22-26-59_42\run.log,file,created/downloaded,273,273.00 B,2d00794faa71f8544720d6003e58571a35fd34ec9a2d175840fef94d4e5d0d34,
D:\Desktop\my_project\paper_reproduction\DPPO\logs\gym-finetune\hopper-medium-v2_ppo_diffusion_mlp_ta4_td20_tdf10\2026-09-08_22-27-40_42\.hydra\config.yaml,file,created/downloaded,2600,2.54 KiB,11d6b6aade60dbc8e71c0836358066951962749f06535417add2751765c704ee,
D:\Desktop\my_project\paper_reproduction\DPPO\logs\gym-finetune\hopper-medium-v2_ppo_diffusion_mlp_ta4_td20_tdf10\2026-09-08_22-27-40_42\.hydra\hydra.yaml,file,created/downloaded,3909,3.82 KiB,7cf25525d77ac34d5016ee685147577697171f0f0a22c220c4b4cfada7dfc0a9,
D:\Desktop\my_project\paper_reproduction\DPPO\logs\gym-finetune\hopper-medium-v2_ppo_diffusion_mlp_ta4_td20_tdf10\2026-09-08_22-27-40_42\.hydra\overrides.yaml,file,created/downloaded,180,180.00 B,40c423a254d70e05bf1b349dd0c5ada4ad3d8442f46bc4cf7af00b24e306fd93,
D:\Desktop\my_project\paper_reproduction\DPPO\logs\gym-finetune\hopper-medium-v2_ppo_diffusion_mlp_ta4_td20_tdf10\2026-09-08_22-27-40_42\checkpoint\state_0.pt,file,created/downloaded,4977987,4.75 MiB,f397083b2746b0594faec6a5e597b08c6d409c4ebb96e2f8cd663c057ee80941,
D:\Desktop\my_project\paper_reproduction\DPPO\logs\gym-finetune\hopper-medium-v2_ppo_diffusion_mlp_ta4_td20_tdf10\2026-09-08_22-27-40_42\checkpoint\state_4.pt,file,created/downloaded,4977987,4.75 MiB,c8d5ab7e0b3dbe80578ff1984bfcbde7c6e277dce0d8d066396d4a2d9c3ff26b,
D:\Desktop\my_project\paper_reproduction\DPPO\logs\gym-finetune\hopper-medium-v2_ppo_diffusion_mlp_ta4_td20_tdf10\2026-09-08_22-27-40_42\result.pkl,file,created/downloaded,465,465.00 B,65c81aa187700e290a6034c8bbb32fb29d609e8b3395e1451a6e2177680acd1b,
D:\Desktop\my_project\paper_reproduction\DPPO\logs\gym-finetune\hopper-medium-v2_ppo_diffusion_mlp_ta4_td20_tdf10\2026-09-08_22-27-40_42\run.log,file,created/downloaded,13153,12.84 KiB,ceade8b77b5683b1e169ccfbe23c9b9e0584af9bbff8840ff0e42b6a88b0957b,
D:\Desktop\my_project\paper_reproduction\DPPO\plots,directory aggregate,created,0,0.00 B,,recursive aggregate
D:\Desktop\my_project\paper_reproduction\DPPO\README.md,publication file,created,2538,2.48 KiB,ae57925c0c8d1d7a410e61a1d40a45881c22a9ad6695418de63c52ac8a6e1d15,GitHub review material
D:\Desktop\my_project\paper_reproduction\DPPO\reports,directory aggregate,created,235486,229.97 KiB,,recursive aggregate
D:\Desktop\my_project\paper_reproduction\DPPO\reports\COMPATIBILITY_PATCHES.md,file,created/downloaded,2302,2.25 KiB,4500007f663a18e49d110580bab9e5138d791be2ac6f69fb2df587d51074bfde,
D:\Desktop\my_project\paper_reproduction\DPPO\reports\ENVIRONMENT.md,file,created/downloaded,1165,1.14 KiB,70617d3ad72f6e231e781be9196f543385a43c78d503baef739cf55ab8000a08,
D:\Desktop\my_project\paper_reproduction\DPPO\reports\EXPERIMENT_CONFIG.md,file,created/downloaded,1515,1.48 KiB,23fbd751952f3f7e967c4c2d16568d4b595201e8d6662b8dc1f19bb95eee98df,
D:\Desktop\my_project\paper_reproduction\DPPO\reports\GITHUB_RELEASE_CONTENTS.md,file,created/downloaded,1556,1.52 KiB,29b8628e83ff65ba3506ce155a4fc23c286afc61f439510cf2e3984e16474f8b,
D:\Desktop\my_project\paper_reproduction\DPPO\reports\REPRO_VERSION.md,file,created/downloaded,1034,1.01 KiB,1748c2d2028b7973f121614fb74782f60f128ef0ac188b0ae1e4d0eb29cf0663,
D:\Desktop\my_project\paper_reproduction\DPPO\reports\RESOURCE_MANIFEST.csv,file,created/downloaded,109203,106.64 KiB,f3135c955a4f8cb045fae52cfdfd7d8bf0803883dcccad13cb5115845e6a171a,
D:\Desktop\my_project\paper_reproduction\DPPO\reports\RESOURCE_MANIFEST.md,file,created/downloaded,116188,113.46 KiB,48305f51166edb002bb5eca961d13fc83ed673473781e89a085f565b7285f3d3,
D:\Desktop\my_project\paper_reproduction\DPPO\reports\RESULTS.md,file,created/downloaded,367,367.00 B,2482d754fc6ad7d0d105678a50e95d1c0f25eca69fe3aba1af1b1104c27e049f,
D:\Desktop\my_project\paper_reproduction\DPPO\reports\RUN_LOG.md,file,created/downloaded,2156,2.11 KiB,ac8243e686812fde7edb58a8450aff531418db026cadf71c69fc214b58690af2,
D:\Desktop\my_project\paper_reproduction\DPPO\results,directory aggregate,created,0,0.00 B,,recursive aggregate
D:\Desktop\my_project\paper_reproduction\DPPO\scripts,directory aggregate,created,34689,33.88 KiB,,recursive aggregate
D:\Desktop\my_project\paper_reproduction\DPPO\scripts\plot\__pycache__\make_reproduction_plots.cpython-313.pyc,file,created/downloaded,9870,9.64 KiB,bf69f27050065fcdfb25e61bcf3cd3b9528cf6c26e4c06216517fd82867b6cde,
D:\Desktop\my_project\paper_reproduction\DPPO\scripts\plot\__pycache__\make_side_by_side.cpython-313.pyc,file,created/downloaded,2288,2.23 KiB,df9b05ea4a41aa6d8a9d2912bae18314a09d567f287142928bddbd188a2de29c,
D:\Desktop\my_project\paper_reproduction\DPPO\scripts\plot\make_reproduction_plots.py,file,created/downloaded,5429,5.30 KiB,12cd20e1b6417d0f7a2f54bba1a076e579742956511838653f8ee68643d0d3be,
D:\Desktop\my_project\paper_reproduction\DPPO\scripts\plot\make_side_by_side.py,file,created/downloaded,1106,1.08 KiB,105425a656820ae64eb0808ed0157c2a9e83e0c28cfe5978043593619dba09d9,
D:\Desktop\my_project\paper_reproduction\DPPO\scripts\setup\__pycache__\inventory_resources.cpython-313.pyc,file,created/downloaded,7372,7.20 KiB,0a51e48520b3a3e2bf7863647189bb5850e621ad0e9ed3c0e8fbcaee857e5027,
D:\Desktop\my_project\paper_reproduction\DPPO\scripts\setup\inventory_resources.py,file,created/downloaded,5008,4.89 KiB,853fceb3619f2df8a9548c0152d06f4984638f0e862b1342d35ad6ba9d0a8ced,
D:\Desktop\my_project\paper_reproduction\DPPO\scripts\train\run_fig18_5seeds.ps1,file,created/downloaded,455,455.00 B,942df43548ec74d203588fb1888053b87e044175cf12796b0d09b2d2a3c40eae,
D:\Desktop\my_project\paper_reproduction\DPPO\scripts\train\run_fig18_seed42.ps1,file,created/downloaded,1190,1.16 KiB,1ea9f24eab95ab5c428c59cc9ee604136a9565e1174309062dde537119f42fad,
D:\Desktop\my_project\paper_reproduction\DPPO\scripts\train\run_fig4_5seeds.ps1,file,created/downloaded,478,478.00 B,85927263f53dee942211962cd8fd659fe007fef22a96aa8bf3fb605feffa34f4,
D:\Desktop\my_project\paper_reproduction\DPPO\scripts\train\run_fig4_seed42.ps1,file,created/downloaded,1493,1.46 KiB,933a0369eaab1147570aeaf5db573ff8baadd83a96fe4ae061a0328a88f789d5,
D:\Desktop\my_project\paper_reproduction\DPPO\source,directory aggregate,created,2061118,1.97 MiB,,recursive aggregate
D:\Desktop\my_project\paper_reproduction\DPPO\source\dppo_v0.6\.git\config,file,created/downloaded,238,238.00 B,e78830b395bb6de882024099768b81f8bc5b556d53e93e2aed248545a9f627f3,
D:\Desktop\my_project\paper_reproduction\DPPO\source\dppo_v0.6\.git\description,file,created/downloaded,73,73.00 B,85ab6c163d43a17ea9cf7788308bca1466f1b0a8d1cc92e26e9bf63da4062aee,
D:\Desktop\my_project\paper_reproduction\DPPO\source\dppo_v0.6\.git\HEAD,file,created/downloaded,41,41.00 B,1a5f453060c42a61b3d20244de5c824a6c8da70dbf4d49ea898ee8a820902534,
D:\Desktop\my_project\paper_reproduction\DPPO\source\dppo_v0.6\.git\hooks\applypatch-msg.sample,file,created/downloaded,478,478.00 B,0223497a0b8b033aa58a3a521b8629869386cf7ab0e2f101963d328aa62193f7,
D:\Desktop\my_project\paper_reproduction\DPPO\source\dppo_v0.6\.git\hooks\commit-msg.sample,file,created/downloaded,1972,1.93 KiB,efc1401b0e99d1ff51494d154d98b46c1e99059bcd8bf9f73cecde19fd3eb23b,
D:\Desktop\my_project\paper_reproduction\DPPO\source\dppo_v0.6\.git\hooks\fsmonitor-watchman.sample,file,created/downloaded,4611,4.50 KiB,9159720099ad5595b8e66645cbfd47763c1e920f46e0b50ae75e642bbec57ef0,
D:\Desktop\my_project\paper_reproduction\DPPO\source\dppo_v0.6\.git\hooks\post-update.sample,file,created/downloaded,189,189.00 B,81765af2daef323061dcbc5e61fc16481cb74b3bac9ad8a174b186523586f6c5,
D:\Desktop\my_project\paper_reproduction\DPPO\source\dppo_v0.6\.git\hooks\pre-applypatch.sample,file,created/downloaded,424,424.00 B,e15c5b469ea3e0a695bea6f2c82bcf8e62821074939ddd85b77e0007ff165475,
D:\Desktop\my_project\paper_reproduction\DPPO\source\dppo_v0.6\.git\hooks\pre-commit.sample,file,created/downloaded,1649,1.61 KiB,57185b7b9f05239d7ab52db045f5b89eb31348d7b2177eab214f5eb872e1971b,
D:\Desktop\my_project\paper_reproduction\DPPO\source\dppo_v0.6\.git\hooks\pre-merge-commit.sample,file,created/downloaded,416,416.00 B,d3825a70337940ebbd0a5c072984e13245920cdf8898bd225c8d27a6dfc9cb53,
D:\Desktop\my_project\paper_reproduction\DPPO\source\dppo_v0.6\.git\hooks\pre-push.sample,file,created/downloaded,1374,1.34 KiB,ecce9c7e04d3f5dd9d8ada81753dd1d549a9634b26770042b58dda00217d086a,
D:\Desktop\my_project\paper_reproduction\DPPO\source\dppo_v0.6\.git\hooks\pre-rebase.sample,file,created/downloaded,4898,4.78 KiB,4febce867790052338076f4e66cc47efb14879d18097d1d61c8261859eaaa7b3,
D:\Desktop\my_project\paper_reproduction\DPPO\source\dppo_v0.6\.git\hooks\pre-receive.sample,file,created/downloaded,544,544.00 B,a4c3d2b9c7bb3fd8d1441c31bd4ee71a595d66b44fcf49ddb310252320169989,
D:\Desktop\my_project\paper_reproduction\DPPO\source\dppo_v0.6\.git\hooks\prepare-commit-msg.sample,file,created/downloaded,1492,1.46 KiB,e9ddcaa4189fddd25ed97fc8c789eca7b6ca16390b2392ae3276f0c8e1aa4619,
D:\Desktop\my_project\paper_reproduction\DPPO\source\dppo_v0.6\.git\hooks\push-to-checkout.sample,file,created/downloaded,2783,2.72 KiB,a53d0741798b287c6dd7afa64aee473f305e65d3f49463bb9d7408ec3b12bf5f,
D:\Desktop\my_project\paper_reproduction\DPPO\source\dppo_v0.6\.git\hooks\sendemail-validate.sample,file,created/downloaded,2308,2.25 KiB,44ebfc923dc5466bc009602f0ecf067b9c65459abfe8868ddc49b78e6ced7a92,
D:\Desktop\my_project\paper_reproduction\DPPO\source\dppo_v0.6\.git\hooks\update.sample,file,created/downloaded,3650,3.56 KiB,8d5f2fa83e103cf08b57eaa67521df9194f45cbdbcb37da52ad586097a14d106,
D:\Desktop\my_project\paper_reproduction\DPPO\source\dppo_v0.6\.git\index,file,created/downloaded,44926,43.87 KiB,795a890a812becd4a1501bbc5a301f313909dba73cdcb514db39633d8531ea2a,
D:\Desktop\my_project\paper_reproduction\DPPO\source\dppo_v0.6\.git\info\exclude,file,created/downloaded,240,240.00 B,6671fe83b7a07c8932ee89164d1f2793b2318058eb8b98dc5c06ee0a5a3b0ec1,
D:\Desktop\my_project\paper_reproduction\DPPO\source\dppo_v0.6\.git\logs\HEAD,file,created/downloaded,201,201.00 B,19567c4fc82b18feaa523b17aef784dd5d6c3fce9f9af349c37d47a5099b528e,
D:\Desktop\my_project\paper_reproduction\DPPO\source\dppo_v0.6\.git\objects\pack\pack-f05a9dbd0d89d3e8439301bac0740ec2f6ed14dd.idx,file,created/downloaded,13840,13.52 KiB,2c9de822e3b65c90149b52282814fd850fea145106af3040397da7e32c9a59eb,
D:\Desktop\my_project\paper_reproduction\DPPO\source\dppo_v0.6\.git\objects\pack\pack-f05a9dbd0d89d3e8439301bac0740ec2f6ed14dd.pack,file,created/downloaded,217449,212.35 KiB,437ef2daac83228af0aea2564afa6abc4634451b9ed6b989a60bfcba134c74f4,
D:\Desktop\my_project\paper_reproduction\DPPO\source\dppo_v0.6\.git\objects\pack\pack-f05a9dbd0d89d3e8439301bac0740ec2f6ed14dd.rev,file,created/downloaded,1876,1.83 KiB,88ccd6903a7719cf98b673ffaae331a5544aae2baa9a5aef1c169ca34c4e41e4,
D:\Desktop\my_project\paper_reproduction\DPPO\source\dppo_v0.6\.git\packed-refs,file,created/downloaded,102,102.00 B,7edcea2dc22dae5429bb68113e2d3533d41996a5d814e8828be0e436ec942e58,
D:\Desktop\my_project\paper_reproduction\DPPO\source\dppo_v0.6\.git\shallow,file,created/downloaded,41,41.00 B,1a5f453060c42a61b3d20244de5c824a6c8da70dbf4d49ea898ee8a820902534,
D:\Desktop\my_project\paper_reproduction\DPPO\source\dppo_v0.6\.gitignore,file,created/downloaded,2069,2.02 KiB,366bf039ef9157fea454a446edd4a27d4c9795db73fa30a1bbb5c16c65732bf6,
D:\Desktop\my_project\paper_reproduction\DPPO\source\dppo_v0.6\agent\dataset\__init__.py,file,created/downloaded,0,0.00 B,e3b0c44298fc1c149afbf4c8996fb92427ae41e4649b934ca495991b7852b855,
D:\Desktop\my_project\paper_reproduction\DPPO\source\dppo_v0.6\agent\dataset\d3il_dataset\__init__.py,file,created/downloaded,461,461.00 B,f8c4569ab0a739e5b7ae4d231ecb906e277c16ebcc7edde8e8be5fdad099a855,
D:\Desktop\my_project\paper_reproduction\DPPO\source\dppo_v0.6\agent\dataset\d3il_dataset\aligning_dataset.py,file,created/downloaded,11480,11.21 KiB,3b3a6ef003ac22238954567f88f63d21cc7e9a1cb758a0f6e06866d7034d670c,
D:\Desktop\my_project\paper_reproduction\DPPO\source\dppo_v0.6\agent\dataset\d3il_dataset\avoiding_dataset.py,file,created/downloaded,3939,3.85 KiB,2af4b95563bf235abcb1dd5b4e02f079e7eaa53c64798ac1e8b4ac8299c5f138,
D:\Desktop\my_project\paper_reproduction\DPPO\source\dppo_v0.6\agent\dataset\d3il_dataset\base_dataset.py,file,created/downloaded,1448,1.41 KiB,7c0ed97c942608b058321a4de60c8dd6c64a3167c1d77ca6a0c577d538a626ae,
D:\Desktop\my_project\paper_reproduction\DPPO\source\dppo_v0.6\agent\dataset\d3il_dataset\geo_transform.py,file,created/downloaded,10855,10.60 KiB,743561980993be07140f252a76143c30a3675076bead20ec9eb7fc3b82b74ab1,
D:\Desktop\my_project\paper_reproduction\DPPO\source\dppo_v0.6\agent\dataset\d3il_dataset\pushing_dataset.py,file,created/downloaded,5285,5.16 KiB,ef2d1281261d8540837278bb9f3d64ff0224ffd8cee96e443b894db22ab80956,
D:\Desktop\my_project\paper_reproduction\DPPO\source\dppo_v0.6\agent\dataset\d3il_dataset\sorting_dataset.py,file,created/downloaded,17338,16.93 KiB,77de10951cbec1d7bd4828dae9181e43e5d88b4549d66b931833cfa4863c013b,
D:\Desktop\my_project\paper_reproduction\DPPO\source\dppo_v0.6\agent\dataset\d3il_dataset\stacking_dataset.py,file,created/downloaded,14283,13.95 KiB,41114ae96047cf997080bc572f8c41a72a3a593af917c5d7ff29f86458c6e554,
D:\Desktop\my_project\paper_reproduction\DPPO\source\dppo_v0.6\agent\dataset\sequence.py,file,created/downloaded,11585,11.31 KiB,e9e2997521b1eca5a2a53cd7e173ca86bae4b47009ad95a7e6fc4b1dd13b7e01,
D:\Desktop\my_project\paper_reproduction\DPPO\source\dppo_v0.6\agent\eval\eval_agent.py,file,created/downloaded,4249,4.15 KiB,c262d6c64b18c830bc84ef68c1b2f3f2021cac210e158612ea73fbcfbb8f258f,
D:\Desktop\my_project\paper_reproduction\DPPO\source\dppo_v0.6\agent\eval\eval_diffusion_agent.py,file,created/downloaded,4811,4.70 KiB,e129dfb0d61c74231ac05acc0802023d7ef3ed3514d14646d637612e2f4ab67c,
D:\Desktop\my_project\paper_reproduction\DPPO\source\dppo_v0.6\agent\eval\eval_diffusion_img_agent.py,file,created/downloaded,5060,4.94 KiB,9d4df2fa3a700b85dd1dd73c926dd51616654f7e4808f09f7586d4a1f12b1d18,
D:\Desktop\my_project\paper_reproduction\DPPO\source\dppo_v0.6\agent\eval\eval_gaussian_agent.py,file,created/downloaded,4728,4.62 KiB,129b7247cfb6a2dd724c19d7551ddb4f7def284ae3afab2605e0fd9ad9417932,
D:\Desktop\my_project\paper_reproduction\DPPO\source\dppo_v0.6\agent\eval\eval_gaussian_img_agent.py,file,created/downloaded,4940,4.82 KiB,2a4bdf4910aebc4c6fac24ca95d27a875633d5ddc57c6859ba856cf5fe499cef,
D:\Desktop\my_project\paper_reproduction\DPPO\source\dppo_v0.6\agent\finetune\__pycache__\train_agent.cpython-312.pyc,file,created/downloaded,10065,9.83 KiB,e3c10e092976ecd023265bc92472567a2eaf5e8f82e3e5b6412fe6a5a0859d14,
D:\Desktop\my_project\paper_reproduction\DPPO\source\dppo_v0.6\agent\finetune\__pycache__\train_ppo_agent.cpython-312.pyc,file,created/downloaded,5745,5.61 KiB,6d3c0b704cff708b3d6f484b0ae0743ef86298dca6c534bf11781b960b8c5b43,
D:\Desktop\my_project\paper_reproduction\DPPO\source\dppo_v0.6\agent\finetune\__pycache__\train_ppo_diffusion_agent.cpython-312.pyc,file,created/downloaded,21073,20.58 KiB,8f2cb9c02b1808a1759ff3aacca33ace5a85cd5492463864721257b6b1b4883c,
D:\Desktop\my_project\paper_reproduction\DPPO\source\dppo_v0.6\agent\finetune\__pycache__\train_ppo_gaussian_agent.cpython-312.pyc,file,created/downloaded,18063,17.64 KiB,3b45b3ba4ea9c68d84cdad73f9746a91360c9c3e2df84aed092611f2a2c8ff70,
D:\Desktop\my_project\paper_reproduction\DPPO\source\dppo_v0.6\agent\finetune\train_agent.py,file,created/downloaded,6264,6.12 KiB,6ed0b64dcce6b7da4896ff89566126c40d4c84ef78453bf57f1036f0eaed0993,
D:\Desktop\my_project\paper_reproduction\DPPO\source\dppo_v0.6\agent\finetune\train_awr_diffusion_agent.py,file,created/downloaded,16581,16.19 KiB,c87e9dd0f8ad927fc4afa0c56501f6fb29e2aa5cdd5f31437395667db3ca54dd,
D:\Desktop\my_project\paper_reproduction\DPPO\source\dppo_v0.6\agent\finetune\train_calql_agent.py,file,created/downloaded,22211,21.69 KiB,b52a700aaee4916c2a49f1bb71857661d2eb8d3584d827160ade82ecd13efd7e,
D:\Desktop\my_project\paper_reproduction\DPPO\source\dppo_v0.6\agent\finetune\train_dipo_diffusion_agent.py,file,created/downloaded,16725,16.33 KiB,ee9589ef2faca04fb1ec59dac836c490f65389b0b8596d92d7c1996e5a13b9a7,
D:\Desktop\my_project\paper_reproduction\DPPO\source\dppo_v0.6\agent\finetune\train_dql_diffusion_agent.py,file,created/downloaded,13958,13.63 KiB,9f53cd5c04a4afc10b78b5dbe10addedf2b2b3dabd4f5b4e265198a6030e9904,
D:\Desktop\my_project\paper_reproduction\DPPO\source\dppo_v0.6\agent\finetune\train_ibrl_agent.py,file,created/downloaded,15342,14.98 KiB,4994ae3958e66499746042c7a9c85486956be732b9104ef135407640a2ed330e,
D:\Desktop\my_project\paper_reproduction\DPPO\source\dppo_v0.6\agent\finetune\train_idql_diffusion_agent.py,file,created/downloaded,16006,15.63 KiB,54990933bb44dc6b7a74d16793ab2d5ce4ddbbc09cb73a3a645497837b84ec15,
D:\Desktop\my_project\paper_reproduction\DPPO\source\dppo_v0.6\agent\finetune\train_ppo_agent.py,file,created/downloaded,4436,4.33 KiB,29b19fd2211ec1f2382d77fdb7095622b7afb01d7cc3b43388daf2ce57b8562b,
D:\Desktop\my_project\paper_reproduction\DPPO\source\dppo_v0.6\agent\finetune\train_ppo_diffusion_agent.py,file,created/downloaded,22643,22.11 KiB,6ff16a172b00aeaa323fa524be05c1d2ed599575d904b74cec07e411f6019ab0,
D:\Desktop\my_project\paper_reproduction\DPPO\source\dppo_v0.6\agent\finetune\train_ppo_diffusion_img_agent.py,file,created/downloaded,21997,21.48 KiB,99d597ac44252a4fc69072a435f41588a38d8e8874fb4c94417af0cc8ce4aae7,
D:\Desktop\my_project\paper_reproduction\DPPO\source\dppo_v0.6\agent\finetune\train_ppo_exact_diffusion_agent.py,file,created/downloaded,18412,17.98 KiB,1d946690dd7fbea10a20b3d2b61eba4056812108ee1365583ece348041930934,
D:\Desktop\my_project\paper_reproduction\DPPO\source\dppo_v0.6\agent\finetune\train_ppo_gaussian_agent.py,file,created/downloaded,19508,19.05 KiB,226b47cd16c2918234ed6a6777387f265a881a02334d68f0db16de6ddb9a0c18,
D:\Desktop\my_project\paper_reproduction\DPPO\source\dppo_v0.6\agent\finetune\train_ppo_gaussian_img_agent.py,file,created/downloaded,20131,19.66 KiB,97cdc90680c4ce5526c94431bddd00aeb6e1255d6f188e9070d2dd6416925ddf,
D:\Desktop\my_project\paper_reproduction\DPPO\source\dppo_v0.6\agent\finetune\train_qsm_diffusion_agent.py,file,created/downloaded,14443,14.10 KiB,bf588fb552894e499b39d37d017b9187dd93503222a7e1e1ad71a1f578c833e8,
D:\Desktop\my_project\paper_reproduction\DPPO\source\dppo_v0.6\agent\finetune\train_rlpd_agent.py,file,created/downloaded,17725,17.31 KiB,87a48e0260be60c59b95be4caeb753eda6766325d7df7a8d2ecc8aac32a8c215,
D:\Desktop\my_project\paper_reproduction\DPPO\source\dppo_v0.6\agent\finetune\train_rwr_diffusion_agent.py,file,created/downloaded,13539,13.22 KiB,9af72554b330fcbeeb1d8e701e44242952fb2eba039aecb3dac8ba0636e34044,
D:\Desktop\my_project\paper_reproduction\DPPO\source\dppo_v0.6\agent\finetune\train_sac_agent.py,file,created/downloaded,14447,14.11 KiB,47de1e88b88623e54f670c57c13bd1ea31fa963f7afa1e51f29ee0691c0445c8,
D:\Desktop\my_project\paper_reproduction\DPPO\source\dppo_v0.6\agent\pretrain\train_agent.py,file,created/downloaded,5540,5.41 KiB,341fb6f92f5f9ef5ec9702b38095d4b8e7ccfc7a0b797a93ba999af573c8a650,
D:\Desktop\my_project\paper_reproduction\DPPO\source\dppo_v0.6\agent\pretrain\train_diffusion_agent.py,file,created/downloaded,2699,2.64 KiB,ebc7fcd210ddcf9badeeca61f0e85a91b4ef6f457d9174d360bcdbf583627d85,
D:\Desktop\my_project\paper_reproduction\DPPO\source\dppo_v0.6\agent\pretrain\train_gaussian_agent.py,file,created/downloaded,3390,3.31 KiB,e647f24fa61650abc9a5b7138db464e245364eb5dfff46486819a10a9eae952c,
D:\Desktop\my_project\paper_reproduction\DPPO\source\dppo_v0.6\cfg\d3il\finetune\avoid_m1\ft_ppo_diffusion_mlp.yaml,file,created/downloaded,3286,3.21 KiB,c3547b1fc012da0ee4e957584396675b5d390b49e22aba89e3b10e5714a146f9,
D:\Desktop\my_project\paper_reproduction\DPPO\source\dppo_v0.6\cfg\d3il\finetune\avoid_m1\ft_ppo_gaussian_mlp.yaml,file,created/downloaded,2902,2.83 KiB,1d01f5a9baec0fda6036c50c49caa47be2c1a27971fd9ec49631bffc417f21a3,
D:\Desktop\my_project\paper_reproduction\DPPO\source\dppo_v0.6\cfg\d3il\finetune\avoid_m1\ft_ppo_gmm_mlp.yaml,file,created/downloaded,2888,2.82 KiB,7fdd40e2c2acc7deecfb1c3787e9f41ae42d7c36b8aa5157bf232a404fbd2efb,
D:\Desktop\my_project\paper_reproduction\DPPO\source\dppo_v0.6\cfg\d3il\finetune\avoid_m2\ft_ppo_diffusion_mlp.yaml,file,created/downloaded,3286,3.21 KiB,040454568021c68dd76cef4fbb7a8f86c64b9a6a4f8d16b4da709de81e6bf86d,
D:\Desktop\my_project\paper_reproduction\DPPO\source\dppo_v0.6\cfg\d3il\finetune\avoid_m2\ft_ppo_gaussian_mlp.yaml,file,created/downloaded,2902,2.83 KiB,c460174e5d0667ef258233a89e79d25ee921ecadba25885949a294cbd90cee3a,
D:\Desktop\my_project\paper_reproduction\DPPO\source\dppo_v0.6\cfg\d3il\finetune\avoid_m2\ft_ppo_gmm_mlp.yaml,file,created/downloaded,2888,2.82 KiB,0d1b72bc57844c0cbbb1c398b94de7adef9c7aa0d9cf3e8fe5e0329fd350c090,
D:\Desktop\my_project\paper_reproduction\DPPO\source\dppo_v0.6\cfg\d3il\finetune\avoid_m3\ft_ppo_diffusion_mlp.yaml,file,created/downloaded,3286,3.21 KiB,f8298ae886516532cbc1ed00f2524cc148a969d479f043d70993858b6182d5e2,
D:\Desktop\my_project\paper_reproduction\DPPO\source\dppo_v0.6\cfg\d3il\finetune\avoid_m3\ft_ppo_gaussian_mlp.yaml,file,created/downloaded,2902,2.83 KiB,25c1568da784c5231f44cd2f5281cfe38536cf1baea7e2fde67277a4bbe061a7,
D:\Desktop\my_project\paper_reproduction\DPPO\source\dppo_v0.6\cfg\d3il\finetune\avoid_m3\ft_ppo_gmm_mlp.yaml,file,created/downloaded,2888,2.82 KiB,2c953f98953e8272f1cf8013857877a0df9d62ac1c9fc6fbae30aea7d3909efb,
D:\Desktop\my_project\paper_reproduction\DPPO\source\dppo_v0.6\cfg\d3il\pretrain\avoid_m1\pre_diffusion_mlp.yaml,file,created/downloaded,1699,1.66 KiB,ad0295c009a12c87a825c14038aae43f4902b69b1f6bba6be6616e076ded7b99,
D:\Desktop\my_project\paper_reproduction\DPPO\source\dppo_v0.6\cfg\d3il\pretrain\avoid_m1\pre_gaussian_mlp.yaml,file,created/downloaded,1538,1.50 KiB,99530909eeb6c2d5d717752706f95e967f0ce79de1b9fcf8fe6a5ba907d721b3,
D:\Desktop\my_project\paper_reproduction\DPPO\source\dppo_v0.6\cfg\d3il\pretrain\avoid_m1\pre_gmm_mlp.yaml,file,created/downloaded,1553,1.52 KiB,d723104c228ed3cf7ab2753b8832f682bb44d2db62a6455f5357150d3057b94f,
D:\Desktop\my_project\paper_reproduction\DPPO\source\dppo_v0.6\cfg\d3il\pretrain\avoid_m2\pre_diffusion_mlp.yaml,file,created/downloaded,1699,1.66 KiB,a4eb4657feb62895e5f13e6e911aca3e6cbab81e3b3cc6c1c8f3f7cc4e75cad2,
D:\Desktop\my_project\paper_reproduction\DPPO\source\dppo_v0.6\cfg\d3il\pretrain\avoid_m2\pre_gaussian_mlp.yaml,file,created/downloaded,1538,1.50 KiB,02017b920a2c33e26c7642436bf8c578c232409305e82df25b958bb0fb3e80fa,
D:\Desktop\my_project\paper_reproduction\DPPO\source\dppo_v0.6\cfg\d3il\pretrain\avoid_m2\pre_gmm_mlp.yaml,file,created/downloaded,1553,1.52 KiB,cac7d712c5a58faa12e86a84e69cd46c01653d1d032835ab5bf1ab59767c1736,
D:\Desktop\my_project\paper_reproduction\DPPO\source\dppo_v0.6\cfg\d3il\pretrain\avoid_m3\pre_diffusion_mlp.yaml,file,created/downloaded,1699,1.66 KiB,9e12d51550a134bb6f1e4d1e32491bc7d20aaeb86fae141e5a301aea135a7956,
D:\Desktop\my_project\paper_reproduction\DPPO\source\dppo_v0.6\cfg\d3il\pretrain\avoid_m3\pre_gaussian_mlp.yaml,file,created/downloaded,1538,1.50 KiB,52a18270d81ffd10e8e7241f77d22b725e5eb3a761277e870815168790123ca8,
D:\Desktop\my_project\paper_reproduction\DPPO\source\dppo_v0.6\cfg\d3il\pretrain\avoid_m3\pre_gmm_mlp.yaml,file,created/downloaded,1553,1.52 KiB,08e6554cb029afe5ebdf289e8013c1d819aac03cb72056726bf036f55335f182,
D:\Desktop\my_project\paper_reproduction\DPPO\source\dppo_v0.6\cfg\finetuning.md,file,created/downloaded,2525,2.47 KiB,a653ddcf4fe54f7bb95f4c92517da1fcb2c2e8a0bcf3d47d6a4dbbacef6e9d3b,
D:\Desktop\my_project\paper_reproduction\DPPO\source\dppo_v0.6\cfg\furniture\eval\one_leg_low\eval_diffusion_mlp.yaml,file,created/downloaded,1984,1.94 KiB,3a0475fba298327ae54a1cb5b024e915957f68ce2180e81069cad20cae986170,
D:\Desktop\my_project\paper_reproduction\DPPO\source\dppo_v0.6\cfg\furniture\finetune\lamp_low\ft_ppo_diffusion_mlp.yaml,file,created/downloaded,3325,3.25 KiB,1026382a09135ed53fe244f4f6b38123b2667728b173ffcde23c72fe35a1fd1d,
D:\Desktop\my_project\paper_reproduction\DPPO\source\dppo_v0.6\cfg\furniture\finetune\lamp_low\ft_ppo_diffusion_unet.yaml,file,created/downloaded,3290,3.21 KiB,1e615ed9eb6762d065f4c639ec990379543e1ec0ceebd1d546bcb76c30308b67,
D:\Desktop\my_project\paper_reproduction\DPPO\source\dppo_v0.6\cfg\furniture\finetune\lamp_low\ft_ppo_gaussian_mlp.yaml,file,created/downloaded,2753,2.69 KiB,49130593864220960eb349b065e76629e0d042036feda14908a9db322081b014,
D:\Desktop\my_project\paper_reproduction\DPPO\source\dppo_v0.6\cfg\furniture\finetune\lamp_med\ft_ppo_diffusion_mlp.yaml,file,created/downloaded,3325,3.25 KiB,77c5753759d969aed5c6cf90c5997bac430135f6234c19dd958bf707e03ef5b3,
D:\Desktop\my_project\paper_reproduction\DPPO\source\dppo_v0.6\cfg\furniture\finetune\lamp_med\ft_ppo_diffusion_unet.yaml,file,created/downloaded,3265,3.19 KiB,d6c8fe68465b1fa688d3cd7af2e50262a272e76e06b8f40074dbecc632384f45,
D:\Desktop\my_project\paper_reproduction\DPPO\source\dppo_v0.6\cfg\furniture\finetune\lamp_med\ft_ppo_gaussian_mlp.yaml,file,created/downloaded,2753,2.69 KiB,2f1821f2e570d298b7c18eee10a3da4f28497213be706cad26d718eb33e4a347,
D:\Desktop\my_project\paper_reproduction\DPPO\source\dppo_v0.6\cfg\furniture\finetune\one_leg_low\ft_ppo_diffusion_mlp.yaml,file,created/downloaded,3334,3.26 KiB,7684a688651fed4ad09e43041e501984875526f3c0ff9e9733573186c71233c7,
D:\Desktop\my_project\paper_reproduction\DPPO\source\dppo_v0.6\cfg\furniture\finetune\one_leg_low\ft_ppo_diffusion_unet.yaml,file,created/downloaded,3298,3.22 KiB,0cfc9d0c0a7f4320519677d7b4261f724cb139bd1670e306f676f1cbc58545a9,
D:\Desktop\my_project\paper_reproduction\DPPO\source\dppo_v0.6\cfg\furniture\finetune\one_leg_low\ft_ppo_gaussian_mlp.yaml,file,created/downloaded,2761,2.70 KiB,923202db54b10c5490a34649aaf329d956fe85213b9fd3db8e3018baee79b325,
D:\Desktop\my_project\paper_reproduction\DPPO\source\dppo_v0.6\cfg\furniture\finetune\one_leg_med\ft_ppo_diffusion_mlp.yaml,file,created/downloaded,3333,3.25 KiB,716287b1882e736e2e1956a4d2a0abb9f3f40a37255644dbdcaf5ddf8ed43ec0,
D:\Desktop\my_project\paper_reproduction\DPPO\source\dppo_v0.6\cfg\furniture\finetune\one_leg_med\ft_ppo_diffusion_unet.yaml,file,created/downloaded,3298,3.22 KiB,39f8f4247c4fcd06b3b9a92a52e4012a0003d589bd93d269a80ef0d1c5300f3d,
D:\Desktop\my_project\paper_reproduction\DPPO\source\dppo_v0.6\cfg\furniture\finetune\one_leg_med\ft_ppo_gaussian_mlp.yaml,file,created/downloaded,2761,2.70 KiB,494a9793c4be45c194baeb3da67b221efe1f0d3dbd8a544cbde8f653ac9b4225,
D:\Desktop\my_project\paper_reproduction\DPPO\source\dppo_v0.6\cfg\furniture\finetune\round_table_low\ft_ppo_diffusion_mlp.yaml,file,created/downloaded,3346,3.27 KiB,ee0c6619ca55a0e5dfcde86c4462c5ac767f3f7ce76bbe5dbbdd4cfb56056a90,
D:\Desktop\my_project\paper_reproduction\DPPO\source\dppo_v0.6\cfg\furniture\finetune\round_table_low\ft_ppo_diffusion_unet.yaml,file,created/downloaded,3311,3.23 KiB,a41a17b4b895f836ad8113c24431bdffa8636461f1430225d7d2a80569b7abf9,
D:\Desktop\my_project\paper_reproduction\DPPO\source\dppo_v0.6\cfg\furniture\finetune\round_table_low\ft_ppo_gaussian_mlp.yaml,file,created/downloaded,2774,2.71 KiB,cbb99720efbd2ef5432bd2e69398a9c111a4169d3a3a7d961c8b6c0a569a8932,
D:\Desktop\my_project\paper_reproduction\DPPO\source\dppo_v0.6\cfg\furniture\finetune\round_table_med\ft_ppo_diffusion_mlp.yaml,file,created/downloaded,3346,3.27 KiB,e121cf73c418e9c33ffeff51f75296fdc693bb9ba7ff0d50fb51b3961a924f9e,
D:\Desktop\my_project\paper_reproduction\DPPO\source\dppo_v0.6\cfg\furniture\finetune\round_table_med\ft_ppo_diffusion_unet.yaml,file,created/downloaded,3286,3.21 KiB,bf8f795401bfafc5e22d272c8cd5783773fa3b874977d0b14a21265707ac7178,
D:\Desktop\my_project\paper_reproduction\DPPO\source\dppo_v0.6\cfg\furniture\finetune\round_table_med\ft_ppo_gaussian_mlp.yaml,file,created/downloaded,2774,2.71 KiB,249ec8983b67cbb4a5018b27b1c2ae74efcf9b615638b5c4e280c6a45827e289,
D:\Desktop\my_project\paper_reproduction\DPPO\source\dppo_v0.6\cfg\furniture\pretrain\lamp_low\pre_diffusion_mlp.yaml,file,created/downloaded,1804,1.76 KiB,cf416111230f3c19367cd01872222c3ba78b6641d7ad91deda2554d6279af82f,
D:\Desktop\my_project\paper_reproduction\DPPO\source\dppo_v0.6\cfg\furniture\pretrain\lamp_low\pre_diffusion_unet.yaml,file,created/downloaded,1782,1.74 KiB,0a59d587cd8849cf663620be3cbe53a9d1d64d7d2b50c17c86af0ceb8bb79615,
D:\Desktop\my_project\paper_reproduction\DPPO\source\dppo_v0.6\cfg\furniture\pretrain\lamp_low\pre_gaussian_mlp.yaml,file,created/downloaded,1647,1.61 KiB,3a8ebc3fddd65d8c457ed1a4b7d4dbfb72b1c4c325437b3b59c8646542468066,
D:\Desktop\my_project\paper_reproduction\DPPO\source\dppo_v0.6\cfg\furniture\pretrain\lamp_med\pre_diffusion_mlp.yaml,file,created/downloaded,1804,1.76 KiB,d46db976fa11704298aa698ccea61250925e26f4f1a40de092a0efff073ca0ae,
D:\Desktop\my_project\paper_reproduction\DPPO\source\dppo_v0.6\cfg\furniture\pretrain\lamp_med\pre_diffusion_unet.yaml,file,created/downloaded,1741,1.70 KiB,cf1dc4d5d023a2a9b2e883674537d1f7d8843a7533cec12a68f7095c4c1cff47,
D:\Desktop\my_project\paper_reproduction\DPPO\source\dppo_v0.6\cfg\furniture\pretrain\lamp_med\pre_gaussian_mlp.yaml,file,created/downloaded,1647,1.61 KiB,e0e81985239091c76982b8143b0556e885ef93366e261ed911bf45f6896d3ac0,
D:\Desktop\my_project\paper_reproduction\DPPO\source\dppo_v0.6\cfg\furniture\pretrain\one_leg_low\pre_diffusion_mlp.yaml,file,created/downloaded,1807,1.76 KiB,a6b20880b8ca6fca9a506adeeff1500aa4c97bb10a7ebfa75ea6723a89ec620c,
D:\Desktop\my_project\paper_reproduction\DPPO\source\dppo_v0.6\cfg\furniture\pretrain\one_leg_low\pre_diffusion_unet.yaml,file,created/downloaded,1785,1.74 KiB,9530c5d94c6575663d3830aa4a074f5988337e12fc9a8a49b921a91f63b88912,
D:\Desktop\my_project\paper_reproduction\DPPO\source\dppo_v0.6\cfg\furniture\pretrain\one_leg_low\pre_gaussian_mlp.yaml,file,created/downloaded,1650,1.61 KiB,2d647597da5717f552fdb83892d13a3f00351eaa78f9e924b41c47019c35c175,
D:\Desktop\my_project\paper_reproduction\DPPO\source\dppo_v0.6\cfg\furniture\pretrain\one_leg_med\pre_diffusion_mlp.yaml,file,created/downloaded,1807,1.76 KiB,41b9e00ee36c04109dd7788eacc2d7d34588d6ab7a71439b271fcf796091ede7,
D:\Desktop\my_project\paper_reproduction\DPPO\source\dppo_v0.6\cfg\furniture\pretrain\one_leg_med\pre_diffusion_unet.yaml,file,created/downloaded,1744,1.70 KiB,162a42e7ead3a74201726a8de8d5de5883a0e82075123eb09d73b9d656950fc7,
D:\Desktop\my_project\paper_reproduction\DPPO\source\dppo_v0.6\cfg\furniture\pretrain\one_leg_med\pre_gaussian_mlp.yaml,file,created/downloaded,1651,1.61 KiB,000e91d446937c3cccc4a2abb53d110632a7f2edec3ac85da79abae4725becaa,
D:\Desktop\my_project\paper_reproduction\DPPO\source\dppo_v0.6\cfg\furniture\pretrain\round_table_low\pre_diffusion_mlp.yaml,file,created/downloaded,1811,1.77 KiB,11769572ae891cbe0fe32df902d68558a34d9f09277cadc6199b0914323aa946,
D:\Desktop\my_project\paper_reproduction\DPPO\source\dppo_v0.6\cfg\furniture\pretrain\round_table_low\pre_diffusion_unet.yaml,file,created/downloaded,1748,1.71 KiB,ef188c66e86df667041a32e5eef3dd6e60dc65b1b019e97343e3b03cd9be3b68,
D:\Desktop\my_project\paper_reproduction\DPPO\source\dppo_v0.6\cfg\furniture\pretrain\round_table_low\pre_gaussian_mlp.yaml,file,created/downloaded,1654,1.62 KiB,0398d2b6232d414797567aedad67a82e11778b16dba28d06634801e83558dd87,
D:\Desktop\my_project\paper_reproduction\DPPO\source\dppo_v0.6\cfg\furniture\pretrain\round_table_med\pre_diffusion_mlp.yaml,file,created/downloaded,1811,1.77 KiB,765592ab9a65ea3e7328815f327defdbb209ef85a255b43e98a050f1c23a9315,
D:\Desktop\my_project\paper_reproduction\DPPO\source\dppo_v0.6\cfg\furniture\pretrain\round_table_med\pre_diffusion_unet.yaml,file,created/downloaded,1748,1.71 KiB,9b2e85e2b669f1dd4390f1783b19497cccffb2f8c625fdcd4a54909ef36850ed,
D:\Desktop\my_project\paper_reproduction\DPPO\source\dppo_v0.6\cfg\furniture\pretrain\round_table_med\pre_gaussian_mlp.yaml,file,created/downloaded,1654,1.62 KiB,9668cba9fa2c4e404937a377323ce00019afcae6de735c349dc7523d5b8e4040,
D:\Desktop\my_project\paper_reproduction\DPPO\source\dppo_v0.6\cfg\gym\eval\halfcheetah-v2\eval_diffusion_mlp.yaml,file,created/downloaded,1946,1.90 KiB,7ee670a1554455ab207bf2b5b3849570ad5b668f25897d517cc061edc90a19fa,
D:\Desktop\my_project\paper_reproduction\DPPO\source\dppo_v0.6\cfg\gym\eval\halfcheetah-v2\eval_gaussian_mlp.yaml,file,created/downloaded,1574,1.54 KiB,08f921486a3a8dee0789c5044150f1a1f53d0464b3517f5a26df38119d6faedf,
D:\Desktop\my_project\paper_reproduction\DPPO\source\dppo_v0.6\cfg\gym\eval\hopper-v2\eval_diffusion_mlp.yaml,file,created/downloaded,1940,1.89 KiB,3af43f2f38fe087c9b70fa8e0fb29cd1c2e98c6f89b1136af0c3c297ac55b618,
D:\Desktop\my_project\paper_reproduction\DPPO\source\dppo_v0.6\cfg\gym\eval\hopper-v2\eval_gaussian_mlp.yaml,file,created/downloaded,1694,1.65 KiB,aed67fcd670d74145d37b4d6c62489e24761fa8ea7b29430244ef89d49f09e8d,
D:\Desktop\my_project\paper_reproduction\DPPO\source\dppo_v0.6\cfg\gym\eval\kitchen-v0\eval_diffusion_mlp.yaml,file,created/downloaded,1592,1.55 KiB,7e08891bb522ebd61e1bf9a9fe8fadd4741f088f358511ed1269f04265ed1bba,
D:\Desktop\my_project\paper_reproduction\DPPO\source\dppo_v0.6\cfg\gym\finetune\halfcheetah-v2\calql_mlp_online.yaml,file,created/downloaded,3151,3.08 KiB,eee24b00b3cf1ae7f43dea87500f0bf875384b6688363159b75d7bb7523961c2,
D:\Desktop\my_project\paper_reproduction\DPPO\source\dppo_v0.6\cfg\gym\finetune\halfcheetah-v2\ft_awr_diffusion_mlp.yaml,file,created/downloaded,2649,2.59 KiB,777e507c07e106502ca52d1cee21a204e8df65cd545c26c638cfbb000feeae5c,
D:\Desktop\my_project\paper_reproduction\DPPO\source\dppo_v0.6\cfg\gym\finetune\halfcheetah-v2\ft_dipo_diffusion_mlp.yaml,file,created/downloaded,2739,2.67 KiB,30db9f4d6cd711f7e5d4af4eb2d428cf12c1db889c7dbd199ce1e10ec1ba2e4d,
D:\Desktop\my_project\paper_reproduction\DPPO\source\dppo_v0.6\cfg\gym\finetune\halfcheetah-v2\ft_dql_diffusion_mlp.yaml,file,created/downloaded,2695,2.63 KiB,4597884d183ef4718beb744796797676a3edfc32444bb1bdb9e82c5ef7572a8c,
D:\Desktop\my_project\paper_reproduction\DPPO\source\dppo_v0.6\cfg\gym\finetune\halfcheetah-v2\ft_idql_diffusion_mlp.yaml,file,created/downloaded,3051,2.98 KiB,94bec108db6877be89907160c2d519043c0d782860b274c99c7cf27e0e7f23da,
D:\Desktop\my_project\paper_reproduction\DPPO\source\dppo_v0.6\cfg\gym\finetune\halfcheetah-v2\ft_ppo_diffusion_mlp.yaml,file,created/downloaded,2925,2.86 KiB,b788806d6ad5c7c12e16f53eb706985d05e2d05ecf3dc2ceaae3a124ea2ccb57,
D:\Desktop\my_project\paper_reproduction\DPPO\source\dppo_v0.6\cfg\gym\finetune\halfcheetah-v2\ft_ppo_diffusion_mlp_ta1.yaml,file,created/downloaded,2928,2.86 KiB,cd592ec9867d9483a758c118389c2b527e210d505b93770bd049d9bca7e2be7c,
D:\Desktop\my_project\paper_reproduction\DPPO\source\dppo_v0.6\cfg\gym\finetune\halfcheetah-v2\ft_ppo_exact_diffusion_mlp.yaml,file,created/downloaded,3075,3.00 KiB,8ea06206517a20d6fa6c9cf707457f2a13baedc5d562daf3b26b69d27fba9d50,
D:\Desktop\my_project\paper_reproduction\DPPO\source\dppo_v0.6\cfg\gym\finetune\halfcheetah-v2\ft_qsm_diffusion_mlp.yaml,file,created/downloaded,2696,2.63 KiB,2b78ef564803cfbdce7a6283b0b9cbe8a717828a02a5f2421d94de1738d6386c,
D:\Desktop\my_project\paper_reproduction\DPPO\source\dppo_v0.6\cfg\gym\finetune\halfcheetah-v2\ft_rwr_diffusion_mlp.yaml,file,created/downloaded,2230,2.18 KiB,fe8d5cabe7f95f8a66702374f39d07c84c614221d07a9811b394a0d06019beb9,
D:\Desktop\my_project\paper_reproduction\DPPO\source\dppo_v0.6\cfg\gym\finetune\halfcheetah-v2\ibrl_mlp.yaml,file,created/downloaded,2894,2.83 KiB,ae7567eff6cb3a77737d442ee2d66b270b73e0f221f656bd8e68e9e55a2463be,
D:\Desktop\my_project\paper_reproduction\DPPO\source\dppo_v0.6\cfg\gym\finetune\hopper-v2\ft_awr_diffusion_mlp.yaml,file,created/downloaded,2639,2.58 KiB,1b94676931aac98cb078508c5604ca08a07ee6c11e2febec2abf94e01b24fe42,
D:\Desktop\my_project\paper_reproduction\DPPO\source\dppo_v0.6\cfg\gym\finetune\hopper-v2\ft_dipo_diffusion_mlp.yaml,file,created/downloaded,2729,2.67 KiB,be5ac916dbe76819a8359b5dbb03c98f2339f1641df93fdc396f21ea7c4e4e18,
D:\Desktop\my_project\paper_reproduction\DPPO\source\dppo_v0.6\cfg\gym\finetune\hopper-v2\ft_dql_diffusion_mlp.yaml,file,created/downloaded,2685,2.62 KiB,f2106fa8134b1934654ba2b89f22c46d96878b7bf1a67cdd53e757871f6ea895,
D:\Desktop\my_project\paper_reproduction\DPPO\source\dppo_v0.6\cfg\gym\finetune\hopper-v2\ft_idql_diffusion_mlp.yaml,file,created/downloaded,3041,2.97 KiB,6a61e03107332444d82b8dc665a8356e5598b8a31a7e6fc476306e828fcfb312,
D:\Desktop\my_project\paper_reproduction\DPPO\source\dppo_v0.6\cfg\gym\finetune\hopper-v2\ft_ppo_diffusion_mlp.yaml,file,created/downloaded,2915,2.85 KiB,794b69f5ee4bc8ca4b7f018eb24acaffbc11e437973fdedf150c37fafcb84f17,
D:\Desktop\my_project\paper_reproduction\DPPO\source\dppo_v0.6\cfg\gym\finetune\hopper-v2\ft_ppo_exact_diffusion_mlp.yaml,file,created/downloaded,3038,2.97 KiB,e3ce8078bf8ab334389748499e62389aabcb339f008f83803cf4f96d1ceb6c0e,
D:\Desktop\my_project\paper_reproduction\DPPO\source\dppo_v0.6\cfg\gym\finetune\hopper-v2\ft_qsm_diffusion_mlp.yaml,file,created/downloaded,2686,2.62 KiB,d50e981157a8080c49eff16bce81cea6f89d856bf0f21f433ba85b4677c91b90,
D:\Desktop\my_project\paper_reproduction\DPPO\source\dppo_v0.6\cfg\gym\finetune\hopper-v2\ft_rwr_diffusion_mlp.yaml,file,created/downloaded,2220,2.17 KiB,a4e033a6fc8a3c554698adb56a50ec15867fe87063bb5b10ed759b7660a6ae46,
D:\Desktop\my_project\paper_reproduction\DPPO\source\dppo_v0.6\cfg\gym\finetune\kitchen-complete-v0\calql_mlp_online.yaml,file,created/downloaded,3135,3.06 KiB,dcf95a349439010b1e4d9fcef6c45f8f3cb03e37dadba5c3225e845a769b755f,
D:\Desktop\my_project\paper_reproduction\DPPO\source\dppo_v0.6\cfg\gym\finetune\kitchen-complete-v0\ft_ppo_diffusion_mlp.yaml,file,created/downloaded,2881,2.81 KiB,9dd22fa354504ccc18a2ec56352018c028df5b132ecfd47e5bceeea5864d2f6d,
D:\Desktop\my_project\paper_reproduction\DPPO\source\dppo_v0.6\cfg\gym\finetune\kitchen-complete-v0\ibrl_mlp.yaml,file,created/downloaded,2891,2.82 KiB,a041f35fc433af715603154af8cee738ca58ad798ecbb80726a39ec0cbfe9686,
D:\Desktop\my_project\paper_reproduction\DPPO\source\dppo_v0.6\cfg\gym\finetune\kitchen-mixed-v0\calql_mlp_online.yaml,file,created/downloaded,3129,3.06 KiB,89c92061ae2b79553a45317fc574f63d7683b82dcea698c3774433bdad4c9517,
D:\Desktop\my_project\paper_reproduction\DPPO\source\dppo_v0.6\cfg\gym\finetune\kitchen-mixed-v0\ft_ppo_diffusion_mlp.yaml,file,created/downloaded,2875,2.81 KiB,272d241225be80147f0fc1be9f8c41879ae811a05f431350ae4b5f3a329c6aed,
D:\Desktop\my_project\paper_reproduction\DPPO\source\dppo_v0.6\cfg\gym\finetune\kitchen-mixed-v0\ibrl_mlp.yaml,file,created/downloaded,2872,2.80 KiB,50605480d134b22f1d9cd0509234ab4834a4539ce5b941a1b3fb342bd587c991,
D:\Desktop\my_project\paper_reproduction\DPPO\source\dppo_v0.6\cfg\gym\finetune\kitchen-partial-v0\calql_mlp_online.yaml,file,created/downloaded,3133,3.06 KiB,77c0be8bc6a66d5cd4aed6a50340fec4736112b7a79d3abf470d86dda1b8faaa,
D:\Desktop\my_project\paper_reproduction\DPPO\source\dppo_v0.6\cfg\gym\finetune\kitchen-partial-v0\ft_ppo_diffusion_mlp.yaml,file,created/downloaded,2879,2.81 KiB,7f00ddb5f49abbf4dc5cae315d8bcdbb3202cafabbf76bfca2502267b2b27522,
D:\Desktop\my_project\paper_reproduction\DPPO\source\dppo_v0.6\cfg\gym\finetune\kitchen-partial-v0\ibrl_mlp.yaml,file,created/downloaded,2876,2.81 KiB,182276a92103092f4d42891a33f7e5ee4ad4eab94162cc3e7589e2fda119bb03,
D:\Desktop\my_project\paper_reproduction\DPPO\source\dppo_v0.6\cfg\gym\finetune\walker2d-v2\ft_awr_diffusion_mlp.yaml,file,created/downloaded,2643,2.58 KiB,35af32ed3f576a853ea3f37a6514f4726c353788c3ccdd299881b8e8fcf28932,
D:\Desktop\my_project\paper_reproduction\DPPO\source\dppo_v0.6\cfg\gym\finetune\walker2d-v2\ft_dipo_diffusion_mlp.yaml,file,created/downloaded,2733,2.67 KiB,4a9cc1bf47c0567b74d98f05dc1d5dfed12af42ca569437422f45c404223e1bd,
D:\Desktop\my_project\paper_reproduction\DPPO\source\dppo_v0.6\cfg\gym\finetune\walker2d-v2\ft_dql_diffusion_mlp.yaml,file,created/downloaded,2689,2.63 KiB,29b2ea0db044790083b2433d9f957effce9f8b6f57cc64d304d46f72b13ac2ea,
D:\Desktop\my_project\paper_reproduction\DPPO\source\dppo_v0.6\cfg\gym\finetune\walker2d-v2\ft_idql_diffusion_mlp.yaml,file,created/downloaded,3045,2.97 KiB,4555d0f9ed9a52e8c41f186bf9b3f37068a8ae54e2757fce228d853d9c218ad3,
D:\Desktop\my_project\paper_reproduction\DPPO\source\dppo_v0.6\cfg\gym\finetune\walker2d-v2\ft_ppo_diffusion_mlp.yaml,file,created/downloaded,2919,2.85 KiB,3b6416bbec6bdeb9a30f1144541d9f372b238a0820b0abfac0e77febeca6a934,
D:\Desktop\my_project\paper_reproduction\DPPO\source\dppo_v0.6\cfg\gym\finetune\walker2d-v2\ft_qsm_diffusion_mlp.yaml,file,created/downloaded,2690,2.63 KiB,ee50515ff83faf4a22e951a3be799d3db6b01e15edb96d31bce75bc28a5ec874,
D:\Desktop\my_project\paper_reproduction\DPPO\source\dppo_v0.6\cfg\gym\finetune\walker2d-v2\ft_rwr_diffusion_mlp.yaml,file,created/downloaded,2224,2.17 KiB,efb0fd02af24ba3b3b8d5189ce01b7aa9cedb3c26f07b930f8b3b057ef5d186a,
D:\Desktop\my_project\paper_reproduction\DPPO\source\dppo_v0.6\cfg\gym\pretrain\halfcheetah-medium-v2\calql_mlp_offline.yaml,file,created/downloaded,2926,2.86 KiB,6a933961755021ea77f8bf0390446ada9423dccb15e7474f33e7fb2a034482bb,
D:\Desktop\my_project\paper_reproduction\DPPO\source\dppo_v0.6\cfg\gym\pretrain\halfcheetah-medium-v2\pre_diffusion_mlp.yaml,file,created/downloaded,1698,1.66 KiB,d5d21569cbb99094bb36d330c443e189c1a2ae59ca715a0657308abd61416752,
D:\Desktop\my_project\paper_reproduction\DPPO\source\dppo_v0.6\cfg\gym\pretrain\halfcheetah-medium-v2\pre_gaussian_mlp.yaml,file,created/downloaded,1414,1.38 KiB,4acc2c42337b7214a7d8f271d4279e93d1abc78c969675c799202dc17810953c,
D:\Desktop\my_project\paper_reproduction\DPPO\source\dppo_v0.6\cfg\gym\pretrain\hopper-medium-v2\pre_diffusion_mlp.yaml,file,created/downloaded,1693,1.65 KiB,cf07755c9dab9b417fb562607e82a220d8fb1f3b4bcae4c670f4199fca1d9e7b,
D:\Desktop\my_project\paper_reproduction\DPPO\source\dppo_v0.6\cfg\gym\pretrain\hopper-medium-v2\pre_gaussian_mlp.yaml,file,created/downloaded,1409,1.38 KiB,05cca6d9f418b13d1abc4fea7e9848149100b37a13ce5bdf56d6aa2173a8e46b,
D:\Desktop\my_project\paper_reproduction\DPPO\source\dppo_v0.6\cfg\gym\pretrain\kitchen-complete-v0\calql_mlp_offline.yaml,file,created/downloaded,2936,2.87 KiB,2585f2a0e0343fe56ca231bcb58c2b574866261c1bd2c1af2411799c4caf915a,
D:\Desktop\my_project\paper_reproduction\DPPO\source\dppo_v0.6\cfg\gym\pretrain\kitchen-complete-v0\pre_diffusion_mlp.yaml,file,created/downloaded,1639,1.60 KiB,d5f4b57c30b1905a1947467b158d81487530f8e07312a2dd1554bee759e08c60,
D:\Desktop\my_project\paper_reproduction\DPPO\source\dppo_v0.6\cfg\gym\pretrain\kitchen-complete-v0\pre_gaussian_mlp.yaml,file,created/downloaded,1435,1.40 KiB,609f924b4e7695949643f5d135479f7d90c3330f8f0759e7305e7114b270aa99,
D:\Desktop\my_project\paper_reproduction\DPPO\source\dppo_v0.6\cfg\gym\pretrain\kitchen-mixed-v0\calql_mlp_offline.yaml,file,created/downloaded,2932,2.86 KiB,d48602e5366c2590c0e34ce996a813c692ab44f264de3a0e4bef3994e7d48c58,
D:\Desktop\my_project\paper_reproduction\DPPO\source\dppo_v0.6\cfg\gym\pretrain\kitchen-mixed-v0\pre_diffusion_mlp.yaml,file,created/downloaded,1636,1.60 KiB,a11759fec99dd711b1077a6d904c2f41ca52226cda7b59dcafeb695fd39014f4,
D:\Desktop\my_project\paper_reproduction\DPPO\source\dppo_v0.6\cfg\gym\pretrain\kitchen-mixed-v0\pre_gaussian_mlp.yaml,file,created/downloaded,1411,1.38 KiB,b7b444ee3da0ab36cd20b7be775405d02967200e907db0ed1402b6893dec664b,
D:\Desktop\my_project\paper_reproduction\DPPO\source\dppo_v0.6\cfg\gym\pretrain\kitchen-partial-v0\calql_mlp_offline.yaml,file,created/downloaded,2934,2.87 KiB,0e669926907ca9762279e788b9da6d0020ee83040500c8cbe3a14617050dd53a,
D:\Desktop\my_project\paper_reproduction\DPPO\source\dppo_v0.6\cfg\gym\pretrain\kitchen-partial-v0\pre_diffusion_mlp.yaml,file,created/downloaded,1638,1.60 KiB,8e01d125ccda03a462d15e9f84ca78b137dd3ee24c42daa6e6902011d8d87ac0,
D:\Desktop\my_project\paper_reproduction\DPPO\source\dppo_v0.6\cfg\gym\pretrain\kitchen-partial-v0\pre_gaussian_mlp.yaml,file,created/downloaded,1413,1.38 KiB,c0ac0d015a991a484d6197e30afe679bad12f4fcd89c8fdfbe3e41a3f8495876,
D:\Desktop\my_project\paper_reproduction\DPPO\source\dppo_v0.6\cfg\gym\pretrain\walker2d-medium-v2\pre_diffusion_mlp.yaml,file,created/downloaded,1695,1.66 KiB,007e7ff0a17db78831b3de6afc22cf8a21e2296009837562753f213e1ae0d07a,
D:\Desktop\my_project\paper_reproduction\DPPO\source\dppo_v0.6\cfg\gym\pretrain\walker2d-medium-v2\pre_gaussian_mlp.yaml,file,created/downloaded,1423,1.39 KiB,237e63f1775643d856f11a18944820b2c8ed168ea89fd71836e59f9bd6e1775f,
D:\Desktop\my_project\paper_reproduction\DPPO\source\dppo_v0.6\cfg\gym\scratch\halfcheetah-v2\ppo_diffusion_mlp.yaml,file,created/downloaded,2677,2.61 KiB,7991da6fcd00b43d2f46949979646196be943e195e2512885ee14363cbc8931d,
D:\Desktop\my_project\paper_reproduction\DPPO\source\dppo_v0.6\cfg\gym\scratch\halfcheetah-v2\ppo_gaussian_mlp.yaml,file,created/downloaded,2298,2.24 KiB,d7c31bfb5ba091a6b7c1086b2b1f2edb70ef35dd422c56c75fec0786523370e8,
D:\Desktop\my_project\paper_reproduction\DPPO\source\dppo_v0.6\cfg\gym\scratch\halfcheetah-v2\rlpd_mlp.yaml,file,created/downloaded,2876,2.81 KiB,f5a9a5e52210582140ae45d490ffc9f9194978c6b7cc52e610036401ca56e3b6,
D:\Desktop\my_project\paper_reproduction\DPPO\source\dppo_v0.6\cfg\gym\scratch\halfcheetah-v2\sac_mlp.yaml,file,created/downloaded,2336,2.28 KiB,38a6f0fa87d4bccb4e1d548a17527251f06636b9eda3eb9bbdecdee90338c391,
D:\Desktop\my_project\paper_reproduction\DPPO\source\dppo_v0.6\cfg\gym\scratch\hopper-v2\awr_diffusion_mlp.yaml,file,created/downloaded,2471,2.41 KiB,1ebb7266048cc9edc5a60e5febc253c892dc1e518e544479b9c43c012b181779,
D:\Desktop\my_project\paper_reproduction\DPPO\source\dppo_v0.6\cfg\gym\scratch\hopper-v2\dipo_diffusion_mlp.yaml,file,created/downloaded,2548,2.49 KiB,081831a4147e4519969ea33e94b02b965f9d0af8c489c069074729bcfd90057b,
D:\Desktop\my_project\paper_reproduction\DPPO\source\dppo_v0.6\cfg\gym\scratch\hopper-v2\dql_diffusion_mlp.yaml,file,created/downloaded,2504,2.45 KiB,59f1838bc3c4a38e33083a80860d3afccb1b36fc91035a5851108011ddd033eb,
D:\Desktop\my_project\paper_reproduction\DPPO\source\dppo_v0.6\cfg\gym\scratch\hopper-v2\idql_diffusion_mlp.yaml,file,created/downloaded,2860,2.79 KiB,3c8ff1a2a6ce99c4283d5471176742c818898d9aa2d7f401669a18fd74c346af,
D:\Desktop\my_project\paper_reproduction\DPPO\source\dppo_v0.6\cfg\gym\scratch\hopper-v2\ppo_diffusion_mlp.yaml,file,created/downloaded,2669,2.61 KiB,cf41f91d9a6a2a3ee258a161f93fe111818709cafb3e9524bfcd2ce3b12431f0,
D:\Desktop\my_project\paper_reproduction\DPPO\source\dppo_v0.6\cfg\gym\scratch\hopper-v2\ppo_gaussian_mlp.yaml,file,created/downloaded,2293,2.24 KiB,8ba8f64fe28ca8bf6ec5d2f052ca5aba5043153444966fec9b47550923a43034,
D:\Desktop\my_project\paper_reproduction\DPPO\source\dppo_v0.6\cfg\gym\scratch\hopper-v2\qsm_diffusion_mlp.yaml,file,created/downloaded,2517,2.46 KiB,37797667d604ee3212463a195e8b0b040929b6d1dab6b0da91d3344e77b104c3,
D:\Desktop\my_project\paper_reproduction\DPPO\source\dppo_v0.6\cfg\gym\scratch\hopper-v2\rwr_diffusion_mlp.yaml,file,created/downloaded,2039,1.99 KiB,b30c7ef059160a178a795cfa0da4fb6845d22523d66baeac0a53f038d7b36ecf,
D:\Desktop\my_project\paper_reproduction\DPPO\source\dppo_v0.6\cfg\gym\scratch\kitchen-complete-v0\rlpd_mlp.yaml,file,created/downloaded,2878,2.81 KiB,5e9ee7704636b89b25fde1fbcd93fc495bd0097acf17071c22431996e46ba5c0,
D:\Desktop\my_project\paper_reproduction\DPPO\source\dppo_v0.6\cfg\gym\scratch\kitchen-mixed-v0\rlpd_mlp.yaml,file,created/downloaded,2875,2.81 KiB,bc9473837a8a76b17e19554dbeed6552c0bccd3c7623922b6a946cc3733936cf,
D:\Desktop\my_project\paper_reproduction\DPPO\source\dppo_v0.6\cfg\gym\scratch\kitchen-partial-v0\rlpd_mlp.yaml,file,created/downloaded,2877,2.81 KiB,c33f10c94508efb47ba904392578ced61afe7161bd31684e13c460c15072da1a,
D:\Desktop\my_project\paper_reproduction\DPPO\source\dppo_v0.6\cfg\gym\scratch\walker2d-v2\ppo_diffusion_mlp.yaml,file,created/downloaded,2674,2.61 KiB,e55ea44b77c990c9947fc18487392f0e870e75bd69ee0b38b64032b67fd61e52,
D:\Desktop\my_project\paper_reproduction\DPPO\source\dppo_v0.6\cfg\gym\scratch\walker2d-v2\ppo_gaussian_mlp.yaml,file,created/downloaded,2295,2.24 KiB,5f5d7f70705f5410d9f25f6c2c0f620be77abfc4ff54f9f898262dc77414629e,
D:\Desktop\my_project\paper_reproduction\DPPO\source\dppo_v0.6\cfg\pretraining.md,file,created/downloaded,1430,1.40 KiB,ddb3afdfe4f1c63271c538eca4d6beefb8f9e08e41caed6b3f86b51b02589944,
D:\Desktop\my_project\paper_reproduction\DPPO\source\dppo_v0.6\cfg\robomimic\env_meta\can-img.json,file,created/downloaded,830,830.00 B,e46aa96f04cd82746c635c1a1ca9b65cf5a114b9a6ebfbe078dc8d33978e466a,
D:\Desktop\my_project\paper_reproduction\DPPO\source\dppo_v0.6\cfg\robomimic\env_meta\can.json,file,created/downloaded,765,765.00 B,da8058e25fd56ee1268f4d0eb2d1b78cf51057ebb0f1891f51a602d3f2dfd489,
D:\Desktop\my_project\paper_reproduction\DPPO\source\dppo_v0.6\cfg\robomimic\env_meta\lift-img.json,file,created/downloaded,822,822.00 B,e1f7d47ebef17107ef6ae8b786d0dcd3de731e360f106cd6fc83748e5c07db92,
D:\Desktop\my_project\paper_reproduction\DPPO\source\dppo_v0.6\cfg\robomimic\env_meta\lift.json,file,created/downloaded,757,757.00 B,292a923531fbb84a25893360350bab14ca02a328e40a258b4d4b59b913a845c7,
D:\Desktop\my_project\paper_reproduction\DPPO\source\dppo_v0.6\cfg\robomimic\env_meta\square-img.json,file,created/downloaded,826,826.00 B,e6b68b654ceca7946bad6eeb50325965037b81c6c8295ec95ae0e470d1de1d92,
D:\Desktop\my_project\paper_reproduction\DPPO\source\dppo_v0.6\cfg\robomimic\env_meta\square.json,file,created/downloaded,770,770.00 B,cbcccf0f4cfbd9fa805eb0c9252e99820a3f21682546289442211a6828ecfa86,
D:\Desktop\my_project\paper_reproduction\DPPO\source\dppo_v0.6\cfg\robomimic\env_meta\transport-img.json,file,created/downloaded,901,901.00 B,933d42e26598a7b6525b8341a5d2a24efe98dfabb0f00a574b571226e84fa292,
D:\Desktop\my_project\paper_reproduction\DPPO\source\dppo_v0.6\cfg\robomimic\env_meta\transport.json,file,created/downloaded,820,820.00 B,95eb819cf872a7f63f33520efb1d6306de1e2c1ffeaf9b5baad02ab9c85405a2,
D:\Desktop\my_project\paper_reproduction\DPPO\source\dppo_v0.6\cfg\robomimic\eval\can\eval_diffusion_mlp.yaml,file,created/downloaded,1866,1.82 KiB,9e23ae176075a22af97ada2347fb658edd792b687078fb8e20fe98176dc19f99,
D:\Desktop\my_project\paper_reproduction\DPPO\source\dppo_v0.6\cfg\robomimic\eval\can\eval_diffusion_mlp_img.yaml,file,created/downloaded,2794,2.73 KiB,9d9e273d65260f2aa280e6f31005b39bb37d28468ca370b6761bc98f83add9aa,
D:\Desktop\my_project\paper_reproduction\DPPO\source\dppo_v0.6\cfg\robomimic\eval\can\eval_gaussian_mlp.yaml,file,created/downloaded,1786,1.74 KiB,1430a8023e1a0996d3ecba8265d5dee68b98cd42d886d48cf9f888cbf5cb5d6f,
D:\Desktop\my_project\paper_reproduction\DPPO\source\dppo_v0.6\cfg\robomimic\eval\can\eval_gaussian_mlp_img.yaml,file,created/downloaded,2466,2.41 KiB,344b15cc7a972ce1d7504f9160d9d7f6eeeb2ef28d54004f953200cb36e9edd9,
D:\Desktop\my_project\paper_reproduction\DPPO\source\dppo_v0.6\cfg\robomimic\eval\square\eval_diffusion_mlp.yaml,file,created/downloaded,1902,1.86 KiB,da640a71f7506bfdafccf44d2ba1c50e663bffa77ff145d98c56a83b45cb44c3,
D:\Desktop\my_project\paper_reproduction\DPPO\source\dppo_v0.6\cfg\robomimic\eval\square\eval_gaussian_mlp.yaml,file,created/downloaded,1677,1.64 KiB,fa9cebe8d60bc14208d7946754c80fa20167ea2348c62b328d9df5f483e2fb2b,
D:\Desktop\my_project\paper_reproduction\DPPO\source\dppo_v0.6\cfg\robomimic\finetune\can\calql_mlp_online.yaml,file,created/downloaded,3407,3.33 KiB,da590ac9097908d086087332fd479c63cb645b39045615965072d45d70851e2a,
D:\Desktop\my_project\paper_reproduction\DPPO\source\dppo_v0.6\cfg\robomimic\finetune\can\calql_mlp_online_ph.yaml,file,created/downloaded,3411,3.33 KiB,a93c0b2e34a3496ca78e4bb055bf63b56df6b4e1b3f3fd4ff35a59e52dc6cd88,
D:\Desktop\my_project\paper_reproduction\DPPO\source\dppo_v0.6\cfg\robomimic\finetune\can\ft_awr_diffusion_mlp.yaml,file,created/downloaded,2835,2.77 KiB,12bc934539a4b8e2b40bbd98019d6b665027915c61e5a9a2cc1e53da15b0a201,
D:\Desktop\my_project\paper_reproduction\DPPO\source\dppo_v0.6\cfg\robomimic\finetune\can\ft_dipo_diffusion_mlp.yaml,file,created/downloaded,2922,2.85 KiB,10b80e786f73c730298f188abd183232effc818cb3d147b3711db8fb4b1b218b,
D:\Desktop\my_project\paper_reproduction\DPPO\source\dppo_v0.6\cfg\robomimic\finetune\can\ft_dql_diffusion_mlp.yaml,file,created/downloaded,2880,2.81 KiB,ecc20ca5adab0f8ab1c44580f77d75a7895da9b37b1e4b188edf1bde086dcf67,
D:\Desktop\my_project\paper_reproduction\DPPO\source\dppo_v0.6\cfg\robomimic\finetune\can\ft_idql_diffusion_mlp.yaml,file,created/downloaded,3235,3.16 KiB,27f74d8915d353f244c6ea6f7369f2c2fca46fcb092e584173f0861819ae87fb,
D:\Desktop\my_project\paper_reproduction\DPPO\source\dppo_v0.6\cfg\robomimic\finetune\can\ft_ppo_diffusion_mlp.yaml,file,created/downloaded,3120,3.05 KiB,8d6b4006a602b78d68c868dd980a563f79f188ee093c70819086ccf564f57d6d,
D:\Desktop\my_project\paper_reproduction\DPPO\source\dppo_v0.6\cfg\robomimic\finetune\can\ft_ppo_diffusion_mlp_img.yaml,file,created/downloaded,4665,4.56 KiB,f30b4e59d20e886a400f6df81ff8763d229c8e3c9ff04c9adb351c8542643e08,
D:\Desktop\my_project\paper_reproduction\DPPO\source\dppo_v0.6\cfg\robomimic\finetune\can\ft_ppo_diffusion_mlp_ta1.yaml,file,created/downloaded,3069,3.00 KiB,18d2b77ee869fe005045c788b25c30e5bdd1f749069cace960532f3612f78910,
D:\Desktop\my_project\paper_reproduction\DPPO\source\dppo_v0.6\cfg\robomimic\finetune\can\ft_ppo_diffusion_mlp_ta1_ph.yaml,file,created/downloaded,3069,3.00 KiB,450e887d22dcde67a8dab361b1ec9406ace4000e7c2abb468a75f12b9f83c558,
D:\Desktop\my_project\paper_reproduction\DPPO\source\dppo_v0.6\cfg\robomimic\finetune\can\ft_ppo_diffusion_unet.yaml,file,created/downloaded,3111,3.04 KiB,ad519eef4b3bf1e749a214fb2097a8a4b96526bc52f6f3c9193e2eaf0352a013,
D:\Desktop\my_project\paper_reproduction\DPPO\source\dppo_v0.6\cfg\robomimic\finetune\can\ft_ppo_exact_diffusion_mlp.yaml,file,created/downloaded,3258,3.18 KiB,00efee2fdc48709d170a7e53ba97426a21e3fb034848345df5b5eb97dfcc48b6,
D:\Desktop\my_project\paper_reproduction\DPPO\source\dppo_v0.6\cfg\robomimic\finetune\can\ft_ppo_gaussian_mlp.yaml,file,created/downloaded,2714,2.65 KiB,e7a6f442d7a92f0c0beeaadd8cf812c34e9f412b6faf5751846bb96de626c94a,
D:\Desktop\my_project\paper_reproduction\DPPO\source\dppo_v0.6\cfg\robomimic\finetune\can\ft_ppo_gaussian_mlp_img.yaml,file,created/downloaded,4023,3.93 KiB,a6beaebefa582ab608435776a3e81c8dea7a029e80911a757429df6eb3825aff,
D:\Desktop\my_project\paper_reproduction\DPPO\source\dppo_v0.6\cfg\robomimic\finetune\can\ft_ppo_gaussian_transformer.yaml,file,created/downloaded,2772,2.71 KiB,126e7a864a18e20a940b69e10324f80b481ee23076ac4e8bea566b834ecce0b2,
D:\Desktop\my_project\paper_reproduction\DPPO\source\dppo_v0.6\cfg\robomimic\finetune\can\ft_ppo_gmm_mlp.yaml,file,created/downloaded,2704,2.64 KiB,1bddec8fc571516d5de9a66ff1fe5db2df690a21b4376e4b4151241386a0b7b9,
D:\Desktop\my_project\paper_reproduction\DPPO\source\dppo_v0.6\cfg\robomimic\finetune\can\ft_ppo_gmm_transformer.yaml,file,created/downloaded,2767,2.70 KiB,af5d7d4991d277f3fc831b5ad2e3a3980d47b8f224cfb63f9135f46c33e263d0,
D:\Desktop\my_project\paper_reproduction\DPPO\source\dppo_v0.6\cfg\robomimic\finetune\can\ft_qsm_diffusion_mlp.yaml,file,created/downloaded,2926,2.86 KiB,668e5a0c403333f46750849d6b1ce14fc0d5f5e4a6c4a375590a957786dd39d8,
D:\Desktop\my_project\paper_reproduction\DPPO\source\dppo_v0.6\cfg\robomimic\finetune\can\ft_rwr_diffusion_mlp.yaml,file,created/downloaded,2422,2.37 KiB,dfe6fb18c88d850526333646c21a85a42f9010ea8081ce0f4180912873470481,
D:\Desktop\my_project\paper_reproduction\DPPO\source\dppo_v0.6\cfg\robomimic\finetune\can\ibrl_mlp.yaml,file,created/downloaded,3189,3.11 KiB,cdc4229baf464b41b0644410d1ab3112de00f260e011ac1775baf326e07d740d,
D:\Desktop\my_project\paper_reproduction\DPPO\source\dppo_v0.6\cfg\robomimic\finetune\can\ibrl_mlp_ph.yaml,file,created/downloaded,3194,3.12 KiB,f891210a9cf164e2a644b1dbff3262b2a486e68e1b3893f1f0164bca5ec6a119,
D:\Desktop\my_project\paper_reproduction\DPPO\source\dppo_v0.6\cfg\robomimic\finetune\lift\ft_awr_diffusion_mlp.yaml,file,created/downloaded,2837,2.77 KiB,72024c9fa753e805e67f6c307e6636ed3639854ca02b5d21d35059f694d8876d,
D:\Desktop\my_project\paper_reproduction\DPPO\source\dppo_v0.6\cfg\robomimic\finetune\lift\ft_dipo_diffusion_mlp.yaml,file,created/downloaded,2925,2.86 KiB,f917e716638f17df2c8cf8f81020f3ec37488ece6141afcbd701aa67d8c04d14,
D:\Desktop\my_project\paper_reproduction\DPPO\source\dppo_v0.6\cfg\robomimic\finetune\lift\ft_dql_diffusion_mlp.yaml,file,created/downloaded,2882,2.81 KiB,6f01a4e82f43f4fd614316f8ecc981b9a4f256afc3d2164e877c6a5ad2df4859,
D:\Desktop\my_project\paper_reproduction\DPPO\source\dppo_v0.6\cfg\robomimic\finetune\lift\ft_idql_diffusion_mlp.yaml,file,created/downloaded,3237,3.16 KiB,5c5b2180e3902041aaf396ea4af2ba7bd0a84f37a6e7ed6d0ddb7a190c8b3fbd,
D:\Desktop\my_project\paper_reproduction\DPPO\source\dppo_v0.6\cfg\robomimic\finetune\lift\ft_ppo_diffusion_mlp.yaml,file,created/downloaded,3123,3.05 KiB,261b6ea457ccfca3468fe33d7b305d0f0870b57feee0ad9c7b2b20fd41bf5eea,
D:\Desktop\my_project\paper_reproduction\DPPO\source\dppo_v0.6\cfg\robomimic\finetune\lift\ft_ppo_diffusion_mlp_img.yaml,file,created/downloaded,4668,4.56 KiB,51379187745e9261cbb1bee74216af7239b2631eb4d93aa995f6b3d4192042bc,
D:\Desktop\my_project\paper_reproduction\DPPO\source\dppo_v0.6\cfg\robomimic\finetune\lift\ft_ppo_diffusion_unet.yaml,file,created/downloaded,3114,3.04 KiB,e62d6e26aabada611c55382ef0f2ae20516a9c4f2d2639fe368f8a478cced777,
D:\Desktop\my_project\paper_reproduction\DPPO\source\dppo_v0.6\cfg\robomimic\finetune\lift\ft_ppo_gaussian_mlp.yaml,file,created/downloaded,2717,2.65 KiB,4dd0adf522200988a4814b4ee2f5d2c04d195dfb28e0f727db4656540c15e4fc,
D:\Desktop\my_project\paper_reproduction\DPPO\source\dppo_v0.6\cfg\robomimic\finetune\lift\ft_ppo_gaussian_mlp_img.yaml,file,created/downloaded,4049,3.95 KiB,600c1f52b558435582258017537a3e73c47f03ab6f84b430c47bcb321f2b4091,
D:\Desktop\my_project\paper_reproduction\DPPO\source\dppo_v0.6\cfg\robomimic\finetune\lift\ft_ppo_gaussian_transformer.yaml,file,created/downloaded,2775,2.71 KiB,67dc16d52c2010d6a2d728408d3a76320b51f69b383468371ee17cbf36191d10,
D:\Desktop\my_project\paper_reproduction\DPPO\source\dppo_v0.6\cfg\robomimic\finetune\lift\ft_ppo_gmm_mlp.yaml,file,created/downloaded,2707,2.64 KiB,00728c8d75d9c0149339a2491dfe09527970135363f30ddf481546083bca0b42,
D:\Desktop\my_project\paper_reproduction\DPPO\source\dppo_v0.6\cfg\robomimic\finetune\lift\ft_ppo_gmm_transformer.yaml,file,created/downloaded,2770,2.71 KiB,77f1973bf08d94f372b75f4bb247ba19c7f49f486b6460d61e253404a1a9f148,
D:\Desktop\my_project\paper_reproduction\DPPO\source\dppo_v0.6\cfg\robomimic\finetune\lift\ft_qsm_diffusion_mlp.yaml,file,created/downloaded,2928,2.86 KiB,bd02f2b52192c5269eb1c6f52d4a8472d96a4e44e646af25b31bd933bf4e7713,
D:\Desktop\my_project\paper_reproduction\DPPO\source\dppo_v0.6\cfg\robomimic\finetune\lift\ft_rwr_diffusion_mlp.yaml,file,created/downloaded,2424,2.37 KiB,f554e8cca26d0fa0cce7117709274db8f11690a3303011ff667861388ef0b5b1,
D:\Desktop\my_project\paper_reproduction\DPPO\source\dppo_v0.6\cfg\robomimic\finetune\lift\rlpd_mlp.yaml,file,created/downloaded,3055,2.98 KiB,8fe85fb39d20e33a428cabbd51cbf228cfb5905a1f2bfce9a48e78c0241c1277,
D:\Desktop\my_project\paper_reproduction\DPPO\source\dppo_v0.6\cfg\robomimic\finetune\square\calql_mlp_online.yaml,file,created/downloaded,3413,3.33 KiB,c3ed7d5bedb5146e5e8f339b9b506aaeb4108b76686543637fe7698859a27d5a,
D:\Desktop\my_project\paper_reproduction\DPPO\source\dppo_v0.6\cfg\robomimic\finetune\square\calql_mlp_online_ph.yaml,file,created/downloaded,3418,3.34 KiB,656970a7b5bd117f0293e05ea0e746d89ecc063243d8ce6252ffff4ea34b83ff,
D:\Desktop\my_project\paper_reproduction\DPPO\source\dppo_v0.6\cfg\robomimic\finetune\square\ft_awr_diffusion_mlp.yaml,file,created/downloaded,2877,2.81 KiB,451d4054150141a157c500756807e4ae41dc2bc8d6c7dfac183281ba3cbb238f,
D:\Desktop\my_project\paper_reproduction\DPPO\source\dppo_v0.6\cfg\robomimic\finetune\square\ft_dipo_diffusion_mlp.yaml,file,created/downloaded,2964,2.89 KiB,3b3ecb1bf69daeeaeed5dfc68aff8c423098b7826a8be24c63f27f83f3baf1e1,
D:\Desktop\my_project\paper_reproduction\DPPO\source\dppo_v0.6\cfg\robomimic\finetune\square\ft_dql_diffusion_mlp.yaml,file,created/downloaded,2922,2.85 KiB,75252c341e4db3db7c38ea15f3fbbc15d796524fd9e246b78cb8215068c2cb1b,
D:\Desktop\my_project\paper_reproduction\DPPO\source\dppo_v0.6\cfg\robomimic\finetune\square\ft_idql_diffusion_mlp.yaml,file,created/downloaded,3277,3.20 KiB,727e4484e063d4a7f958e032efb527b3001907ae76a14a4c2a160813c08b3cc2,
D:\Desktop\my_project\paper_reproduction\DPPO\source\dppo_v0.6\cfg\robomimic\finetune\square\ft_ppo_diffusion_mlp.yaml,file,created/downloaded,3114,3.04 KiB,8f5e99aaef7c81dd0835c65f8e2bbe9d86954f4ccf2930dbc3416ab6768ad4f8,
D:\Desktop\my_project\paper_reproduction\DPPO\source\dppo_v0.6\cfg\robomimic\finetune\square\ft_ppo_diffusion_mlp_img.yaml,file,created/downloaded,4666,4.56 KiB,92d5c1a865436823025575dfa4035bcb1559eea8ea818ef2fb076056d628fc6c,
D:\Desktop\my_project\paper_reproduction\DPPO\source\dppo_v0.6\cfg\robomimic\finetune\square\ft_ppo_diffusion_mlp_ta1.yaml,file,created/downloaded,3110,3.04 KiB,76d73657127c2365a6dca8ebab5363011ef10286e6d776c2963ab6a871ede1b0,
D:\Desktop\my_project\paper_reproduction\DPPO\source\dppo_v0.6\cfg\robomimic\finetune\square\ft_ppo_diffusion_mlp_ta1_ph.yaml,file,created/downloaded,3110,3.04 KiB,074804a32997a9ff240303d9999dc4d7f75c43c7c763efed6a2318826bcc2ccb,
D:\Desktop\my_project\paper_reproduction\DPPO\source\dppo_v0.6\cfg\robomimic\finetune\square\ft_ppo_diffusion_unet.yaml,file,created/downloaded,3122,3.05 KiB,12ccebb373a656cb6182a1a682af5c2dc55b783829d591e6352bd1017ca20465,
D:\Desktop\my_project\paper_reproduction\DPPO\source\dppo_v0.6\cfg\robomimic\finetune\square\ft_ppo_gaussian_mlp.yaml,file,created/downloaded,2728,2.66 KiB,b17046f0a4fa2e8ff0792a0dea416aae020d52321cc67e5a4840c2a600a8ab5a,
D:\Desktop\my_project\paper_reproduction\DPPO\source\dppo_v0.6\cfg\robomimic\finetune\square\ft_ppo_gaussian_mlp_img.yaml,file,created/downloaded,4024,3.93 KiB,93e2f206d57a8de38995121d89705e5e9028b8e5a0f3393c37b7931f23ede787,
D:\Desktop\my_project\paper_reproduction\DPPO\source\dppo_v0.6\cfg\robomimic\finetune\square\ft_ppo_gaussian_transformer.yaml,file,created/downloaded,2784,2.72 KiB,499d0201917064d949c65b480a8ed69a819f32313d3e1054f5cd27fe79338b10,
D:\Desktop\my_project\paper_reproduction\DPPO\source\dppo_v0.6\cfg\robomimic\finetune\square\ft_ppo_gmm_mlp.yaml,file,created/downloaded,2718,2.65 KiB,658a75e3a9544c4d9d8bd716d6f89c97d8574c0667a8409a801fd5f013f875ff,
D:\Desktop\my_project\paper_reproduction\DPPO\source\dppo_v0.6\cfg\robomimic\finetune\square\ft_ppo_gmm_transformer.yaml,file,created/downloaded,2779,2.71 KiB,f356321af0e7cf7f3fe7b20f4263ad4b0dca91373286118712403960e615d5da,
D:\Desktop\my_project\paper_reproduction\DPPO\source\dppo_v0.6\cfg\robomimic\finetune\square\ft_qsm_diffusion_mlp.yaml,file,created/downloaded,2968,2.90 KiB,a933625339ca2f8ec94a54a856b23d01d7a48347df927d000cb91ce2df04267e,
D:\Desktop\my_project\paper_reproduction\DPPO\source\dppo_v0.6\cfg\robomimic\finetune\square\ft_rwr_diffusion_mlp.yaml,file,created/downloaded,2464,2.41 KiB,fd3866f9a9272fec1ecba8502a7db3064adca0a16d99ba0accffc6c99f05de6d,
D:\Desktop\my_project\paper_reproduction\DPPO\source\dppo_v0.6\cfg\robomimic\finetune\square\ibrl_mlp.yaml,file,created/downloaded,3195,3.12 KiB,5f319698ee8b2983d46522bb314e68aa749e657146d79343284d08de61fbd010,
D:\Desktop\my_project\paper_reproduction\DPPO\source\dppo_v0.6\cfg\robomimic\finetune\square\ibrl_mlp_ph.yaml,file,created/downloaded,3200,3.12 KiB,2756dec6fde695bdf584feebbe8dfcf018f2c501118ec7d322bbd4a4f072c321,
D:\Desktop\my_project\paper_reproduction\DPPO\source\dppo_v0.6\cfg\robomimic\finetune\transport\ft_awr_diffusion_mlp.yaml,file,created/downloaded,2979,2.91 KiB,dd88812a85b9ed6687db71423858b833aca70b5dd9d636e8d8a0334af22f50fc,
D:\Desktop\my_project\paper_reproduction\DPPO\source\dppo_v0.6\cfg\robomimic\finetune\transport\ft_dipo_diffusion_mlp.yaml,file,created/downloaded,3067,3.00 KiB,f7fa01cbe66842c4a21e2921360244bafad359cf557748133f0d135934dc1700,
D:\Desktop\my_project\paper_reproduction\DPPO\source\dppo_v0.6\cfg\robomimic\finetune\transport\ft_dql_diffusion_mlp.yaml,file,created/downloaded,3025,2.95 KiB,8eff272b5edf8b3ab727c78ee17cd421818953862712e19335634af82474a723,
D:\Desktop\my_project\paper_reproduction\DPPO\source\dppo_v0.6\cfg\robomimic\finetune\transport\ft_idql_diffusion_mlp.yaml,file,created/downloaded,3380,3.30 KiB,c0e1f1eed94ba402e8b971e2eb59d12543ca72d1b2a23e834cffa2e8f82fab1f,
D:\Desktop\my_project\paper_reproduction\DPPO\source\dppo_v0.6\cfg\robomimic\finetune\transport\ft_ppo_diffusion_mlp.yaml,file,created/downloaded,3216,3.14 KiB,9b54a6ccae213879d9ff7cd54642c82b55e8a42dbf0e0c5c57b7820ba2cb0fbc,
D:\Desktop\my_project\paper_reproduction\DPPO\source\dppo_v0.6\cfg\robomimic\finetune\transport\ft_ppo_diffusion_mlp_img.yaml,file,created/downloaded,4889,4.77 KiB,96dabed50bf84d8856c0ba2547826b9a9673b0caece61946c2aa5d84d277a212,
D:\Desktop\my_project\paper_reproduction\DPPO\source\dppo_v0.6\cfg\robomimic\finetune\transport\ft_ppo_diffusion_unet.yaml,file,created/downloaded,3259,3.18 KiB,6e4d7d4b76c1a257ba0e32122c7b5b1dd24cd02f33d833fad667df157214cb37,
D:\Desktop\my_project\paper_reproduction\DPPO\source\dppo_v0.6\cfg\robomimic\finetune\transport\ft_ppo_gaussian_mlp.yaml,file,created/downloaded,2861,2.79 KiB,993c01fc48f23c87fa921a8e8673b4d29920348ac5fa8166956ad26eb6e3fd9a,
D:\Desktop\my_project\paper_reproduction\DPPO\source\dppo_v0.6\cfg\robomimic\finetune\transport\ft_ppo_gaussian_mlp_img.yaml,file,created/downloaded,4247,4.15 KiB,c0b44017fbd8553405661f365f0a7dfcb4b0568dd49383670695ade625d28c2d,
D:\Desktop\my_project\paper_reproduction\DPPO\source\dppo_v0.6\cfg\robomimic\finetune\transport\ft_ppo_gaussian_transformer.yaml,file,created/downloaded,2917,2.85 KiB,29378c6f0fe0be7af391ecba824a5462c2fc45d4b3a15496cdcc726273fe8b9a,
D:\Desktop\my_project\paper_reproduction\DPPO\source\dppo_v0.6\cfg\robomimic\finetune\transport\ft_ppo_gmm_mlp.yaml,file,created/downloaded,2851,2.78 KiB,9891502dd86182ee13d7de9529c351b721a3202bfe41dc2f89003ceaca5147cd,
D:\Desktop\my_project\paper_reproduction\DPPO\source\dppo_v0.6\cfg\robomimic\finetune\transport\ft_ppo_gmm_transformer.yaml,file,created/downloaded,2912,2.84 KiB,9034f4bd74d67f26b15414f4696ca4208141b78b626808bd01fa9247e56f9740,
D:\Desktop\my_project\paper_reproduction\DPPO\source\dppo_v0.6\cfg\robomimic\finetune\transport\ft_qsm_diffusion_mlp.yaml,file,created/downloaded,3071,3.00 KiB,dd0b47a34b9508399840340b3b299d7e189f68bdbef3ced6956fb5e5b7d0d6df,
D:\Desktop\my_project\paper_reproduction\DPPO\source\dppo_v0.6\cfg\robomimic\finetune\transport\ft_rwr_diffusion_mlp.yaml,file,created/downloaded,2567,2.51 KiB,1b0744936d7b4982cdcb84ede2cafc2517f3b77f19cfe87a9bd369898d935827,
D:\Desktop\my_project\paper_reproduction\DPPO\source\dppo_v0.6\cfg\robomimic\pretrain\can\calql_mlp_offline.yaml,file,created/downloaded,3184,3.11 KiB,34bda2d45f7847bf637704c4b255804d899c00ef610e48f2c7026e2aa0dddce9,
D:\Desktop\my_project\paper_reproduction\DPPO\source\dppo_v0.6\cfg\robomimic\pretrain\can\calql_mlp_offline_ph.yaml,file,created/downloaded,3188,3.11 KiB,21ad92eb476e4a36a792a83bf20e298e36f8e0e4c95c2b32455451a1dd218d55,
D:\Desktop\my_project\paper_reproduction\DPPO\source\dppo_v0.6\cfg\robomimic\pretrain\can\pre_diffusion_mlp.yaml,file,created/downloaded,1615,1.58 KiB,de00631f0d429043ba0a9ecc4acbac9390017caa4b5efebf9011651a4c24dc23,
D:\Desktop\my_project\paper_reproduction\DPPO\source\dppo_v0.6\cfg\robomimic\pretrain\can\pre_diffusion_mlp_img.yaml,file,created/downloaded,2355,2.30 KiB,9b75f35025c8337401f481f773e06deaa5ed9e04127be12afc41cd2a068554a1,
D:\Desktop\my_project\paper_reproduction\DPPO\source\dppo_v0.6\cfg\robomimic\pretrain\can\pre_diffusion_mlp_ta1.yaml,file,created/downloaded,1615,1.58 KiB,f7142ad3aa5d427049153130342f1c815a9e4145b0adb1f96dac6419d0c42057,
D:\Desktop\my_project\paper_reproduction\DPPO\source\dppo_v0.6\cfg\robomimic\pretrain\can\pre_diffusion_mlp_ta1_ph.yaml,file,created/downloaded,1618,1.58 KiB,20369c1201894b7aa0958283c0ac8bbedce033e548ecabf582574d7f78fffe1a,
D:\Desktop\my_project\paper_reproduction\DPPO\source\dppo_v0.6\cfg\robomimic\pretrain\can\pre_diffusion_unet.yaml,file,created/downloaded,1654,1.62 KiB,65b85d4a8b9b644de8456443e43620bb1c48a2572b7bc5b65ad656c481f2a1b7,
D:\Desktop\my_project\paper_reproduction\DPPO\source\dppo_v0.6\cfg\robomimic\pretrain\can\pre_gaussian_mlp.yaml,file,created/downloaded,1418,1.38 KiB,d43f518a0b4a08dfd795b3dc258cba29d99668d5188cd79b7a7668a10ac02140,
D:\Desktop\my_project\paper_reproduction\DPPO\source\dppo_v0.6\cfg\robomimic\pretrain\can\pre_gaussian_mlp_ibrl.yaml,file,created/downloaded,1437,1.40 KiB,40fa4cdb8abecbbb7703055b6038c01e6152d194912c418581dbdff536c162d0,
D:\Desktop\my_project\paper_reproduction\DPPO\source\dppo_v0.6\cfg\robomimic\pretrain\can\pre_gaussian_mlp_img.yaml,file,created/downloaded,2127,2.08 KiB,aac07829571c569cbde5eac6fbdef07402db7fbc08d2387c04c291fc249c22c6,
D:\Desktop\my_project\paper_reproduction\DPPO\source\dppo_v0.6\cfg\robomimic\pretrain\can\pre_gaussian_mlp_ta1_ph.yaml,file,created/downloaded,1447,1.41 KiB,8abac7b065a17ae7b5c4b40df64322f9019100cd996ecdd5601e0e8d6c166208,
D:\Desktop\my_project\paper_reproduction\DPPO\source\dppo_v0.6\cfg\robomimic\pretrain\can\pre_gaussian_transformer.yaml,file,created/downloaded,1496,1.46 KiB,9ea4972b96af0c619f9a3ce13becb1f211a75247af2065283b1275ba58f35c04,
D:\Desktop\my_project\paper_reproduction\DPPO\source\dppo_v0.6\cfg\robomimic\pretrain\can\pre_gmm_mlp.yaml,file,created/downloaded,1436,1.40 KiB,3606b222261496fe20172cfe1db31e219e68535a2b8b991ece900b1abbe10a7c,
D:\Desktop\my_project\paper_reproduction\DPPO\source\dppo_v0.6\cfg\robomimic\pretrain\can\pre_gmm_transformer.yaml,file,created/downloaded,1519,1.48 KiB,260161ba7bd339fd8cd0a8f543b4077cbe2f2650ce8b817f340459f86a028f8f,
D:\Desktop\my_project\paper_reproduction\DPPO\source\dppo_v0.6\cfg\robomimic\pretrain\lift\pre_diffusion_mlp.yaml,file,created/downloaded,1616,1.58 KiB,71fe036f3ad3883b271fec7c8415a06b15733d672d3fd7aba125be09b220a70f,
D:\Desktop\my_project\paper_reproduction\DPPO\source\dppo_v0.6\cfg\robomimic\pretrain\lift\pre_diffusion_mlp_img.yaml,file,created/downloaded,2356,2.30 KiB,a9c55f5fd983d368d16e9ca70b3d1d22fd1ce804dc7053a812d59fd2ea4134aa,
D:\Desktop\my_project\paper_reproduction\DPPO\source\dppo_v0.6\cfg\robomimic\pretrain\lift\pre_diffusion_unet.yaml,file,created/downloaded,1655,1.62 KiB,1e514051a22c9dd8152b88f4eff8ea0e8afa07054f593e5dcd78ab13ee8956ca,
D:\Desktop\my_project\paper_reproduction\DPPO\source\dppo_v0.6\cfg\robomimic\pretrain\lift\pre_gaussian_mlp.yaml,file,created/downloaded,1419,1.39 KiB,41440e705aa153d6c32c5cafdb340dfa250b0bd6a7f2aaa1f3ebff1e5a2d5c6d,
D:\Desktop\my_project\paper_reproduction\DPPO\source\dppo_v0.6\cfg\robomimic\pretrain\lift\pre_gaussian_mlp_img.yaml,file,created/downloaded,2127,2.08 KiB,763f3234cfd538cf3c223e06d8d3725af51bf7fd8637e585376b5765caf6505c,
D:\Desktop\my_project\paper_reproduction\DPPO\source\dppo_v0.6\cfg\robomimic\pretrain\lift\pre_gaussian_transformer.yaml,file,created/downloaded,1497,1.46 KiB,cb2521a47491f2a735e794df2f6ebfe55bfc9e508139679114ec9713a8ce290a,
D:\Desktop\my_project\paper_reproduction\DPPO\source\dppo_v0.6\cfg\robomimic\pretrain\lift\pre_gmm_mlp.yaml,file,created/downloaded,1437,1.40 KiB,b48819dac4fcfe1996795a89cd7302b656f698775ba31f71b35d96cbf875a398,
D:\Desktop\my_project\paper_reproduction\DPPO\source\dppo_v0.6\cfg\robomimic\pretrain\lift\pre_gmm_transformer.yaml,file,created/downloaded,1520,1.48 KiB,6cc2a6d678e91e1df9ad462e4945ee02039f7f1d087455a0a3a0108b2d23ef1e,
D:\Desktop\my_project\paper_reproduction\DPPO\source\dppo_v0.6\cfg\robomimic\pretrain\square\calql_mlp_offline.yaml,file,created/downloaded,3187,3.11 KiB,c312eaf6badfc648c516ab99e1ed56e32ed3ab8f180ea11da34b4ee2468dc6b5,
D:\Desktop\my_project\paper_reproduction\DPPO\source\dppo_v0.6\cfg\robomimic\pretrain\square\calql_mlp_offline_ph.yaml,file,created/downloaded,3191,3.12 KiB,0554bacd0592af8be36ec9ee6a86020aa622060e3e5582d1add5156b7742de01,
D:\Desktop\my_project\paper_reproduction\DPPO\source\dppo_v0.6\cfg\robomimic\pretrain\square\pre_diffusion_mlp.yaml,file,created/downloaded,1651,1.61 KiB,12355f619a53b6a530c31840b5a43661fe6d1c738923dbb6305f4a25d0ff2c3a,
D:\Desktop\my_project\paper_reproduction\DPPO\source\dppo_v0.6\cfg\robomimic\pretrain\square\pre_diffusion_mlp_img.yaml,file,created/downloaded,2358,2.30 KiB,dae5691c69178ccc1a2caff973e14d7a3ff101cab6bcbfd067af8005d2964db8,
D:\Desktop\my_project\paper_reproduction\DPPO\source\dppo_v0.6\cfg\robomimic\pretrain\square\pre_diffusion_mlp_ta1.yaml,file,created/downloaded,1651,1.61 KiB,490e6985d5b73ad295a70022b56838eebe8b5d5ea7bc670c907578bfed39a8ea,
D:\Desktop\my_project\paper_reproduction\DPPO\source\dppo_v0.6\cfg\robomimic\pretrain\square\pre_diffusion_mlp_ta1_ph.yaml,file,created/downloaded,1654,1.62 KiB,1d1d7f7271e162c2bfbd06d5caa8ecbf47bfdfc2cac25865ef537c6ec5f2778b,
D:\Desktop\my_project\paper_reproduction\DPPO\source\dppo_v0.6\cfg\robomimic\pretrain\square\pre_diffusion_unet.yaml,file,created/downloaded,1657,1.62 KiB,b92c26872bb54870553ff1b38122ae14ebc69a579189e2a2eed09e2736d32c99,
D:\Desktop\my_project\paper_reproduction\DPPO\source\dppo_v0.6\cfg\robomimic\pretrain\square\pre_gaussian_mlp.yaml,file,created/downloaded,1424,1.39 KiB,b22af82ad83b151e0a4f90a26da47ef66f0d4b74ffb449fbd6d21b233492a0c5,
D:\Desktop\my_project\paper_reproduction\DPPO\source\dppo_v0.6\cfg\robomimic\pretrain\square\pre_gaussian_mlp_ibrl.yaml,file,created/downloaded,1440,1.41 KiB,2993d7275140cf6906c653c8f35f1915b89c0a238d041be4bf775bb5e844be9f,
D:\Desktop\my_project\paper_reproduction\DPPO\source\dppo_v0.6\cfg\robomimic\pretrain\square\pre_gaussian_mlp_img.yaml,file,created/downloaded,2130,2.08 KiB,a65dce0f068822cd5848fb7277f600171044072009051ac92098150501716888,
D:\Desktop\my_project\paper_reproduction\DPPO\source\dppo_v0.6\cfg\robomimic\pretrain\square\pre_gaussian_mlp_ta1_ph.yaml,file,created/downloaded,1450,1.42 KiB,73637548f62b961c2fc0583362ba37331a24a94ad3a2cd1e77ab3f279fd9881a,
D:\Desktop\my_project\paper_reproduction\DPPO\source\dppo_v0.6\cfg\robomimic\pretrain\square\pre_gaussian_transformer.yaml,file,created/downloaded,1500,1.46 KiB,162d4a7c20aa58e98b1cdf0c88c28466264138f38462991ae5b4505910bfa0ad,
D:\Desktop\my_project\paper_reproduction\DPPO\source\dppo_v0.6\cfg\robomimic\pretrain\square\pre_gmm_mlp.yaml,file,created/downloaded,1442,1.41 KiB,a6fcca7fc22f018ac094287454512754fb27c063ea763dc12414cf7b3a1df3b5,
D:\Desktop\my_project\paper_reproduction\DPPO\source\dppo_v0.6\cfg\robomimic\pretrain\square\pre_gmm_transformer.yaml,file,created/downloaded,1523,1.49 KiB,22baf991a334a9597de1d346b4fc63ea6aa27035adcf3533282c63223ee49aff,
D:\Desktop\my_project\paper_reproduction\DPPO\source\dppo_v0.6\cfg\robomimic\pretrain\transport\pre_diffusion_mlp.yaml,file,created/downloaded,1625,1.59 KiB,5873bf2be67b888f83d08cacf34616117e0a212f19841ac7eec3877a37259d8f,
D:\Desktop\my_project\paper_reproduction\DPPO\source\dppo_v0.6\cfg\robomimic\pretrain\transport\pre_diffusion_mlp_img.yaml,file,created/downloaded,2379,2.32 KiB,e6fef55118b91cd4b004a3d27b3214b275b8201e0ea55f3f52f882059b8a734c,
D:\Desktop\my_project\paper_reproduction\DPPO\source\dppo_v0.6\cfg\robomimic\pretrain\transport\pre_diffusion_unet.yaml,file,created/downloaded,1662,1.62 KiB,480a603f4702edeb19a6bd9f2f21f942cf3230fa54306fa06c1e13d031bf5965,
D:\Desktop\my_project\paper_reproduction\DPPO\source\dppo_v0.6\cfg\robomimic\pretrain\transport\pre_gaussian_mlp.yaml,file,created/downloaded,1428,1.39 KiB,aa42acd00a6eb724795ed728b1c103513db0389735bb69680d4b3470b64ddea5,
D:\Desktop\my_project\paper_reproduction\DPPO\source\dppo_v0.6\cfg\robomimic\pretrain\transport\pre_gaussian_mlp_img.yaml,file,created/downloaded,2182,2.13 KiB,24a72a38d76308dcd0513f5766dffa39f9e3fcef20a966bf9813563a2bf77df0,
D:\Desktop\my_project\paper_reproduction\DPPO\source\dppo_v0.6\cfg\robomimic\pretrain\transport\pre_gaussian_transformer.yaml,file,created/downloaded,1504,1.47 KiB,c0cb070a4eaec2a0e82e66333ccd4ffafabb94094b93656e36b615588359e047,
D:\Desktop\my_project\paper_reproduction\DPPO\source\dppo_v0.6\cfg\robomimic\pretrain\transport\pre_gmm_mlp.yaml,file,created/downloaded,1446,1.41 KiB,758fb2f32f3edd0d60c6c0244a372607a99f803cbfd5a23c1dfa7d19438d8bfc,
D:\Desktop\my_project\paper_reproduction\DPPO\source\dppo_v0.6\cfg\robomimic\pretrain\transport\pre_gmm_transformer.yaml,file,created/downloaded,1527,1.49 KiB,4fcd62027f9901c277ceb1d2bf63db9af68beb406fec045e5af64981de5140dd,
D:\Desktop\my_project\paper_reproduction\DPPO\source\dppo_v0.6\cfg\robomimic\scratch\can\rlpd_mlp.yaml,file,created/downloaded,3085,3.01 KiB,99c1616ba5756f654c2eb5b814709e315f78a1d360fe2fc25bebf501871070cc,
D:\Desktop\my_project\paper_reproduction\DPPO\source\dppo_v0.6\cfg\robomimic\scratch\can\rlpd_mlp_ph.yaml,file,created/downloaded,3091,3.02 KiB,dc2ee5a4743372e1358fdfd9a8f8f6610d81b531349a2d6930c093ca0f802fd3,
D:\Desktop\my_project\paper_reproduction\DPPO\source\dppo_v0.6\cfg\robomimic\scratch\square\rlpd_mlp.yaml,file,created/downloaded,3084,3.01 KiB,0c104ae6d74166a25ef29800909ffb7e69a5568bb1dfcaa5a5cb0973a015463c,
D:\Desktop\my_project\paper_reproduction\DPPO\source\dppo_v0.6\cfg\robomimic\scratch\square\rlpd_mlp_ph.yaml,file,created/downloaded,3094,3.02 KiB,2cb9de6216876c708a0f0eb05198a6a8bd6f15d856e311ed1c9bb63a49f52856,
D:\Desktop\my_project\paper_reproduction\DPPO\source\dppo_v0.6\dppo.egg-info\dependency_links.txt,file,created/downloaded,1,1.00 B,01ba4719c80b6fe911b091a7c05124b64eeece964e09c058ef8f9805daca546b,
D:\Desktop\my_project\paper_reproduction\DPPO\source\dppo_v0.6\dppo.egg-info\PKG-INFO,file,created/downloaded,16985,16.59 KiB,9fa8447283b049b2e2b6db866c3dbb91febef59c632cef51726564bb65c2796e,
D:\Desktop\my_project\paper_reproduction\DPPO\source\dppo_v0.6\dppo.egg-info\requires.txt,file,created/downloaded,768,768.00 B,f5b31a132feeea3dcf1df9000e9c5f518f6fd22effaaf5c0a667cfe0ec8e8d71,
D:\Desktop\my_project\paper_reproduction\DPPO\source\dppo_v0.6\dppo.egg-info\SOURCES.txt,file,created/downloaded,3423,3.34 KiB,1cde7ffcf991886fa17330b91afbaf094fac1056f2fdd1d8ee299f791e386ae5,
D:\Desktop\my_project\paper_reproduction\DPPO\source\dppo_v0.6\dppo.egg-info\top_level.txt,file,created/downloaded,45,45.00 B,e4383ef41eac9bb34e4d0b092816d8318b36c018805b95239e847e500f95c64d,
D:\Desktop\my_project\paper_reproduction\DPPO\source\dppo_v0.6\env\gym_utils\__init__.py,file,created/downloaded,8068,7.88 KiB,f9c641ae2dcc59c547eb7858478cfd50fe6ad97a603e4f49904770043f4507ad,
D:\Desktop\my_project\paper_reproduction\DPPO\source\dppo_v0.6\env\gym_utils\__pycache__\__init__.cpython-312.pyc,file,created/downloaded,7148,6.98 KiB,b5b260cd90839b21a73cf369a02fc7506504a8c5eb463f4c6373a7227527c76a,
D:\Desktop\my_project\paper_reproduction\DPPO\source\dppo_v0.6\env\gym_utils\__pycache__\async_vector_env.cpython-312.pyc,file,created/downloaded,36353,35.50 KiB,62dbe9a288c3c44c32f971b42f317011d67ed08f9518538f0a684c764327bb4e,
D:\Desktop\my_project\paper_reproduction\DPPO\source\dppo_v0.6\env\gym_utils\__pycache__\sync_vector_env.cpython-312.pyc,file,created/downloaded,10112,9.88 KiB,baa4f7781e2032435bac34c6e50a59f2b4d90a0620226c27311b6c8abcc75ff1,
D:\Desktop\my_project\paper_reproduction\DPPO\source\dppo_v0.6\env\gym_utils\__pycache__\vector_env.cpython-312.pyc,file,created/downloaded,12258,11.97 KiB,a4ee4abffa60beea362398b991bf3b6380d93a05b78e5778e6342b3d0f998f39,
D:\Desktop\my_project\paper_reproduction\DPPO\source\dppo_v0.6\env\gym_utils\async_vector_env.py,file,created/downloaded,31604,30.86 KiB,ea2fedfd75f1ccc22bea307d523823dac1334df8e9c5fe65015ef9ee2cb7d614,
D:\Desktop\my_project\paper_reproduction\DPPO\source\dppo_v0.6\env\gym_utils\furniture_normalizer.py,file,created/downloaded,2517,2.46 KiB,d21bccaddfa238fa6e2271d0d612b22efe174b83601ab246bb4409fd179d8266,
D:\Desktop\my_project\paper_reproduction\DPPO\source\dppo_v0.6\env\gym_utils\sync_vector_env.py,file,created/downloaded,7400,7.23 KiB,cbc3fd0e353126172005b24336a58e41ab1d48db26f582ab22973276eacf4eb9,
D:\Desktop\my_project\paper_reproduction\DPPO\source\dppo_v0.6\env\gym_utils\vector_env.py,file,created/downloaded,9064,8.85 KiB,665fc1774f1e75e67c2716740b16d2d8115ee2e3d61d4824edf5b0715c54a6d2,
D:\Desktop\my_project\paper_reproduction\DPPO\source\dppo_v0.6\env\gym_utils\wrapper\__init__.py,file,created/downloaded,508,508.00 B,50eb6e327a2dfc341a12efbfb05ba2ceffeeb72080d7fb0331f58461c0fd4efe,
D:\Desktop\my_project\paper_reproduction\DPPO\source\dppo_v0.6\env\gym_utils\wrapper\__pycache__\__init__.cpython-312.pyc,file,created/downloaded,584,584.00 B,a9ab9d683adc8c266a9eceeeb4bb58eeb3dec5a83122b6c826217c22a968f35b,
D:\Desktop\my_project\paper_reproduction\DPPO\source\dppo_v0.6\env\gym_utils\wrapper\__pycache__\d3il_lowdim.cpython-312.pyc,file,created/downloaded,4192,4.09 KiB,5563fbc0470b9c47975104cb9b2aca3481ddfca028fcc1b3f430cb069a593b0f,
D:\Desktop\my_project\paper_reproduction\DPPO\source\dppo_v0.6\env\gym_utils\wrapper\__pycache__\mujoco_locomotion_lowdim.cpython-312.pyc,file,created/downloaded,4022,3.93 KiB,47d4bf919d6019237d99699d6ae241291b74ba7e4d45a8c5d766cad2769341a0,
D:\Desktop\my_project\paper_reproduction\DPPO\source\dppo_v0.6\env\gym_utils\wrapper\__pycache__\multi_step.cpython-312.pyc,file,created/downloaded,12360,12.07 KiB,81f5ac74dc23866e6d1264db9d1d3c1e978938340c070eb409b7b366e937c674,
D:\Desktop\my_project\paper_reproduction\DPPO\source\dppo_v0.6\env\gym_utils\wrapper\__pycache__\robomimic_image.cpython-312.pyc,file,created/downloaded,9187,8.97 KiB,d8bdc655f3c436dd098e6acf9fad2870920a5fb9fc9e46bd85154231f7af435d,
D:\Desktop\my_project\paper_reproduction\DPPO\source\dppo_v0.6\env\gym_utils\wrapper\__pycache__\robomimic_lowdim.cpython-312.pyc,file,created/downloaded,6620,6.46 KiB,cedbbe553dd549a61a9a1d9765774174d771daff853120b7c49c5d4af0be1bc5,
D:\Desktop\my_project\paper_reproduction\DPPO\source\dppo_v0.6\env\gym_utils\wrapper\d3il_lowdim.py,file,created/downloaded,2648,2.59 KiB,6d8bba5eaeb7af09035d3b9ef5e41ecc5e8479a75836aa18f51690c851fffbdb,
D:\Desktop\my_project\paper_reproduction\DPPO\source\dppo_v0.6\env\gym_utils\wrapper\furniture.py,file,created/downloaded,6465,6.31 KiB,f0f308d5dd468d53421348208dfcb3c146ca75e9e8a3a8a670f9dae8bcaef3ba,
D:\Desktop\my_project\paper_reproduction\DPPO\source\dppo_v0.6\env\gym_utils\wrapper\mujoco_locomotion_lowdim.py,file,created/downloaded,2313,2.26 KiB,23517d448d6fa599a4fd9adada11d961838b911b6ab51f162190c82ad387870f,
D:\Desktop\my_project\paper_reproduction\DPPO\source\dppo_v0.6\env\gym_utils\wrapper\multi_step.py,file,created/downloaded,9188,8.97 KiB,16c3161821819dcb96f8832f050aeb22447181a9e77c3fbe69c2c46abc6ef5aa,
D:\Desktop\my_project\paper_reproduction\DPPO\source\dppo_v0.6\env\gym_utils\wrapper\robomimic_image.py,file,created/downloaded,7517,7.34 KiB,187dc9d1ac3849cb66ea82e4972dbca1fa63b565a88dd383d51bc54cd73bec50,
D:\Desktop\my_project\paper_reproduction\DPPO\source\dppo_v0.6\env\gym_utils\wrapper\robomimic_lowdim.py,file,created/downloaded,4849,4.74 KiB,5954f9dc9ef2b52d79480b4dbe4c16fc9e8ceebb60225b6cf1f448e7e17120bb,
D:\Desktop\my_project\paper_reproduction\DPPO\source\dppo_v0.6\env\plot_traj.py,file,created/downloaded,5058,4.94 KiB,f70ef98899d592b22eb6737dde61facfd37985fe4df09792860127cf6290688d,
D:\Desktop\my_project\paper_reproduction\DPPO\source\dppo_v0.6\installation\install_d3il.md,file,created/downloaded,224,224.00 B,ca56aa44cdc17b3836494896f532397410cf4d980c7466812949273974da71d2,
D:\Desktop\my_project\paper_reproduction\DPPO\source\dppo_v0.6\installation\install_furniture.md,file,created/downloaded,1948,1.90 KiB,612d3e4b8c7a6456555b63a7b769ede2d45f5b354caa10170d276469d6b043a9,
D:\Desktop\my_project\paper_reproduction\DPPO\source\dppo_v0.6\installation\install_mujoco.md,file,created/downloaded,511,511.00 B,fd60a562ad8f566cfd53f0819832b953b9628971df590131e132e5f28c3fcda5,
D:\Desktop\my_project\paper_reproduction\DPPO\source\dppo_v0.6\LICENSE,file,created/downloaded,1106,1.08 KiB,ffe17613d61947ca9f72fa25cbad2dee56c44950c97aafd24dce89713675bd4b,
D:\Desktop\my_project\paper_reproduction\DPPO\source\dppo_v0.6\model\__init__.py,file,created/downloaded,0,0.00 B,e3b0c44298fc1c149afbf4c8996fb92427ae41e4649b934ca495991b7852b855,
D:\Desktop\my_project\paper_reproduction\DPPO\source\dppo_v0.6\model\__pycache__\__init__.cpython-312.pyc,file,created/downloaded,181,181.00 B,839dd155d2c8998bdb70fb45fc19f97067ab5f0baa9a0098cc50c65a339066d3,
D:\Desktop\my_project\paper_reproduction\DPPO\source\dppo_v0.6\model\common\__init__.py,file,created/downloaded,0,0.00 B,e3b0c44298fc1c149afbf4c8996fb92427ae41e4649b934ca495991b7852b855,
D:\Desktop\my_project\paper_reproduction\DPPO\source\dppo_v0.6\model\common\__pycache__\__init__.cpython-312.pyc,file,created/downloaded,188,188.00 B,f22623c3a2ad1856c91b9bcb28251ae3bde6ef2613bdf4416cdf0cde6fa9b4a6,
D:\Desktop\my_project\paper_reproduction\DPPO\source\dppo_v0.6\model\common\__pycache__\critic.cpython-312.pyc,file,created/downloaded,7104,6.94 KiB,a6d4a5008cf38405ae3c6281cf2f614ffa5fc24e18fe848fceae08834cc37773,
D:\Desktop\my_project\paper_reproduction\DPPO\source\dppo_v0.6\model\common\__pycache__\gaussian.cpython-312.pyc,file,created/downloaded,4678,4.57 KiB,accdf22d63a63e6161bf642ec79fb894dccddb3ec38424506caed01a0d7780a3,
D:\Desktop\my_project\paper_reproduction\DPPO\source\dppo_v0.6\model\common\__pycache__\mlp.cpython-312.pyc,file,created/downloaded,6852,6.69 KiB,b1e8b481a668e7747f49b7d524a5aca5b1a3959a0c25e664321775734331e659,
D:\Desktop\my_project\paper_reproduction\DPPO\source\dppo_v0.6\model\common\__pycache__\mlp_gaussian.cpython-312.pyc,file,created/downloaded,11255,10.99 KiB,6139b0ce44de6e95cec3d9b52e7ef32f565135ffd4bb19d5c855d2c78497c460,
D:\Desktop\my_project\paper_reproduction\DPPO\source\dppo_v0.6\model\common\__pycache__\modules.cpython-312.pyc,file,created/downloaded,5917,5.78 KiB,cd756d74f8bbaf05a1fff3a6d26320311cdebeec4c143ffb50d290d3d44d63db,
D:\Desktop\my_project\paper_reproduction\DPPO\source\dppo_v0.6\model\common\critic.py,file,created/downloaded,6203,6.06 KiB,e9a943b141d6e397dc8253f8652dff93e453fcdfcc2cc6e743878d37dc024e9e,
D:\Desktop\my_project\paper_reproduction\DPPO\source\dppo_v0.6\model\common\gaussian.py,file,created/downloaded,3738,3.65 KiB,34419fe704d1dc8d32c70a5a36894c94b7370dad9f0c2e2e1042737e92bdd38f,
D:\Desktop\my_project\paper_reproduction\DPPO\source\dppo_v0.6\model\common\gmm.py,file,created/downloaded,3143,3.07 KiB,3bff1b11f334cf3379a02d7760be455cf54b537f007f85a34cb84e0d1791ba97,
D:\Desktop\my_project\paper_reproduction\DPPO\source\dppo_v0.6\model\common\mlp.py,file,created/downloaded,5038,4.92 KiB,06f679c8435a53d5c90bd277f684d93a2416512bbb999207c39ca2a7dcb2b172,
D:\Desktop\my_project\paper_reproduction\DPPO\source\dppo_v0.6\model\common\mlp_gaussian.py,file,created/downloaded,10230,9.99 KiB,7b4ed6b4b96adc27f9990d03903442ab938b5379f4eeabea2fee1eb85314852e,
D:\Desktop\my_project\paper_reproduction\DPPO\source\dppo_v0.6\model\common\mlp_gmm.py,file,created/downloaded,3697,3.61 KiB,17984a572794aeff757fc0be39d227b34ff9b05f503629889994b823ca6ccc9d,
D:\Desktop\my_project\paper_reproduction\DPPO\source\dppo_v0.6\model\common\modules.py,file,created/downloaded,2928,2.86 KiB,988081a0c45e31850b5d3a6a67d743ddc8e2020cc87f72eb62474d3c53bba66c,
D:\Desktop\my_project\paper_reproduction\DPPO\source\dppo_v0.6\model\common\transformer.py,file,created/downloaded,15175,14.82 KiB,e7fc1cb887a3384744bd7cafe8c6141a92a91ee00a887036b6d283efa72dd50f,
D:\Desktop\my_project\paper_reproduction\DPPO\source\dppo_v0.6\model\common\vit.py,file,created/downloaded,7998,7.81 KiB,4ceaa8946132a1f59d680e5a0063f5e503cbcf979d8a2f38cfd964b9f91641e6,
D:\Desktop\my_project\paper_reproduction\DPPO\source\dppo_v0.6\model\diffusion\__init__.py,file,created/downloaded,0,0.00 B,e3b0c44298fc1c149afbf4c8996fb92427ae41e4649b934ca495991b7852b855,
D:\Desktop\my_project\paper_reproduction\DPPO\source\dppo_v0.6\model\diffusion\__pycache__\__init__.cpython-312.pyc,file,created/downloaded,191,191.00 B,7779f30f0f78e4d535d74e3712129fa89a833a014c33612b5aea7698c88c0ea2,
D:\Desktop\my_project\paper_reproduction\DPPO\source\dppo_v0.6\model\diffusion\__pycache__\diffusion.cpython-312.pyc,file,created/downloaded,13846,13.52 KiB,d9bbe1423879756a614f6afe9cd05df825bc1ee77ff881a8ab5246583f677bb7,
D:\Desktop\my_project\paper_reproduction\DPPO\source\dppo_v0.6\model\diffusion\__pycache__\diffusion_ppo.cpython-312.pyc,file,created/downloaded,6733,6.58 KiB,9a5aa5bc27ab0ddf1082460c5a0ba156bd4e188d561195bcba58575532503aa5,
D:\Desktop\my_project\paper_reproduction\DPPO\source\dppo_v0.6\model\diffusion\__pycache__\diffusion_vpg.cpython-312.pyc,file,created/downloaded,18759,18.32 KiB,49d647664fe812f1056bb84c6c19c02d8240b93664098d81688fd9677d3618f7,
D:\Desktop\my_project\paper_reproduction\DPPO\source\dppo_v0.6\model\diffusion\__pycache__\mlp_diffusion.cpython-312.pyc,file,created/downloaded,8385,8.19 KiB,f9aacb6e168837720532822fb2948dc445478be049eacde534916802c574ccca,
D:\Desktop\my_project\paper_reproduction\DPPO\source\dppo_v0.6\model\diffusion\__pycache__\modules.cpython-312.pyc,file,created/downloaded,4407,4.30 KiB,3f48a6d15ce7dbfb8dd12fa1441da88afa0021085ffa06debbd8292b584a627b,
D:\Desktop\my_project\paper_reproduction\DPPO\source\dppo_v0.6\model\diffusion\__pycache__\sampling.cpython-312.pyc,file,created/downloaded,1835,1.79 KiB,02b135ffad0e7e0fad698af4648b5b20917d89bbfbd2c77a74a115f98bac798e,
D:\Desktop\my_project\paper_reproduction\DPPO\source\dppo_v0.6\model\diffusion\diffusion.py,file,created/downloaded,13114,12.81 KiB,7f9ada07dfe36c05f2cdeab868bf9a5bde0af3cfa10667019bf0d67be6950712,
D:\Desktop\my_project\paper_reproduction\DPPO\source\dppo_v0.6\model\diffusion\diffusion_awr.py,file,created/downloaded,709,709.00 B,82efa3adfc13556668efef080c80709c67485a58c32014a2834b4738bfbba146,
D:\Desktop\my_project\paper_reproduction\DPPO\source\dppo_v0.6\model\diffusion\diffusion_dipo.py,file,created/downloaded,4304,4.20 KiB,5ada45eaae04202199dc310b58687f742929904f30e23182b73bede9f6915df7,
D:\Desktop\my_project\paper_reproduction\DPPO\source\dppo_v0.6\model\diffusion\diffusion_dql.py,file,created/downloaded,5675,5.54 KiB,26340ed48ee849166ece407709532b656d5104db281ed3ba40cbcdccab1ce471,
D:\Desktop\my_project\paper_reproduction\DPPO\source\dppo_v0.6\model\diffusion\diffusion_idql.py,file,created/downloaded,6022,5.88 KiB,1abf06fcc90fcbb1595f57b11d1b968c09c3cb300c2ec4a4f00b3fb302ec8ed7,
D:\Desktop\my_project\paper_reproduction\DPPO\source\dppo_v0.6\model\diffusion\diffusion_ppo.py,file,created/downloaded,7339,7.17 KiB,17acdcb637ac312f92fd85051c3f1ea6878ec8c2fe3dace961a6df661227acd1,
D:\Desktop\my_project\paper_reproduction\DPPO\source\dppo_v0.6\model\diffusion\diffusion_ppo_exact.py,file,created/downloaded,4986,4.87 KiB,26c7f86e21eab931499f75790a1c128df6fcdd14b2704997cb1507493b752e2e,
D:\Desktop\my_project\paper_reproduction\DPPO\source\dppo_v0.6\model\diffusion\diffusion_qsm.py,file,created/downloaded,3427,3.35 KiB,0949474d47d9505167344168a37e9bbd3fbf5eb8a8dea5645df0eba06e46c44b,
D:\Desktop\my_project\paper_reproduction\DPPO\source\dppo_v0.6\model\diffusion\diffusion_rwr.py,file,created/downloaded,3017,2.95 KiB,e3a35180e97c2bc5d0029bf4cbb1727c460837b750c4e2232a4a594257182849,
D:\Desktop\my_project\paper_reproduction\DPPO\source\dppo_v0.6\model\diffusion\diffusion_vpg.py,file,created/downloaded,18447,18.01 KiB,b704e0374b88d78fbba7d3ab92d4e31fd1a8b136637d7b6b26ec5f8139ca2bd2,
D:\Desktop\my_project\paper_reproduction\DPPO\source\dppo_v0.6\model\diffusion\eta.py,file,created/downloaded,4972,4.86 KiB,f3b287bc7525116619ea67fab97186d9bcbbe6314f0ea5ad355e52cd9e22cc06,
D:\Desktop\my_project\paper_reproduction\DPPO\source\dppo_v0.6\model\diffusion\exact_likelihood.py,file,created/downloaded,6168,6.02 KiB,9888602701e85f43939e3e0c9e39fd53ad07a895e6a28b76451424905b74c5e0,
D:\Desktop\my_project\paper_reproduction\DPPO\source\dppo_v0.6\model\diffusion\mlp_diffusion.py,file,created/downloaded,7755,7.57 KiB,398c2413b1f7ce53e975e8d648c92436223f101307b4a53f9dff994a34d307bd,
D:\Desktop\my_project\paper_reproduction\DPPO\source\dppo_v0.6\model\diffusion\modules.py,file,created/downloaded,2379,2.32 KiB,08812a7b51333ece14e7cb8fcfd2c04e0388c359d40338d73aa5bfa9d58483b7,
D:\Desktop\my_project\paper_reproduction\DPPO\source\dppo_v0.6\model\diffusion\sampling.py,file,created/downloaded,909,909.00 B,703ef483c02ebb5ffa263d3c7100b4f827d114321b82e862cfe533d271b8680a,
D:\Desktop\my_project\paper_reproduction\DPPO\source\dppo_v0.6\model\diffusion\sde_lib.py,file,created/downloaded,6636,6.48 KiB,2c3c98163e46a9964f379300c83de3fc73e8a743c3cbc8eb7efc3687641ef7f7,
D:\Desktop\my_project\paper_reproduction\DPPO\source\dppo_v0.6\model\diffusion\unet.py,file,created/downloaded,11336,11.07 KiB,bead09efd3702c480a7ec27440eb5c19f16ec692a251799b87536f1d5502e534,
D:\Desktop\my_project\paper_reproduction\DPPO\source\dppo_v0.6\model\rl\__init__.py,file,created/downloaded,0,0.00 B,e3b0c44298fc1c149afbf4c8996fb92427ae41e4649b934ca495991b7852b855,
D:\Desktop\my_project\paper_reproduction\DPPO\source\dppo_v0.6\model\rl\__pycache__\__init__.cpython-312.pyc,file,created/downloaded,184,184.00 B,9c66a5e18376a2a6fbea72a835c0f4feda175cbcff9d996199f90ff0b2301c5f,
D:\Desktop\my_project\paper_reproduction\DPPO\source\dppo_v0.6\model\rl\__pycache__\gaussian_ppo.cpython-312.pyc,file,created/downloaded,4242,4.14 KiB,433e848865220d22bfae34e465e122fae6acd28ce83079109e0b82d50351566a,
D:\Desktop\my_project\paper_reproduction\DPPO\source\dppo_v0.6\model\rl\__pycache__\gaussian_vpg.cpython-312.pyc,file,created/downloaded,2506,2.45 KiB,b2b6efeb7629c3e90349a4b772c9ada12f14ecc232ce37ebb6c0b19ca0ed76fd,
D:\Desktop\my_project\paper_reproduction\DPPO\source\dppo_v0.6\model\rl\gaussian_awr.py,file,created/downloaded,635,635.00 B,ab38daf04c6c3721af8a709267f19eb72bd0f6cef74811afab83a44230ae6549,
D:\Desktop\my_project\paper_reproduction\DPPO\source\dppo_v0.6\model\rl\gaussian_calql.py,file,created/downloaded,7205,7.04 KiB,859af9c785bdd189948ee26868475e82b03098e1d73f47ecf06b300a8725226b,
D:\Desktop\my_project\paper_reproduction\DPPO\source\dppo_v0.6\model\rl\gaussian_ibrl.py,file,created/downloaded,7352,7.18 KiB,1bcba067bd7d5d0d650419eface46e18ff9af3d3b7d298291d20b1bbcf2bb388,
D:\Desktop\my_project\paper_reproduction\DPPO\source\dppo_v0.6\model\rl\gaussian_ppo.py,file,created/downloaded,3951,3.86 KiB,d1b2633d898ad225d078ff006ab8029f0160fcfa0dce45d39a35f7a076517190,
D:\Desktop\my_project\paper_reproduction\DPPO\source\dppo_v0.6\model\rl\gaussian_rlpd.py,file,created/downloaded,4596,4.49 KiB,117982d9135306ae7e4ebc6aafb0a48a31e31786b36ef0c3aa238cb637628878,
D:\Desktop\my_project\paper_reproduction\DPPO\source\dppo_v0.6\model\rl\gaussian_rwr.py,file,created/downloaded,1045,1.02 KiB,d208455a8e7a3cb6ce85278266989586182e995eaf068e453933f697e72e93a2,
D:\Desktop\my_project\paper_reproduction\DPPO\source\dppo_v0.6\model\rl\gaussian_sac.py,file,created/downloaded,2531,2.47 KiB,63847b3cf8156a4f640d88d093791f3ab1aa6294ab94203a53f2d6895b7037be,
D:\Desktop\my_project\paper_reproduction\DPPO\source\dppo_v0.6\model\rl\gaussian_vpg.py,file,created/downloaded,1681,1.64 KiB,ce5010f3f2ab9338a2f61d30e315a922a5b7b108a94c598c66c056ebc700b9ee,
D:\Desktop\my_project\paper_reproduction\DPPO\source\dppo_v0.6\model\rl\gmm_ppo.py,file,created/downloaded,3183,3.11 KiB,fa01149bf6e063ccf161c963ff5afab603540c848b298de6d3965ba17a7e7e56,
D:\Desktop\my_project\paper_reproduction\DPPO\source\dppo_v0.6\model\rl\gmm_vpg.py,file,created/downloaded,1072,1.05 KiB,10c93c4932f29a660dab8f34106a1d65a739c03e533a4dad17f61f2d76ceb12d,
D:\Desktop\my_project\paper_reproduction\DPPO\source\dppo_v0.6\pyproject.toml,file,created/downloaded,1675,1.64 KiB,0a1838eec9298b1aba25832940b8d8fa8897800a7287fcf687b38bac111adabd,
D:\Desktop\my_project\paper_reproduction\DPPO\source\dppo_v0.6\README.md,file,created/downloaded,14790,14.44 KiB,cf925a20220ecb97afe2372df22b52a93b9c20eaa308e0b3f6d2bc00fb7109a6,
D:\Desktop\my_project\paper_reproduction\DPPO\source\dppo_v0.6\script\__pycache__\download_url.cpython-312.pyc,file,created/downloaded,24700,24.12 KiB,3f440056f71474f4904203f6cfe6997258ee7e5236f27955daed41fc29e208c2,
D:\Desktop\my_project\paper_reproduction\DPPO\source\dppo_v0.6\script\dataset\filter_d3il_avoid_data.py,file,created/downloaded,13501,13.18 KiB,ab3e31d8bea9d564c504856dc0e047f3485d7998ae90705eeb84f4a2b462baf9,
D:\Desktop\my_project\paper_reproduction\DPPO\source\dppo_v0.6\script\dataset\get_d4rl_dataset.py,file,created/downloaded,7440,7.27 KiB,dabff38f8c5ae326cca3e91d61b7658e47346931a69991377700a663b7711bbe,
D:\Desktop\my_project\paper_reproduction\DPPO\source\dppo_v0.6\script\dataset\process_d3il_dataset.py,file,created/downloaded,10990,10.73 KiB,1c6a831e6c11960c6a41bb755739627249e718dd091e7688ce2805955d889e9f,
D:\Desktop\my_project\paper_reproduction\DPPO\source\dppo_v0.6\script\dataset\process_robomimic_dataset.py,file,created/downloaded,10466,10.22 KiB,9c120b6fa6ad11aa6019a28fe2cf8953e15fcf040c66b8150bb6d754e40548fc,
D:\Desktop\my_project\paper_reproduction\DPPO\source\dppo_v0.6\script\dataset\README.md,file,created/downloaded,1107,1.08 KiB,579d800bdcf5116364350f432f829e56c42dde9bef03ec1c8313ac4a668edd39,
D:\Desktop\my_project\paper_reproduction\DPPO\source\dppo_v0.6\script\download_url.py,file,created/downloaded,29558,28.87 KiB,a85f0343dd91ebc754eb4f002da07a5ccc8ca3ccc481eda0308d180a1adf512a,
D:\Desktop\my_project\paper_reproduction\DPPO\source\dppo_v0.6\script\run.py,file,created/downloaded,3310,3.23 KiB,23a6b7bb081d6771e2009b29bb4fa66d4561563cfc607ca8690773a3147ea882,
D:\Desktop\my_project\paper_reproduction\DPPO\source\dppo_v0.6\script\set_path.sh,file,created/downloaded,1977,1.93 KiB,e475d6052e661923a23d89f51eac340f20ddbe02dec6e46d7d84e02b726d26be,
D:\Desktop\my_project\paper_reproduction\DPPO\source\dppo_v0.6\script\test_d3il_render.py,file,created/downloaded,1030,1.01 KiB,43946d84b418f4db72c3070fd20bf1e303c991872b0c2805d5248f21d8c4ab15,
D:\Desktop\my_project\paper_reproduction\DPPO\source\dppo_v0.6\script\test_robomimic_render.py,file,created/downloaded,1012,1012.00 B,fdb5280f551f792b97e3662ae129e805da8cd69d7cc937dafe72ac6ac8b3451a,
D:\Desktop\my_project\paper_reproduction\DPPO\source\dppo_v0.6\util\__init__.py,file,created/downloaded,0,0.00 B,e3b0c44298fc1c149afbf4c8996fb92427ae41e4649b934ca495991b7852b855,
D:\Desktop\my_project\paper_reproduction\DPPO\source\dppo_v0.6\util\__pycache__\__init__.cpython-312.pyc,file,created/downloaded,180,180.00 B,7845f5e92acc3d789d98bd1158ea30ce29db9a7002d2885f868282b93783ce57,
D:\Desktop\my_project\paper_reproduction\DPPO\source\dppo_v0.6\util\__pycache__\reward_scaling.cpython-312.pyc,file,created/downloaded,4873,4.76 KiB,d92448704b10429cd6c7a8c9832671850b457e670f482027646112e86ae58f77,
D:\Desktop\my_project\paper_reproduction\DPPO\source\dppo_v0.6\util\__pycache__\scheduler.cpython-312.pyc,file,created/downloaded,6517,6.36 KiB,72c79ca662906f9e4dfd68cb2a49bdb62053033013dc240d68985e2aaa53b123,
D:\Desktop\my_project\paper_reproduction\DPPO\source\dppo_v0.6\util\__pycache__\timer.cpython-312.pyc,file,created/downloaded,935,935.00 B,a61e2e9a446e29e1e9ee35805897aaafdce049d591e2ea66a1d9fd8d20f0f683,
D:\Desktop\my_project\paper_reproduction\DPPO\source\dppo_v0.6\util\reward_scaling.py,file,created/downloaded,3081,3.01 KiB,065b4af7a90d4599edc7e2959a9d54524972dd0383f2ee4588c669c5d6b053f8,
D:\Desktop\my_project\paper_reproduction\DPPO\source\dppo_v0.6\util\scheduler.py,file,created/downloaded,5904,5.77 KiB,ba4a3e5e280971735e1c754defd8fd5c01bf4eec8f7312f4f6df1e43600e8b10,
D:\Desktop\my_project\paper_reproduction\DPPO\source\dppo_v0.6\util\timer.py,file,created/downloaded,367,367.00 B,35a92de15fb87cc319013469857ab2c0215514f924da8cca6cd1201b681fbe86,
D:\Desktop\my_project\paper_reproduction\DPPO\图18.png,input,pre-existing,129218,126.19 KiB,1319f93db80b10a92c6d4885598b608f913d863319ec943a92303eb34c677559,supplied before this reproduction
D:\Desktop\my_project\paper_reproduction\DPPO\图4.png,input,pre-existing,426226,416.24 KiB,7103c87c64d943b959db6c2806c94b5f2e2c4905c4bd3c4adee2576b2556c50a,supplied before this reproduction
D:\Desktop\my_project\paper_reproduction\DPPO\导师线上审阅说明.md,publication file,created,10415,10.17 KiB,6fef7d13a0b5ab10d6aaa9cf5707a6c52d2a06f53abd104ce214c3899def2eea,GitHub review material
