task,checkpoint_hash,reset_seed,source_policy,boundary,pulse_direction,pulse_magnitude,condition,screening_or_test,block,draw,native_success,termination_reason,remaining_horizon,actual_steps,snapshot_id,pulse_id,target_pulse_magnitude,actual_action_delta,clip_ratio,eef_displacement_vs_sham,object_displacement_vs_sham,success_before_pulse,success_during_pulse,done_during_pulse,pulse_complete,action_coordinate,reference_frame,sampler_seed
square,c9e22005b58ba2524782e3068c8341554e419acf66f095e238e56df41d9a7aa3,940001,bc,10,,,parent,parent,,,0,natural_termination_or_horizon,0,400,,,,,,,,,,,,,,
square,c9e22005b58ba2524782e3068c8341554e419acf66f095e238e56df41d9a7aa3,940001,bc,10,+x,0.0,sham,pulse,,,0,pulse_complete,356,4,square-seed940001-bc-b10,square-seed940001-bc-b10-m0,0.0,0.0,0.0,0.0,0.0,0,0,0,1,"robot0 OSC_POSE input [dx,dy,dz,ax,ay,az], action index 0/1",robosuite controller relative command convention,
square,c9e22005b58ba2524782e3068c8341554e419acf66f095e238e56df41d9a7aa3,940001,bc,10,+x,0.125,perturbed,pulse,,,0,pulse_complete,356,4,square-seed940001-bc-b10,square-seed940001-bc-b10-m0.125,0.125,0.125,0.0,0.004517332067762651,0.0,0,0,0,1,"robot0 OSC_POSE input [dx,dy,dz,ax,ay,az], action index 0/1",robosuite controller relative command convention,
square,c9e22005b58ba2524782e3068c8341554e419acf66f095e238e56df41d9a7aa3,940001,bc,10,+x,0.25,perturbed,pulse,,,0,pulse_complete,356,4,square-seed940001-bc-b10,square-seed940001-bc-b10-m0.25,0.25,0.25,0.0,0.009025613623593139,0.0,0,0,0,1,"robot0 OSC_POSE input [dx,dy,dz,ax,ay,az], action index 0/1",robosuite controller relative command convention,
square,c9e22005b58ba2524782e3068c8341554e419acf66f095e238e56df41d9a7aa3,940001,bc,10,+x,0.5,perturbed,pulse,,,0,pulse_complete,356,4,square-seed940001-bc-b10,square-seed940001-bc-b10-m0.5,0.5,0.5,0.0,0.0179906024326201,0.0,0,0,0,1,"robot0 OSC_POSE input [dx,dy,dz,ax,ay,az], action index 0/1",robosuite controller relative command convention,
square,18031b2ed2ee422f6e85bd8c113e199d46e0b29f3f2b2d6b4828e67449e0cf25,940001,ft,10,,,parent,parent,,,1,native_success,272,128,,,,,,,,,,,,,,
square,18031b2ed2ee422f6e85bd8c113e199d46e0b29f3f2b2d6b4828e67449e0cf25,940001,ft,10,+x,0.0,sham,pulse,,,0,pulse_complete,356,4,square-seed940001-ft-b10,square-seed940001-ft-b10-m0,0.0,0.0,0.0,0.0,0.0,0,0,0,1,"robot0 OSC_POSE input [dx,dy,dz,ax,ay,az], action index 0/1",robosuite controller relative command convention,
square,18031b2ed2ee422f6e85bd8c113e199d46e0b29f3f2b2d6b4828e67449e0cf25,940001,ft,10,+x,0.125,perturbed,pulse,,,0,pulse_complete,356,4,square-seed940001-ft-b10,square-seed940001-ft-b10-m0.125,0.125,0.125,0.0,0.004449952675253519,0.0,0,0,0,1,"robot0 OSC_POSE input [dx,dy,dz,ax,ay,az], action index 0/1",robosuite controller relative command convention,
square,18031b2ed2ee422f6e85bd8c113e199d46e0b29f3f2b2d6b4828e67449e0cf25,940001,ft,10,+x,0.25,perturbed,pulse,,,0,pulse_complete,356,4,square-seed940001-ft-b10,square-seed940001-ft-b10-m0.25,0.25,0.25,0.0,0.008915478598640522,0.0,0,0,0,1,"robot0 OSC_POSE input [dx,dy,dz,ax,ay,az], action index 0/1",robosuite controller relative command convention,
square,18031b2ed2ee422f6e85bd8c113e199d46e0b29f3f2b2d6b4828e67449e0cf25,940001,ft,10,+x,0.5,perturbed,pulse,,,0,pulse_complete,356,4,square-seed940001-ft-b10,square-seed940001-ft-b10-m0.5,0.5,0.5,0.0,0.017866241939157427,0.0,0,0,0,1,"robot0 OSC_POSE input [dx,dy,dz,ax,ay,az], action index 0/1",robosuite controller relative command convention,
square,c9e22005b58ba2524782e3068c8341554e419acf66f095e238e56df41d9a7aa3,940002,bc,20,,,parent,parent,,,1,native_success,68,332,,,,,,,,,,,,,,
square,c9e22005b58ba2524782e3068c8341554e419acf66f095e238e56df41d9a7aa3,940002,bc,20,-x,0.0,sham,pulse,,,0,pulse_complete,316,4,square-seed940002-bc-b20,square-seed940002-bc-b20-m0,0.0,0.0,0.0,0.0,0.0,0,0,0,1,"robot0 OSC_POSE input [dx,dy,dz,ax,ay,az], action index 0/1",robosuite controller relative command convention,
square,c9e22005b58ba2524782e3068c8341554e419acf66f095e238e56df41d9a7aa3,940002,bc,20,-x,0.125,perturbed,pulse,,,0,pulse_complete,316,4,square-seed940002-bc-b20,square-seed940002-bc-b20-m0.125,0.125,0.125,0.0,0.004403407005967036,0.0,0,0,0,1,"robot0 OSC_POSE input [dx,dy,dz,ax,ay,az], action index 0/1",robosuite controller relative command convention,
square,c9e22005b58ba2524782e3068c8341554e419acf66f095e238e56df41d9a7aa3,940002,bc,20,-x,0.25,perturbed,pulse,,,0,pulse_complete,316,4,square-seed940002-bc-b20,square-seed940002-bc-b20-m0.25,0.25,0.25,0.0,0.008804289601578382,0.0,0,0,0,1,"robot0 OSC_POSE input [dx,dy,dz,ax,ay,az], action index 0/1",robosuite controller relative command convention,
square,c9e22005b58ba2524782e3068c8341554e419acf66f095e238e56df41d9a7aa3,940002,bc,20,-x,0.5,perturbed,pulse,,,0,pulse_complete,316,4,square-seed940002-bc-b20,square-seed940002-bc-b20-m0.5,0.5,0.5,0.0,0.017597985343607358,0.0,0,0,0,1,"robot0 OSC_POSE input [dx,dy,dz,ax,ay,az], action index 0/1",robosuite controller relative command convention,
square,18031b2ed2ee422f6e85bd8c113e199d46e0b29f3f2b2d6b4828e67449e0cf25,940002,ft,20,,,parent,parent,,,1,native_success,216,184,,,,,,,,,,,,,,
square,18031b2ed2ee422f6e85bd8c113e199d46e0b29f3f2b2d6b4828e67449e0cf25,940002,ft,20,-x,0.0,sham,pulse,,,0,pulse_complete,316,4,square-seed940002-ft-b20,square-seed940002-ft-b20-m0,0.0,0.0,0.0,0.0,0.0,0,0,0,1,"robot0 OSC_POSE input [dx,dy,dz,ax,ay,az], action index 0/1",robosuite controller relative command convention,
square,18031b2ed2ee422f6e85bd8c113e199d46e0b29f3f2b2d6b4828e67449e0cf25,940002,ft,20,-x,0.125,perturbed,pulse,,,0,pulse_complete,316,4,square-seed940002-ft-b20,square-seed940002-ft-b20-m0.125,0.125,0.125,0.0,0.004103709980287963,0.0,0,0,0,1,"robot0 OSC_POSE input [dx,dy,dz,ax,ay,az], action index 0/1",robosuite controller relative command convention,
square,18031b2ed2ee422f6e85bd8c113e199d46e0b29f3f2b2d6b4828e67449e0cf25,940002,ft,20,-x,0.25,perturbed,pulse,,,0,pulse_complete,316,4,square-seed940002-ft-b20,square-seed940002-ft-b20-m0.25,0.25,0.25,0.0,0.008165436967875524,0.0,0,0,0,1,"robot0 OSC_POSE input [dx,dy,dz,ax,ay,az], action index 0/1",robosuite controller relative command convention,
square,18031b2ed2ee422f6e85bd8c113e199d46e0b29f3f2b2d6b4828e67449e0cf25,940002,ft,20,-x,0.5,perturbed,pulse,,,0,pulse_complete,316,4,square-seed940002-ft-b20,square-seed940002-ft-b20-m0.5,0.5,0.5,0.0,0.01642596852961419,0.0,0,0,0,1,"robot0 OSC_POSE input [dx,dy,dz,ax,ay,az], action index 0/1",robosuite controller relative command convention,
square,c9e22005b58ba2524782e3068c8341554e419acf66f095e238e56df41d9a7aa3,940003,bc,40,,,parent,parent,,,0,natural_termination_or_horizon,0,400,,,,,,,,,,,,,,
square,c9e22005b58ba2524782e3068c8341554e419acf66f095e238e56df41d9a7aa3,940003,bc,40,+y,0.0,sham,pulse,,,0,pulse_complete,236,4,square-seed940003-bc-b40,square-seed940003-bc-b40-m0,0.0,0.0,0.0,0.0,0.0,0,0,0,1,"robot0 OSC_POSE input [dx,dy,dz,ax,ay,az], action index 0/1",robosuite controller relative command convention,
square,c9e22005b58ba2524782e3068c8341554e419acf66f095e238e56df41d9a7aa3,940003,bc,40,+y,0.125,perturbed,pulse,,,0,pulse_complete,236,4,square-seed940003-bc-b40,square-seed940003-bc-b40-m0.125,0.125,0.125,0.0,0.0024189943604001293,0.003975304383318038,0,0,0,1,"robot0 OSC_POSE input [dx,dy,dz,ax,ay,az], action index 0/1",robosuite controller relative command convention,
square,c9e22005b58ba2524782e3068c8341554e419acf66f095e238e56df41d9a7aa3,940003,bc,40,+y,0.25,perturbed,pulse,,,0,pulse_complete,236,4,square-seed940003-bc-b40,square-seed940003-bc-b40-m0.25,0.25,0.25,0.0,0.0038822656814353263,0.00365992494266584,0,0,0,1,"robot0 OSC_POSE input [dx,dy,dz,ax,ay,az], action index 0/1",robosuite controller relative command convention,
square,c9e22005b58ba2524782e3068c8341554e419acf66f095e238e56df41d9a7aa3,940003,bc,40,+y,0.5,perturbed,pulse,,,0,pulse_complete,236,4,square-seed940003-bc-b40,square-seed940003-bc-b40-m0.5,0.5,0.5,0.0,0.008532638999043907,0.0056885889680018805,0,0,0,1,"robot0 OSC_POSE input [dx,dy,dz,ax,ay,az], action index 0/1",robosuite controller relative command convention,
square,18031b2ed2ee422f6e85bd8c113e199d46e0b29f3f2b2d6b4828e67449e0cf25,940003,ft,40,,,parent,parent,,,1,native_success,296,104,,,,,,,,,,,,,,
square,c9e22005b58ba2524782e3068c8341554e419acf66f095e238e56df41d9a7aa3,940004,bc,10,,,parent,parent,,,0,natural_termination_or_horizon,0,400,,,,,,,,,,,,,,
square,c9e22005b58ba2524782e3068c8341554e419acf66f095e238e56df41d9a7aa3,940004,bc,10,-y,0.0,sham,pulse,,,0,pulse_complete,356,4,square-seed940004-bc-b10,square-seed940004-bc-b10-m0,0.0,0.0,0.0,0.0,0.0,0,0,0,1,"robot0 OSC_POSE input [dx,dy,dz,ax,ay,az], action index 0/1",robosuite controller relative command convention,
square,c9e22005b58ba2524782e3068c8341554e419acf66f095e238e56df41d9a7aa3,940004,bc,10,-y,0.125,perturbed,pulse,,,0,pulse_complete,356,4,square-seed940004-bc-b10,square-seed940004-bc-b10-m0.125,0.125,0.125,0.0,0.00484802226144389,0.0,0,0,0,1,"robot0 OSC_POSE input [dx,dy,dz,ax,ay,az], action index 0/1",robosuite controller relative command convention,
square,c9e22005b58ba2524782e3068c8341554e419acf66f095e238e56df41d9a7aa3,940004,bc,10,-y,0.25,perturbed,pulse,,,0,pulse_complete,356,4,square-seed940004-bc-b10,square-seed940004-bc-b10-m0.25,0.25,0.25,0.0,0.0096435209487423,0.0,0,0,0,1,"robot0 OSC_POSE input [dx,dy,dz,ax,ay,az], action index 0/1",robosuite controller relative command convention,
square,c9e22005b58ba2524782e3068c8341554e419acf66f095e238e56df41d9a7aa3,940004,bc,10,-y,0.5,perturbed,pulse,,,0,pulse_complete,356,4,square-seed940004-bc-b10,square-seed940004-bc-b10-m0.5,0.5,0.5,0.0,0.019200160211394646,0.0,0,0,0,1,"robot0 OSC_POSE input [dx,dy,dz,ax,ay,az], action index 0/1",robosuite controller relative command convention,
square,18031b2ed2ee422f6e85bd8c113e199d46e0b29f3f2b2d6b4828e67449e0cf25,940004,ft,10,,,parent,parent,,,1,native_success,304,96,,,,,,,,,,,,,,
square,18031b2ed2ee422f6e85bd8c113e199d46e0b29f3f2b2d6b4828e67449e0cf25,940004,ft,10,-y,0.0,sham,pulse,,,0,pulse_complete,356,4,square-seed940004-ft-b10,square-seed940004-ft-b10-m0,0.0,0.0,0.0,0.0,0.0,0,0,0,1,"robot0 OSC_POSE input [dx,dy,dz,ax,ay,az], action index 0/1",robosuite controller relative command convention,
square,18031b2ed2ee422f6e85bd8c113e199d46e0b29f3f2b2d6b4828e67449e0cf25,940004,ft,10,-y,0.125,perturbed,pulse,,,0,pulse_complete,356,4,square-seed940004-ft-b10,square-seed940004-ft-b10-m0.125,0.125,0.125,0.0,0.0026376834774946537,0.0,0,0,0,1,"robot0 OSC_POSE input [dx,dy,dz,ax,ay,az], action index 0/1",robosuite controller relative command convention,
square,18031b2ed2ee422f6e85bd8c113e199d46e0b29f3f2b2d6b4828e67449e0cf25,940004,ft,10,-y,0.25,perturbed,pulse,,,0,pulse_complete,356,4,square-seed940004-ft-b10,square-seed940004-ft-b10-m0.25,0.25,0.25,0.0,0.0053182562344968425,0.0,0,0,0,1,"robot0 OSC_POSE input [dx,dy,dz,ax,ay,az], action index 0/1",robosuite controller relative command convention,
square,18031b2ed2ee422f6e85bd8c113e199d46e0b29f3f2b2d6b4828e67449e0cf25,940004,ft,10,-y,0.5,perturbed,pulse,,,0,pulse_complete,356,4,square-seed940004-ft-b10,square-seed940004-ft-b10-m0.5,0.5,0.5,0.0,0.010808317068042948,0.0,0,0,0,1,"robot0 OSC_POSE input [dx,dy,dz,ax,ay,az], action index 0/1",robosuite controller relative command convention,
square,c9e22005b58ba2524782e3068c8341554e419acf66f095e238e56df41d9a7aa3,940005,bc,20,,,parent,parent,,,1,native_success,240,160,,,,,,,,,,,,,,
square,c9e22005b58ba2524782e3068c8341554e419acf66f095e238e56df41d9a7aa3,940005,bc,20,+x,0.0,sham,pulse,,,0,pulse_complete,316,4,square-seed940005-bc-b20,square-seed940005-bc-b20-m0,0.0,0.0,0.0,0.0,0.0,0,0,0,1,"robot0 OSC_POSE input [dx,dy,dz,ax,ay,az], action index 0/1",robosuite controller relative command convention,
square,c9e22005b58ba2524782e3068c8341554e419acf66f095e238e56df41d9a7aa3,940005,bc,20,+x,0.125,perturbed,pulse,,,0,pulse_complete,316,4,square-seed940005-bc-b20,square-seed940005-bc-b20-m0.125,0.125,0.125,0.0,0.0021501320366379703,0.00848331165135279,0,0,0,1,"robot0 OSC_POSE input [dx,dy,dz,ax,ay,az], action index 0/1",robosuite controller relative command convention,
square,c9e22005b58ba2524782e3068c8341554e419acf66f095e238e56df41d9a7aa3,940005,bc,20,+x,0.25,perturbed,pulse,,,0,pulse_complete,316,4,square-seed940005-bc-b20,square-seed940005-bc-b20-m0.25,0.25,0.25,0.0,0.005495242878702894,0.011095283128465949,0,0,0,1,"robot0 OSC_POSE input [dx,dy,dz,ax,ay,az], action index 0/1",robosuite controller relative command convention,
square,c9e22005b58ba2524782e3068c8341554e419acf66f095e238e56df41d9a7aa3,940005,bc,20,+x,0.5,perturbed,pulse,,,0,pulse_complete,316,4,square-seed940005-bc-b20,square-seed940005-bc-b20-m0.5,0.5,0.5,0.0,0.008384942283977515,0.013690706977633417,0,0,0,1,"robot0 OSC_POSE input [dx,dy,dz,ax,ay,az], action index 0/1",robosuite controller relative command convention,
square,18031b2ed2ee422f6e85bd8c113e199d46e0b29f3f2b2d6b4828e67449e0cf25,940005,ft,20,,,parent,parent,,,1,native_success,312,88,,,,,,,,,,,,,,
square,18031b2ed2ee422f6e85bd8c113e199d46e0b29f3f2b2d6b4828e67449e0cf25,940005,ft,20,+x,0.0,sham,pulse,,,1,success_or_done_during_pulse,316,4,square-seed940005-ft-b20,square-seed940005-ft-b20-m0,0.0,0.0,0.0,0.0,0.0,0,1,0,1,"robot0 OSC_POSE input [dx,dy,dz,ax,ay,az], action index 0/1",robosuite controller relative command convention,
square,18031b2ed2ee422f6e85bd8c113e199d46e0b29f3f2b2d6b4828e67449e0cf25,940005,ft,20,+x,0.125,perturbed,pulse,,,1,success_or_done_during_pulse,316,4,square-seed940005-ft-b20,square-seed940005-ft-b20-m0.125,0.125,0.125,0.0,0.004104266364057606,0.0020721754077471103,0,1,0,1,"robot0 OSC_POSE input [dx,dy,dz,ax,ay,az], action index 0/1",robosuite controller relative command convention,
square,18031b2ed2ee422f6e85bd8c113e199d46e0b29f3f2b2d6b4828e67449e0cf25,940005,ft,20,+x,0.25,perturbed,pulse,,,1,success_or_done_during_pulse,316,4,square-seed940005-ft-b20,square-seed940005-ft-b20-m0.25,0.25,0.25,0.0,0.008184609415522634,0.002554135394717184,0,1,0,1,"robot0 OSC_POSE input [dx,dy,dz,ax,ay,az], action index 0/1",robosuite controller relative command convention,
square,18031b2ed2ee422f6e85bd8c113e199d46e0b29f3f2b2d6b4828e67449e0cf25,940005,ft,20,+x,0.5,perturbed,pulse,,,1,success_or_done_during_pulse,316,4,square-seed940005-ft-b20,square-seed940005-ft-b20-m0.5,0.5,0.5,0.0,0.016288470687783843,0.002080418771055757,0,1,0,1,"robot0 OSC_POSE input [dx,dy,dz,ax,ay,az], action index 0/1",robosuite controller relative command convention,
square,c9e22005b58ba2524782e3068c8341554e419acf66f095e238e56df41d9a7aa3,940006,bc,40,,,parent,parent,,,1,native_success,156,244,,,,,,,,,,,,,,
square,c9e22005b58ba2524782e3068c8341554e419acf66f095e238e56df41d9a7aa3,940006,bc,40,-x,0.0,sham,pulse,,,0,pulse_complete,236,4,square-seed940006-bc-b40,square-seed940006-bc-b40-m0,0.0,0.0,0.0,0.0,0.0,0,0,0,1,"robot0 OSC_POSE input [dx,dy,dz,ax,ay,az], action index 0/1",robosuite controller relative command convention,
square,c9e22005b58ba2524782e3068c8341554e419acf66f095e238e56df41d9a7aa3,940006,bc,40,-x,0.125,perturbed,pulse,,,0,pulse_complete,236,4,square-seed940006-bc-b40,square-seed940006-bc-b40-m0.125,0.125,0.125,0.0,0.004728644320148525,0.07652876199570216,0,0,0,1,"robot0 OSC_POSE input [dx,dy,dz,ax,ay,az], action index 0/1",robosuite controller relative command convention,
square,c9e22005b58ba2524782e3068c8341554e419acf66f095e238e56df41d9a7aa3,940006,bc,40,-x,0.25,perturbed,pulse,,,0,pulse_complete,236,4,square-seed940006-bc-b40,square-seed940006-bc-b40-m0.25,0.25,0.25,0.0,0.00942912752758633,0.07660292631707112,0,0,0,1,"robot0 OSC_POSE input [dx,dy,dz,ax,ay,az], action index 0/1",robosuite controller relative command convention,
square,c9e22005b58ba2524782e3068c8341554e419acf66f095e238e56df41d9a7aa3,940006,bc,40,-x,0.5,perturbed,pulse,,,0,pulse_complete,236,4,square-seed940006-bc-b40,square-seed940006-bc-b40-m0.5,0.5,0.5,0.0,0.01887850510898965,0.0776407284557735,0,0,0,1,"robot0 OSC_POSE input [dx,dy,dz,ax,ay,az], action index 0/1",robosuite controller relative command convention,
square,18031b2ed2ee422f6e85bd8c113e199d46e0b29f3f2b2d6b4828e67449e0cf25,940006,ft,40,,,parent,parent,,,1,native_success,304,96,,,,,,,,,,,,,,
square,c9e22005b58ba2524782e3068c8341554e419acf66f095e238e56df41d9a7aa3,940007,bc,10,,,parent,parent,,,1,native_success,172,228,,,,,,,,,,,,,,
square,c9e22005b58ba2524782e3068c8341554e419acf66f095e238e56df41d9a7aa3,940007,bc,10,+y,0.0,sham,pulse,,,0,pulse_complete,356,4,square-seed940007-bc-b10,square-seed940007-bc-b10-m0,0.0,0.0,0.0,0.0,0.0,0,0,0,1,"robot0 OSC_POSE input [dx,dy,dz,ax,ay,az], action index 0/1",robosuite controller relative command convention,
square,c9e22005b58ba2524782e3068c8341554e419acf66f095e238e56df41d9a7aa3,940007,bc,10,+y,0.125,perturbed,pulse,,,0,pulse_complete,356,4,square-seed940007-bc-b10,square-seed940007-bc-b10-m0.125,0.125,0.125,0.0,0.004393558750423072,0.0,0,0,0,1,"robot0 OSC_POSE input [dx,dy,dz,ax,ay,az], action index 0/1",robosuite controller relative command convention,
square,c9e22005b58ba2524782e3068c8341554e419acf66f095e238e56df41d9a7aa3,940007,bc,10,+y,0.25,perturbed,pulse,,,0,pulse_complete,356,4,square-seed940007-bc-b10,square-seed940007-bc-b10-m0.25,0.25,0.25,0.0,0.008880749931177233,0.0,0,0,0,1,"robot0 OSC_POSE input [dx,dy,dz,ax,ay,az], action index 0/1",robosuite controller relative command convention,
square,c9e22005b58ba2524782e3068c8341554e419acf66f095e238e56df41d9a7aa3,940007,bc,10,+y,0.5,perturbed,pulse,,,0,pulse_complete,356,4,square-seed940007-bc-b10,square-seed940007-bc-b10-m0.5,0.5,0.5,0.0,0.017951671687743233,0.0,0,0,0,1,"robot0 OSC_POSE input [dx,dy,dz,ax,ay,az], action index 0/1",robosuite controller relative command convention,
square,18031b2ed2ee422f6e85bd8c113e199d46e0b29f3f2b2d6b4828e67449e0cf25,940007,ft,10,,,parent,parent,,,1,native_success,300,100,,,,,,,,,,,,,,
square,18031b2ed2ee422f6e85bd8c113e199d46e0b29f3f2b2d6b4828e67449e0cf25,940007,ft,10,+y,0.0,sham,pulse,,,0,pulse_complete,356,4,square-seed940007-ft-b10,square-seed940007-ft-b10-m0,0.0,0.0,0.0,0.0,0.0,0,0,0,1,"robot0 OSC_POSE input [dx,dy,dz,ax,ay,az], action index 0/1",robosuite controller relative command convention,
square,18031b2ed2ee422f6e85bd8c113e199d46e0b29f3f2b2d6b4828e67449e0cf25,940007,ft,10,+y,0.125,perturbed,pulse,,,0,pulse_complete,356,4,square-seed940007-ft-b10,square-seed940007-ft-b10-m0.125,0.125,0.125,0.0,0.0021432078613784888,0.006678379326174733,0,0,0,1,"robot0 OSC_POSE input [dx,dy,dz,ax,ay,az], action index 0/1",robosuite controller relative command convention,
square,18031b2ed2ee422f6e85bd8c113e199d46e0b29f3f2b2d6b4828e67449e0cf25,940007,ft,10,+y,0.25,perturbed,pulse,,,0,pulse_complete,356,4,square-seed940007-ft-b10,square-seed940007-ft-b10-m0.25,0.25,0.25,0.0,0.0012170977379357692,0.005865141447963648,0,0,0,1,"robot0 OSC_POSE input [dx,dy,dz,ax,ay,az], action index 0/1",robosuite controller relative command convention,
square,18031b2ed2ee422f6e85bd8c113e199d46e0b29f3f2b2d6b4828e67449e0cf25,940007,ft,10,+y,0.5,perturbed,pulse,,,0,pulse_complete,356,4,square-seed940007-ft-b10,square-seed940007-ft-b10-m0.5,0.5,0.5,0.0,0.005733972675957602,0.002553114340576384,0,0,0,1,"robot0 OSC_POSE input [dx,dy,dz,ax,ay,az], action index 0/1",robosuite controller relative command convention,
square,c9e22005b58ba2524782e3068c8341554e419acf66f095e238e56df41d9a7aa3,940008,bc,20,,,parent,parent,,,1,native_success,216,184,,,,,,,,,,,,,,
square,c9e22005b58ba2524782e3068c8341554e419acf66f095e238e56df41d9a7aa3,940008,bc,20,-y,0.0,sham,pulse,,,0,pulse_complete,316,4,square-seed940008-bc-b20,square-seed940008-bc-b20-m0,0.0,0.0,0.0,0.0,0.0,0,0,0,1,"robot0 OSC_POSE input [dx,dy,dz,ax,ay,az], action index 0/1",robosuite controller relative command convention,
square,c9e22005b58ba2524782e3068c8341554e419acf66f095e238e56df41d9a7aa3,940008,bc,20,-y,0.125,perturbed,pulse,,,0,pulse_complete,316,4,square-seed940008-bc-b20,square-seed940008-bc-b20-m0.125,0.125,0.125,0.0,0.003180079469232704,0.011599400358512455,0,0,0,1,"robot0 OSC_POSE input [dx,dy,dz,ax,ay,az], action index 0/1",robosuite controller relative command convention,
square,c9e22005b58ba2524782e3068c8341554e419acf66f095e238e56df41d9a7aa3,940008,bc,20,-y,0.25,perturbed,pulse,,,0,pulse_complete,316,4,square-seed940008-bc-b20,square-seed940008-bc-b20-m0.25,0.25,0.25,0.0,0.0041182484280865295,0.012843519141363708,0,0,0,1,"robot0 OSC_POSE input [dx,dy,dz,ax,ay,az], action index 0/1",robosuite controller relative command convention,
square,c9e22005b58ba2524782e3068c8341554e419acf66f095e238e56df41d9a7aa3,940008,bc,20,-y,0.5,perturbed,pulse,,,0,pulse_complete,316,4,square-seed940008-bc-b20,square-seed940008-bc-b20-m0.5,0.5,0.5,0.0,0.004624807178686968,0.00879633267751585,0,0,0,1,"robot0 OSC_POSE input [dx,dy,dz,ax,ay,az], action index 0/1",robosuite controller relative command convention,
square,18031b2ed2ee422f6e85bd8c113e199d46e0b29f3f2b2d6b4828e67449e0cf25,940008,ft,20,,,parent,parent,,,1,native_success,308,92,,,,,,,,,,,,,,
square,18031b2ed2ee422f6e85bd8c113e199d46e0b29f3f2b2d6b4828e67449e0cf25,940008,ft,20,-y,0.0,sham,pulse,,,1,success_or_done_during_pulse,316,4,square-seed940008-ft-b20,square-seed940008-ft-b20-m0,0.0,0.0,0.0,0.0,0.0,0,1,0,1,"robot0 OSC_POSE input [dx,dy,dz,ax,ay,az], action index 0/1",robosuite controller relative command convention,
square,18031b2ed2ee422f6e85bd8c113e199d46e0b29f3f2b2d6b4828e67449e0cf25,940008,ft,20,-y,0.125,perturbed,pulse,,,0,pulse_complete,316,4,square-seed940008-ft-b20,square-seed940008-ft-b20-m0.125,0.125,0.125,0.0,0.00480549659276522,0.11457757797546486,0,0,0,1,"robot0 OSC_POSE input [dx,dy,dz,ax,ay,az], action index 0/1",robosuite controller relative command convention,
square,18031b2ed2ee422f6e85bd8c113e199d46e0b29f3f2b2d6b4828e67449e0cf25,940008,ft,20,-y,0.25,perturbed,pulse,,,0,pulse_complete,316,4,square-seed940008-ft-b20,square-seed940008-ft-b20-m0.25,0.25,0.25,0.0,0.008641403956483714,0.1181632558406698,0,0,0,1,"robot0 OSC_POSE input [dx,dy,dz,ax,ay,az], action index 0/1",robosuite controller relative command convention,
square,18031b2ed2ee422f6e85bd8c113e199d46e0b29f3f2b2d6b4828e67449e0cf25,940008,ft,20,-y,0.5,perturbed,pulse,,,0,pulse_complete,316,4,square-seed940008-ft-b20,square-seed940008-ft-b20-m0.5,0.5,0.5,0.0,0.01666179956226051,0.12613552727060715,0,0,0,1,"robot0 OSC_POSE input [dx,dy,dz,ax,ay,az], action index 0/1",robosuite controller relative command convention,
square,c9e22005b58ba2524782e3068c8341554e419acf66f095e238e56df41d9a7aa3,940009,bc,40,,,parent,parent,,,0,natural_termination_or_horizon,0,400,,,,,,,,,,,,,,
square,c9e22005b58ba2524782e3068c8341554e419acf66f095e238e56df41d9a7aa3,940009,bc,40,+x,0.0,sham,pulse,,,0,pulse_complete,236,4,square-seed940009-bc-b40,square-seed940009-bc-b40-m0,0.0,0.0,0.0,0.0,0.0,0,0,0,1,"robot0 OSC_POSE input [dx,dy,dz,ax,ay,az], action index 0/1",robosuite controller relative command convention,
square,c9e22005b58ba2524782e3068c8341554e419acf66f095e238e56df41d9a7aa3,940009,bc,40,+x,0.125,perturbed,pulse,,,0,pulse_complete,236,4,square-seed940009-bc-b40,square-seed940009-bc-b40-m0.125,0.125,0.125,0.0,0.0011904613258924529,0.0008809588517560422,0,0,0,1,"robot0 OSC_POSE input [dx,dy,dz,ax,ay,az], action index 0/1",robosuite controller relative command convention,
square,c9e22005b58ba2524782e3068c8341554e419acf66f095e238e56df41d9a7aa3,940009,bc,40,+x,0.25,perturbed,pulse,,,0,pulse_complete,236,4,square-seed940009-bc-b40,square-seed940009-bc-b40-m0.25,0.25,0.25,0.0,0.0026109923323750623,0.002049882066574563,0,0,0,1,"robot0 OSC_POSE input [dx,dy,dz,ax,ay,az], action index 0/1",robosuite controller relative command convention,
square,c9e22005b58ba2524782e3068c8341554e419acf66f095e238e56df41d9a7aa3,940009,bc,40,+x,0.5,perturbed,pulse,,,0,pulse_complete,236,4,square-seed940009-bc-b40,square-seed940009-bc-b40-m0.5,0.5,0.5,0.5,0.005203554633207874,0.0043580080431743174,0,0,0,1,"robot0 OSC_POSE input [dx,dy,dz,ax,ay,az], action index 0/1",robosuite controller relative command convention,
square,18031b2ed2ee422f6e85bd8c113e199d46e0b29f3f2b2d6b4828e67449e0cf25,940009,ft,40,,,parent,parent,,,1,native_success,296,104,,,,,,,,,,,,,,
square,c9e22005b58ba2524782e3068c8341554e419acf66f095e238e56df41d9a7aa3,940010,bc,10,,,parent,parent,,,0,natural_termination_or_horizon,0,400,,,,,,,,,,,,,,
square,c9e22005b58ba2524782e3068c8341554e419acf66f095e238e56df41d9a7aa3,940010,bc,10,-x,0.0,sham,pulse,,,0,pulse_complete,356,4,square-seed940010-bc-b10,square-seed940010-bc-b10-m0,0.0,0.0,0.0,0.0,0.0,0,0,0,1,"robot0 OSC_POSE input [dx,dy,dz,ax,ay,az], action index 0/1",robosuite controller relative command convention,
square,c9e22005b58ba2524782e3068c8341554e419acf66f095e238e56df41d9a7aa3,940010,bc,10,-x,0.125,perturbed,pulse,,,0,pulse_complete,356,4,square-seed940010-bc-b10,square-seed940010-bc-b10-m0.125,0.125,0.125,0.0,0.004674189273308522,0.0,0,0,0,1,"robot0 OSC_POSE input [dx,dy,dz,ax,ay,az], action index 0/1",robosuite controller relative command convention,
square,c9e22005b58ba2524782e3068c8341554e419acf66f095e238e56df41d9a7aa3,940010,bc,10,-x,0.25,perturbed,pulse,,,0,pulse_complete,356,4,square-seed940010-bc-b10,square-seed940010-bc-b10-m0.25,0.25,0.25,0.0,0.009358286931501932,0.0,0,0,0,1,"robot0 OSC_POSE input [dx,dy,dz,ax,ay,az], action index 0/1",robosuite controller relative command convention,
square,c9e22005b58ba2524782e3068c8341554e419acf66f095e238e56df41d9a7aa3,940010,bc,10,-x,0.5,perturbed,pulse,,,0,pulse_complete,356,4,square-seed940010-bc-b10,square-seed940010-bc-b10-m0.5,0.5,0.5,0.0,0.01875604075352526,0.0,0,0,0,1,"robot0 OSC_POSE input [dx,dy,dz,ax,ay,az], action index 0/1",robosuite controller relative command convention,
square,18031b2ed2ee422f6e85bd8c113e199d46e0b29f3f2b2d6b4828e67449e0cf25,940010,ft,10,,,parent,parent,,,1,native_success,288,112,,,,,,,,,,,,,,
square,18031b2ed2ee422f6e85bd8c113e199d46e0b29f3f2b2d6b4828e67449e0cf25,940010,ft,10,-x,0.0,sham,pulse,,,0,pulse_complete,356,4,square-seed940010-ft-b10,square-seed940010-ft-b10-m0,0.0,0.0,0.0,0.0,0.0,0,0,0,1,"robot0 OSC_POSE input [dx,dy,dz,ax,ay,az], action index 0/1",robosuite controller relative command convention,
square,18031b2ed2ee422f6e85bd8c113e199d46e0b29f3f2b2d6b4828e67449e0cf25,940010,ft,10,-x,0.125,perturbed,pulse,,,0,pulse_complete,356,4,square-seed940010-ft-b10,square-seed940010-ft-b10-m0.125,0.125,0.125,0.0,0.0027381905851998683,2.6497791905574324e-07,0,0,0,1,"robot0 OSC_POSE input [dx,dy,dz,ax,ay,az], action index 0/1",robosuite controller relative command convention,
square,18031b2ed2ee422f6e85bd8c113e199d46e0b29f3f2b2d6b4828e67449e0cf25,940010,ft,10,-x,0.25,perturbed,pulse,,,0,pulse_complete,356,4,square-seed940010-ft-b10,square-seed940010-ft-b10-m0.25,0.25,0.25,0.0,0.0062129063863660865,4.423894011127721e-08,0,0,0,1,"robot0 OSC_POSE input [dx,dy,dz,ax,ay,az], action index 0/1",robosuite controller relative command convention,
square,18031b2ed2ee422f6e85bd8c113e199d46e0b29f3f2b2d6b4828e67449e0cf25,940010,ft,10,-x,0.5,perturbed,pulse,,,0,pulse_complete,356,4,square-seed940010-ft-b10,square-seed940010-ft-b10-m0.5,0.5,0.5,0.0,0.013505419968629315,2.3041792734257945e-07,0,0,0,1,"robot0 OSC_POSE input [dx,dy,dz,ax,ay,az], action index 0/1",robosuite controller relative command convention,
square,c9e22005b58ba2524782e3068c8341554e419acf66f095e238e56df41d9a7aa3,940011,bc,20,,,parent,parent,,,1,native_success,236,164,,,,,,,,,,,,,,
square,c9e22005b58ba2524782e3068c8341554e419acf66f095e238e56df41d9a7aa3,940011,bc,20,+y,0.0,sham,pulse,,,0,pulse_complete,316,4,square-seed940011-bc-b20,square-seed940011-bc-b20-m0,0.0,0.0,0.0,0.0,0.0,0,0,0,1,"robot0 OSC_POSE input [dx,dy,dz,ax,ay,az], action index 0/1",robosuite controller relative command convention,
square,c9e22005b58ba2524782e3068c8341554e419acf66f095e238e56df41d9a7aa3,940011,bc,20,+y,0.125,perturbed,pulse,,,0,pulse_complete,316,4,square-seed940011-bc-b20,square-seed940011-bc-b20-m0.125,0.125,0.125,0.0,0.00424195590203916,0.04973535841879889,0,0,0,1,"robot0 OSC_POSE input [dx,dy,dz,ax,ay,az], action index 0/1",robosuite controller relative command convention,
square,c9e22005b58ba2524782e3068c8341554e419acf66f095e238e56df41d9a7aa3,940011,bc,20,+y,0.25,perturbed,pulse,,,0,pulse_complete,316,4,square-seed940011-bc-b20,square-seed940011-bc-b20-m0.25,0.25,0.25,0.0,0.008511619014378032,0.04951148109660072,0,0,0,1,"robot0 OSC_POSE input [dx,dy,dz,ax,ay,az], action index 0/1",robosuite controller relative command convention,
square,c9e22005b58ba2524782e3068c8341554e419acf66f095e238e56df41d9a7aa3,940011,bc,20,+y,0.5,perturbed,pulse,,,0,pulse_complete,316,4,square-seed940011-bc-b20,square-seed940011-bc-b20-m0.5,0.5,0.5,0.0,0.017028040039992566,0.05007248868431588,0,0,0,1,"robot0 OSC_POSE input [dx,dy,dz,ax,ay,az], action index 0/1",robosuite controller relative command convention,
square,18031b2ed2ee422f6e85bd8c113e199d46e0b29f3f2b2d6b4828e67449e0cf25,940011,ft,20,,,parent,parent,,,1,native_success,296,104,,,,,,,,,,,,,,
square,18031b2ed2ee422f6e85bd8c113e199d46e0b29f3f2b2d6b4828e67449e0cf25,940011,ft,20,+y,0.0,sham,pulse,,,0,pulse_complete,316,4,square-seed940011-ft-b20,square-seed940011-ft-b20-m0,0.0,0.0,0.0,0.0,0.0,0,0,0,1,"robot0 OSC_POSE input [dx,dy,dz,ax,ay,az], action index 0/1",robosuite controller relative command convention,
square,18031b2ed2ee422f6e85bd8c113e199d46e0b29f3f2b2d6b4828e67449e0cf25,940011,ft,20,+y,0.125,perturbed,pulse,,,0,pulse_complete,316,4,square-seed940011-ft-b20,square-seed940011-ft-b20-m0.125,0.125,0.125,0.0,0.004763895136209435,0.05119117658630272,0,0,0,1,"robot0 OSC_POSE input [dx,dy,dz,ax,ay,az], action index 0/1",robosuite controller relative command convention,
square,18031b2ed2ee422f6e85bd8c113e199d46e0b29f3f2b2d6b4828e67449e0cf25,940011,ft,20,+y,0.25,perturbed,pulse,,,0,pulse_complete,316,4,square-seed940011-ft-b20,square-seed940011-ft-b20-m0.25,0.25,0.25,0.0,0.009486067990282869,0.052325333858128854,0,0,0,1,"robot0 OSC_POSE input [dx,dy,dz,ax,ay,az], action index 0/1",robosuite controller relative command convention,
square,18031b2ed2ee422f6e85bd8c113e199d46e0b29f3f2b2d6b4828e67449e0cf25,940011,ft,20,+y,0.5,perturbed,pulse,,,0,pulse_complete,316,4,square-seed940011-ft-b20,square-seed940011-ft-b20-m0.5,0.5,0.5,0.0,0.018989933201179473,0.05573141735151901,0,0,0,1,"robot0 OSC_POSE input [dx,dy,dz,ax,ay,az], action index 0/1",robosuite controller relative command convention,
square,c9e22005b58ba2524782e3068c8341554e419acf66f095e238e56df41d9a7aa3,940012,bc,40,,,parent,parent,,,1,native_success,176,224,,,,,,,,,,,,,,
square,c9e22005b58ba2524782e3068c8341554e419acf66f095e238e56df41d9a7aa3,940012,bc,40,-y,0.0,sham,pulse,,,0,pulse_complete,236,4,square-seed940012-bc-b40,square-seed940012-bc-b40-m0,0.0,0.0,0.0,0.0,0.0,0,0,0,1,"robot0 OSC_POSE input [dx,dy,dz,ax,ay,az], action index 0/1",robosuite controller relative command convention,
square,c9e22005b58ba2524782e3068c8341554e419acf66f095e238e56df41d9a7aa3,940012,bc,40,-y,0.125,perturbed,pulse,,,0,pulse_complete,236,4,square-seed940012-bc-b40,square-seed940012-bc-b40-m0.125,0.125,0.125,0.0,0.0044036693143651075,0.022604875643166336,0,0,0,1,"robot0 OSC_POSE input [dx,dy,dz,ax,ay,az], action index 0/1",robosuite controller relative command convention,
square,c9e22005b58ba2524782e3068c8341554e419acf66f095e238e56df41d9a7aa3,940012,bc,40,-y,0.25,perturbed,pulse,,,0,pulse_complete,236,4,square-seed940012-bc-b40,square-seed940012-bc-b40-m0.25,0.25,0.25,0.0,0.009007128287875381,0.02371869423787356,0,0,0,1,"robot0 OSC_POSE input [dx,dy,dz,ax,ay,az], action index 0/1",robosuite controller relative command convention,
square,c9e22005b58ba2524782e3068c8341554e419acf66f095e238e56df41d9a7aa3,940012,bc,40,-y,0.5,perturbed,pulse,,,0,pulse_complete,236,4,square-seed940012-bc-b40,square-seed940012-bc-b40-m0.5,0.5,0.5,0.0,0.01821544474282553,0.0282480053698456,0,0,0,1,"robot0 OSC_POSE input [dx,dy,dz,ax,ay,az], action index 0/1",robosuite controller relative command convention,
square,18031b2ed2ee422f6e85bd8c113e199d46e0b29f3f2b2d6b4828e67449e0cf25,940012,ft,40,,,parent,parent,,,1,native_success,288,112,,,,,,,,,,,,,,
square,c9e22005b58ba2524782e3068c8341554e419acf66f095e238e56df41d9a7aa3,940013,bc,10,,,parent,parent,,,0,natural_termination_or_horizon,0,400,,,,,,,,,,,,,,
square,c9e22005b58ba2524782e3068c8341554e419acf66f095e238e56df41d9a7aa3,940013,bc,10,+x,0.0,sham,pulse,,,0,pulse_complete,356,4,square-seed940013-bc-b10,square-seed940013-bc-b10-m0,0.0,0.0,0.0,0.0,0.0,0,0,0,1,"robot0 OSC_POSE input [dx,dy,dz,ax,ay,az], action index 0/1",robosuite controller relative command convention,
square,c9e22005b58ba2524782e3068c8341554e419acf66f095e238e56df41d9a7aa3,940013,bc,10,+x,0.125,perturbed,pulse,,,0,pulse_complete,356,4,square-seed940013-bc-b10,square-seed940013-bc-b10-m0.125,0.125,0.125,0.0,0.004435623602007983,0.0,0,0,0,1,"robot0 OSC_POSE input [dx,dy,dz,ax,ay,az], action index 0/1",robosuite controller relative command convention,
square,c9e22005b58ba2524782e3068c8341554e419acf66f095e238e56df41d9a7aa3,940013,bc,10,+x,0.25,perturbed,pulse,,,0,pulse_complete,356,4,square-seed940013-bc-b10,square-seed940013-bc-b10-m0.25,0.25,0.25,0.0,0.008964900875016701,0.0,0,0,0,1,"robot0 OSC_POSE input [dx,dy,dz,ax,ay,az], action index 0/1",robosuite controller relative command convention,
square,c9e22005b58ba2524782e3068c8341554e419acf66f095e238e56df41d9a7aa3,940013,bc,10,+x,0.5,perturbed,pulse,,,0,pulse_complete,356,4,square-seed940013-bc-b10,square-seed940013-bc-b10-m0.5,0.5,0.5,0.0,0.018052633487178057,0.0,0,0,0,1,"robot0 OSC_POSE input [dx,dy,dz,ax,ay,az], action index 0/1",robosuite controller relative command convention,
square,18031b2ed2ee422f6e85bd8c113e199d46e0b29f3f2b2d6b4828e67449e0cf25,940013,ft,10,,,parent,parent,,,1,native_success,300,100,,,,,,,,,,,,,,
square,18031b2ed2ee422f6e85bd8c113e199d46e0b29f3f2b2d6b4828e67449e0cf25,940013,ft,10,+x,0.0,sham,pulse,,,0,pulse_complete,356,4,square-seed940013-ft-b10,square-seed940013-ft-b10-m0,0.0,0.0,0.0,0.0,0.0,0,0,0,1,"robot0 OSC_POSE input [dx,dy,dz,ax,ay,az], action index 0/1",robosuite controller relative command convention,
square,18031b2ed2ee422f6e85bd8c113e199d46e0b29f3f2b2d6b4828e67449e0cf25,940013,ft,10,+x,0.125,perturbed,pulse,,,0,pulse_complete,356,4,square-seed940013-ft-b10,square-seed940013-ft-b10-m0.125,0.125,0.125,0.0,0.0015235668927661926,4.588863578307168e-06,0,0,0,1,"robot0 OSC_POSE input [dx,dy,dz,ax,ay,az], action index 0/1",robosuite controller relative command convention,
square,18031b2ed2ee422f6e85bd8c113e199d46e0b29f3f2b2d6b4828e67449e0cf25,940013,ft,10,+x,0.25,perturbed,pulse,,,0,pulse_complete,356,4,square-seed940013-ft-b10,square-seed940013-ft-b10-m0.25,0.25,0.25,0.0,0.0030635109853040187,0.0,0,0,0,1,"robot0 OSC_POSE input [dx,dy,dz,ax,ay,az], action index 0/1",robosuite controller relative command convention,
square,18031b2ed2ee422f6e85bd8c113e199d46e0b29f3f2b2d6b4828e67449e0cf25,940013,ft,10,+x,0.5,perturbed,pulse,,,0,pulse_complete,356,4,square-seed940013-ft-b10,square-seed940013-ft-b10-m0.5,0.5,0.5,0.0,0.006242062959860688,6.005310232836307e-08,0,0,0,1,"robot0 OSC_POSE input [dx,dy,dz,ax,ay,az], action index 0/1",robosuite controller relative command convention,
square,c9e22005b58ba2524782e3068c8341554e419acf66f095e238e56df41d9a7aa3,940014,bc,20,,,parent,parent,,,0,natural_termination_or_horizon,0,400,,,,,,,,,,,,,,
square,c9e22005b58ba2524782e3068c8341554e419acf66f095e238e56df41d9a7aa3,940014,bc,20,-x,0.0,sham,pulse,,,0,pulse_complete,316,4,square-seed940014-bc-b20,square-seed940014-bc-b20-m0,0.0,0.0,0.0,0.0,0.0,0,0,0,1,"robot0 OSC_POSE input [dx,dy,dz,ax,ay,az], action index 0/1",robosuite controller relative command convention,
square,c9e22005b58ba2524782e3068c8341554e419acf66f095e238e56df41d9a7aa3,940014,bc,20,-x,0.125,perturbed,pulse,,,0,pulse_complete,316,4,square-seed940014-bc-b20,square-seed940014-bc-b20-m0.125,0.125,0.125,0.0,0.004440443623687449,0.0,0,0,0,1,"robot0 OSC_POSE input [dx,dy,dz,ax,ay,az], action index 0/1",robosuite controller relative command convention,
square,c9e22005b58ba2524782e3068c8341554e419acf66f095e238e56df41d9a7aa3,940014,bc,20,-x,0.25,perturbed,pulse,,,0,pulse_complete,316,4,square-seed940014-bc-b20,square-seed940014-bc-b20-m0.25,0.25,0.25,0.0,0.008877824317676633,0.0,0,0,0,1,"robot0 OSC_POSE input [dx,dy,dz,ax,ay,az], action index 0/1",robosuite controller relative command convention,
square,c9e22005b58ba2524782e3068c8341554e419acf66f095e238e56df41d9a7aa3,940014,bc,20,-x,0.5,perturbed,pulse,,,0,pulse_complete,316,4,square-seed940014-bc-b20,square-seed940014-bc-b20-m0.5,0.5,0.5,0.0,0.017604732034530352,0.0,0,0,0,1,"robot0 OSC_POSE input [dx,dy,dz,ax,ay,az], action index 0/1",robosuite controller relative command convention,
square,18031b2ed2ee422f6e85bd8c113e199d46e0b29f3f2b2d6b4828e67449e0cf25,940014,ft,20,,,parent,parent,,,1,native_success,296,104,,,,,,,,,,,,,,
square,18031b2ed2ee422f6e85bd8c113e199d46e0b29f3f2b2d6b4828e67449e0cf25,940014,ft,20,-x,0.0,sham,pulse,,,0,pulse_complete,316,4,square-seed940014-ft-b20,square-seed940014-ft-b20-m0,0.0,0.0,0.0,0.0,0.0,0,0,0,1,"robot0 OSC_POSE input [dx,dy,dz,ax,ay,az], action index 0/1",robosuite controller relative command convention,
square,18031b2ed2ee422f6e85bd8c113e199d46e0b29f3f2b2d6b4828e67449e0cf25,940014,ft,20,-x,0.125,perturbed,pulse,,,0,pulse_complete,316,4,square-seed940014-ft-b20,square-seed940014-ft-b20-m0.125,0.125,0.125,0.0,0.003746227060012833,0.1556311885840912,0,0,0,1,"robot0 OSC_POSE input [dx,dy,dz,ax,ay,az], action index 0/1",robosuite controller relative command convention,
square,18031b2ed2ee422f6e85bd8c113e199d46e0b29f3f2b2d6b4828e67449e0cf25,940014,ft,20,-x,0.25,perturbed,pulse,,,0,pulse_complete,316,4,square-seed940014-ft-b20,square-seed940014-ft-b20-m0.25,0.25,0.25,0.0,0.007519490634069256,0.15720956649446916,0,0,0,1,"robot0 OSC_POSE input [dx,dy,dz,ax,ay,az], action index 0/1",robosuite controller relative command convention,
square,18031b2ed2ee422f6e85bd8c113e199d46e0b29f3f2b2d6b4828e67449e0cf25,940014,ft,20,-x,0.5,perturbed,pulse,,,0,pulse_complete,316,4,square-seed940014-ft-b20,square-seed940014-ft-b20-m0.5,0.5,0.5,0.0,0.01508856925011246,0.16053850581201026,0,0,0,1,"robot0 OSC_POSE input [dx,dy,dz,ax,ay,az], action index 0/1",robosuite controller relative command convention,
square,c9e22005b58ba2524782e3068c8341554e419acf66f095e238e56df41d9a7aa3,940015,bc,40,,,parent,parent,,,0,natural_termination_or_horizon,0,400,,,,,,,,,,,,,,
square,c9e22005b58ba2524782e3068c8341554e419acf66f095e238e56df41d9a7aa3,940015,bc,40,+y,0.0,sham,pulse,,,0,pulse_complete,236,4,square-seed940015-bc-b40,square-seed940015-bc-b40-m0,0.0,0.0,0.0,0.0,0.0,0,0,0,1,"robot0 OSC_POSE input [dx,dy,dz,ax,ay,az], action index 0/1",robosuite controller relative command convention,
square,c9e22005b58ba2524782e3068c8341554e419acf66f095e238e56df41d9a7aa3,940015,bc,40,+y,0.125,perturbed,pulse,,,0,pulse_complete,236,4,square-seed940015-bc-b40,square-seed940015-bc-b40-m0.125,0.125,0.125,0.0,0.001575465489923269,0.000575701692176024,0,0,0,1,"robot0 OSC_POSE input [dx,dy,dz,ax,ay,az], action index 0/1",robosuite controller relative command convention,
square,c9e22005b58ba2524782e3068c8341554e419acf66f095e238e56df41d9a7aa3,940015,bc,40,+y,0.25,perturbed,pulse,,,0,pulse_complete,236,4,square-seed940015-bc-b40,square-seed940015-bc-b40-m0.25,0.25,0.25,0.0,0.0013037169314897622,0.0010443004800196603,0,0,0,1,"robot0 OSC_POSE input [dx,dy,dz,ax,ay,az], action index 0/1",robosuite controller relative command convention,
square,c9e22005b58ba2524782e3068c8341554e419acf66f095e238e56df41d9a7aa3,940015,bc,40,+y,0.5,perturbed,pulse,,,0,pulse_complete,236,4,square-seed940015-bc-b40,square-seed940015-bc-b40-m0.5,0.5,0.5,0.0,0.002350621515201439,0.0018902454108731949,0,0,0,1,"robot0 OSC_POSE input [dx,dy,dz,ax,ay,az], action index 0/1",robosuite controller relative command convention,
square,18031b2ed2ee422f6e85bd8c113e199d46e0b29f3f2b2d6b4828e67449e0cf25,940015,ft,40,,,parent,parent,,,1,native_success,300,100,,,,,,,,,,,,,,
square,c9e22005b58ba2524782e3068c8341554e419acf66f095e238e56df41d9a7aa3,940016,bc,10,,,parent,parent,,,0,natural_termination_or_horizon,0,400,,,,,,,,,,,,,,
square,c9e22005b58ba2524782e3068c8341554e419acf66f095e238e56df41d9a7aa3,940016,bc,10,-y,0.0,sham,pulse,,,0,pulse_complete,356,4,square-seed940016-bc-b10,square-seed940016-bc-b10-m0,0.0,0.0,0.0,0.0,0.0,0,0,0,1,"robot0 OSC_POSE input [dx,dy,dz,ax,ay,az], action index 0/1",robosuite controller relative command convention,
square,c9e22005b58ba2524782e3068c8341554e419acf66f095e238e56df41d9a7aa3,940016,bc,10,-y,0.125,perturbed,pulse,,,0,pulse_complete,356,4,square-seed940016-bc-b10,square-seed940016-bc-b10-m0.125,0.125,0.125,0.0,0.004422520292691406,0.0,0,0,0,1,"robot0 OSC_POSE input [dx,dy,dz,ax,ay,az], action index 0/1",robosuite controller relative command convention,
square,c9e22005b58ba2524782e3068c8341554e419acf66f095e238e56df41d9a7aa3,940016,bc,10,-y,0.25,perturbed,pulse,,,0,pulse_complete,356,4,square-seed940016-bc-b10,square-seed940016-bc-b10-m0.25,0.25,0.25,0.0,0.008850103571820419,2.4528516631346515e-06,0,0,0,1,"robot0 OSC_POSE input [dx,dy,dz,ax,ay,az], action index 0/1",robosuite controller relative command convention,
square,c9e22005b58ba2524782e3068c8341554e419acf66f095e238e56df41d9a7aa3,940016,bc,10,-y,0.5,perturbed,pulse,,,0,pulse_complete,356,4,square-seed940016-bc-b10,square-seed940016-bc-b10-m0.5,0.5,0.5,0.0,0.017802561132925263,0.0,0,0,0,1,"robot0 OSC_POSE input [dx,dy,dz,ax,ay,az], action index 0/1",robosuite controller relative command convention,
square,18031b2ed2ee422f6e85bd8c113e199d46e0b29f3f2b2d6b4828e67449e0cf25,940016,ft,10,,,parent,parent,,,1,native_success,252,148,,,,,,,,,,,,,,
square,18031b2ed2ee422f6e85bd8c113e199d46e0b29f3f2b2d6b4828e67449e0cf25,940016,ft,10,-y,0.0,sham,pulse,,,0,pulse_complete,356,4,square-seed940016-ft-b10,square-seed940016-ft-b10-m0,0.0,0.0,0.0,0.0,0.0,0,0,0,1,"robot0 OSC_POSE input [dx,dy,dz,ax,ay,az], action index 0/1",robosuite controller relative command convention,
square,18031b2ed2ee422f6e85bd8c113e199d46e0b29f3f2b2d6b4828e67449e0cf25,940016,ft,10,-y,0.125,perturbed,pulse,,,0,pulse_complete,356,4,square-seed940016-ft-b10,square-seed940016-ft-b10-m0.125,0.125,0.125,0.0,0.004352958004578937,0.0,0,0,0,1,"robot0 OSC_POSE input [dx,dy,dz,ax,ay,az], action index 0/1",robosuite controller relative command convention,
square,18031b2ed2ee422f6e85bd8c113e199d46e0b29f3f2b2d6b4828e67449e0cf25,940016,ft,10,-y,0.25,perturbed,pulse,,,0,pulse_complete,356,4,square-seed940016-ft-b10,square-seed940016-ft-b10-m0.25,0.25,0.25,0.0,0.008697575703864242,0.0,0,0,0,1,"robot0 OSC_POSE input [dx,dy,dz,ax,ay,az], action index 0/1",robosuite controller relative command convention,
square,18031b2ed2ee422f6e85bd8c113e199d46e0b29f3f2b2d6b4828e67449e0cf25,940016,ft,10,-y,0.5,perturbed,pulse,,,0,pulse_complete,356,4,square-seed940016-ft-b10,square-seed940016-ft-b10-m0.5,0.5,0.5,0.0,0.017344920983691378,0.0,0,0,0,1,"robot0 OSC_POSE input [dx,dy,dz,ax,ay,az], action index 0/1",robosuite controller relative command convention,
square,c9e22005b58ba2524782e3068c8341554e419acf66f095e238e56df41d9a7aa3,940017,bc,20,,,parent,parent,,,0,natural_termination_or_horizon,0,400,,,,,,,,,,,,,,
square,c9e22005b58ba2524782e3068c8341554e419acf66f095e238e56df41d9a7aa3,940017,bc,20,+x,0.0,sham,pulse,,,0,pulse_complete,316,4,square-seed940017-bc-b20,square-seed940017-bc-b20-m0,0.0,0.0,0.0,0.0,0.0,0,0,0,1,"robot0 OSC_POSE input [dx,dy,dz,ax,ay,az], action index 0/1",robosuite controller relative command convention,
square,c9e22005b58ba2524782e3068c8341554e419acf66f095e238e56df41d9a7aa3,940017,bc,20,+x,0.125,perturbed,pulse,,,0,pulse_complete,316,4,square-seed940017-bc-b20,square-seed940017-bc-b20-m0.125,0.125,0.125,0.0,0.0033445884640453797,0.00040809633147380526,0,0,0,1,"robot0 OSC_POSE input [dx,dy,dz,ax,ay,az], action index 0/1",robosuite controller relative command convention,
square,c9e22005b58ba2524782e3068c8341554e419acf66f095e238e56df41d9a7aa3,940017,bc,20,+x,0.25,perturbed,pulse,,,0,pulse_complete,316,4,square-seed940017-bc-b20,square-seed940017-bc-b20-m0.25,0.25,0.25,0.0,0.006211668875762107,0.002418728530291079,0,0,0,1,"robot0 OSC_POSE input [dx,dy,dz,ax,ay,az], action index 0/1",robosuite controller relative command convention,
square,c9e22005b58ba2524782e3068c8341554e419acf66f095e238e56df41d9a7aa3,940017,bc,20,+x,0.5,perturbed,pulse,,,0,pulse_complete,316,4,square-seed940017-bc-b20,square-seed940017-bc-b20-m0.5,0.5,0.5,0.0,0.012998331968901246,0.00779310986867479,0,0,0,1,"robot0 OSC_POSE input [dx,dy,dz,ax,ay,az], action index 0/1",robosuite controller relative command convention,
square,18031b2ed2ee422f6e85bd8c113e199d46e0b29f3f2b2d6b4828e67449e0cf25,940017,ft,20,,,parent,parent,,,1,native_success,276,124,,,,,,,,,,,,,,
square,18031b2ed2ee422f6e85bd8c113e199d46e0b29f3f2b2d6b4828e67449e0cf25,940017,ft,20,+x,0.0,sham,pulse,,,0,pulse_complete,316,4,square-seed940017-ft-b20,square-seed940017-ft-b20-m0,0.0,0.0,0.0,0.0,0.0,0,0,0,1,"robot0 OSC_POSE input [dx,dy,dz,ax,ay,az], action index 0/1",robosuite controller relative command convention,
square,18031b2ed2ee422f6e85bd8c113e199d46e0b29f3f2b2d6b4828e67449e0cf25,940017,ft,20,+x,0.125,perturbed,pulse,,,0,pulse_complete,316,4,square-seed940017-ft-b20,square-seed940017-ft-b20-m0.125,0.125,0.125,0.75,0.0018619898097653412,0.07862579667291847,0,0,0,1,"robot0 OSC_POSE input [dx,dy,dz,ax,ay,az], action index 0/1",robosuite controller relative command convention,
square,18031b2ed2ee422f6e85bd8c113e199d46e0b29f3f2b2d6b4828e67449e0cf25,940017,ft,20,+x,0.25,perturbed,pulse,,,0,pulse_complete,316,4,square-seed940017-ft-b20,square-seed940017-ft-b20-m0.25,0.25,0.19717514514923096,1.0,0.0025216230967659,0.07867343711916729,0,0,0,1,"robot0 OSC_POSE input [dx,dy,dz,ax,ay,az], action index 0/1",robosuite controller relative command convention,
square,18031b2ed2ee422f6e85bd8c113e199d46e0b29f3f2b2d6b4828e67449e0cf25,940017,ft,20,+x,0.5,perturbed,pulse,,,0,pulse_complete,316,4,square-seed940017-ft-b20,square-seed940017-ft-b20-m0.5,0.5,0.19717514514923096,1.0,0.0025216150003117823,0.0786571373741499,0,0,0,1,"robot0 OSC_POSE input [dx,dy,dz,ax,ay,az], action index 0/1",robosuite controller relative command convention,
square,c9e22005b58ba2524782e3068c8341554e419acf66f095e238e56df41d9a7aa3,940018,bc,40,,,parent,parent,,,1,native_success,160,240,,,,,,,,,,,,,,
square,c9e22005b58ba2524782e3068c8341554e419acf66f095e238e56df41d9a7aa3,940018,bc,40,-x,0.0,sham,pulse,,,0,pulse_complete,236,4,square-seed940018-bc-b40,square-seed940018-bc-b40-m0,0.0,0.0,0.0,0.0,0.0,0,0,0,1,"robot0 OSC_POSE input [dx,dy,dz,ax,ay,az], action index 0/1",robosuite controller relative command convention,
square,c9e22005b58ba2524782e3068c8341554e419acf66f095e238e56df41d9a7aa3,940018,bc,40,-x,0.125,perturbed,pulse,,,0,pulse_complete,236,4,square-seed940018-bc-b40,square-seed940018-bc-b40-m0.125,0.125,0.125,0.0,0.0041869386397166974,0.07357366092888276,0,0,0,1,"robot0 OSC_POSE input [dx,dy,dz,ax,ay,az], action index 0/1",robosuite controller relative command convention,
square,c9e22005b58ba2524782e3068c8341554e419acf66f095e238e56df41d9a7aa3,940018,bc,40,-x,0.25,perturbed,pulse,,,0,pulse_complete,236,4,square-seed940018-bc-b40,square-seed940018-bc-b40-m0.25,0.25,0.25,0.0,0.00837764071194066,0.07415225263377168,0,0,0,1,"robot0 OSC_POSE input [dx,dy,dz,ax,ay,az], action index 0/1",robosuite controller relative command convention,
square,c9e22005b58ba2524782e3068c8341554e419acf66f095e238e56df41d9a7aa3,940018,bc,40,-x,0.5,perturbed,pulse,,,0,pulse_complete,236,4,square-seed940018-bc-b40,square-seed940018-bc-b40-m0.5,0.5,0.5,0.0,0.016786207830031118,0.07592167168570185,0,0,0,1,"robot0 OSC_POSE input [dx,dy,dz,ax,ay,az], action index 0/1",robosuite controller relative command convention,
square,18031b2ed2ee422f6e85bd8c113e199d46e0b29f3f2b2d6b4828e67449e0cf25,940018,ft,40,,,parent,parent,,,1,native_success,308,92,,,,,,,,,,,,,,
square,c9e22005b58ba2524782e3068c8341554e419acf66f095e238e56df41d9a7aa3,940019,bc,10,,,parent,parent,,,1,native_success,128,272,,,,,,,,,,,,,,
square,c9e22005b58ba2524782e3068c8341554e419acf66f095e238e56df41d9a7aa3,940019,bc,10,+y,0.0,sham,pulse,,,0,pulse_complete,356,4,square-seed940019-bc-b10,square-seed940019-bc-b10-m0,0.0,0.0,0.0,0.0,0.0,0,0,0,1,"robot0 OSC_POSE input [dx,dy,dz,ax,ay,az], action index 0/1",robosuite controller relative command convention,
square,c9e22005b58ba2524782e3068c8341554e419acf66f095e238e56df41d9a7aa3,940019,bc,10,+y,0.125,perturbed,pulse,,,0,pulse_complete,356,4,square-seed940019-bc-b10,square-seed940019-bc-b10-m0.125,0.125,0.125,0.0,0.004462934511494904,0.0,0,0,0,1,"robot0 OSC_POSE input [dx,dy,dz,ax,ay,az], action index 0/1",robosuite controller relative command convention,
square,c9e22005b58ba2524782e3068c8341554e419acf66f095e238e56df41d9a7aa3,940019,bc,10,+y,0.25,perturbed,pulse,,,0,pulse_complete,356,4,square-seed940019-bc-b10,square-seed940019-bc-b10-m0.25,0.25,0.25,0.0,0.008973288013603104,0.0,0,0,0,1,"robot0 OSC_POSE input [dx,dy,dz,ax,ay,az], action index 0/1",robosuite controller relative command convention,
square,c9e22005b58ba2524782e3068c8341554e419acf66f095e238e56df41d9a7aa3,940019,bc,10,+y,0.5,perturbed,pulse,,,0,pulse_complete,356,4,square-seed940019-bc-b10,square-seed940019-bc-b10-m0.5,0.5,0.5,0.0,0.017950015247582992,0.0,0,0,0,1,"robot0 OSC_POSE input [dx,dy,dz,ax,ay,az], action index 0/1",robosuite controller relative command convention,
square,18031b2ed2ee422f6e85bd8c113e199d46e0b29f3f2b2d6b4828e67449e0cf25,940019,ft,10,,,parent,parent,,,1,native_success,300,100,,,,,,,,,,,,,,
square,18031b2ed2ee422f6e85bd8c113e199d46e0b29f3f2b2d6b4828e67449e0cf25,940019,ft,10,+y,0.0,sham,pulse,,,0,pulse_complete,356,4,square-seed940019-ft-b10,square-seed940019-ft-b10-m0,0.0,0.0,0.0,0.0,0.0,0,0,0,1,"robot0 OSC_POSE input [dx,dy,dz,ax,ay,az], action index 0/1",robosuite controller relative command convention,
square,18031b2ed2ee422f6e85bd8c113e199d46e0b29f3f2b2d6b4828e67449e0cf25,940019,ft,10,+y,0.125,perturbed,pulse,,,0,pulse_complete,356,4,square-seed940019-ft-b10,square-seed940019-ft-b10-m0.125,0.125,0.125,0.0,0.004571463602206667,0.001320846411633718,0,0,0,1,"robot0 OSC_POSE input [dx,dy,dz,ax,ay,az], action index 0/1",robosuite controller relative command convention,
square,18031b2ed2ee422f6e85bd8c113e199d46e0b29f3f2b2d6b4828e67449e0cf25,940019,ft,10,+y,0.25,perturbed,pulse,,,0,pulse_complete,356,4,square-seed940019-ft-b10,square-seed940019-ft-b10-m0.25,0.25,0.25,0.0,0.006944714357726068,0.001220810931217061,0,0,0,1,"robot0 OSC_POSE input [dx,dy,dz,ax,ay,az], action index 0/1",robosuite controller relative command convention,
square,18031b2ed2ee422f6e85bd8c113e199d46e0b29f3f2b2d6b4828e67449e0cf25,940019,ft,10,+y,0.5,perturbed,pulse,,,0,pulse_complete,356,4,square-seed940019-ft-b10,square-seed940019-ft-b10-m0.5,0.5,0.5,0.0,0.010308622041835315,0.0012167634093066602,0,0,0,1,"robot0 OSC_POSE input [dx,dy,dz,ax,ay,az], action index 0/1",robosuite controller relative command convention,
square,c9e22005b58ba2524782e3068c8341554e419acf66f095e238e56df41d9a7aa3,940020,bc,20,,,parent,parent,,,0,natural_termination_or_horizon,0,400,,,,,,,,,,,,,,
square,c9e22005b58ba2524782e3068c8341554e419acf66f095e238e56df41d9a7aa3,940020,bc,20,-y,0.0,sham,pulse,,,0,pulse_complete,316,4,square-seed940020-bc-b20,square-seed940020-bc-b20-m0,0.0,0.0,0.0,0.0,0.0,0,0,0,1,"robot0 OSC_POSE input [dx,dy,dz,ax,ay,az], action index 0/1",robosuite controller relative command convention,
square,c9e22005b58ba2524782e3068c8341554e419acf66f095e238e56df41d9a7aa3,940020,bc,20,-y,0.125,perturbed,pulse,,,0,pulse_complete,316,4,square-seed940020-bc-b20,square-seed940020-bc-b20-m0.125,0.125,0.125,0.0,0.0036263231910158766,0.004918143370731428,0,0,0,1,"robot0 OSC_POSE input [dx,dy,dz,ax,ay,az], action index 0/1",robosuite controller relative command convention,
square,c9e22005b58ba2524782e3068c8341554e419acf66f095e238e56df41d9a7aa3,940020,bc,20,-y,0.25,perturbed,pulse,,,0,pulse_complete,316,4,square-seed940020-bc-b20,square-seed940020-bc-b20-m0.25,0.25,0.25,0.0,0.007314320505098038,0.008266538288595306,0,0,0,1,"robot0 OSC_POSE input [dx,dy,dz,ax,ay,az], action index 0/1",robosuite controller relative command convention,
square,c9e22005b58ba2524782e3068c8341554e419acf66f095e238e56df41d9a7aa3,940020,bc,20,-y,0.5,perturbed,pulse,,,0,pulse_complete,316,4,square-seed940020-bc-b20,square-seed940020-bc-b20-m0.5,0.5,0.5,0.0,0.01477649277030454,0.01379191840688706,0,0,0,1,"robot0 OSC_POSE input [dx,dy,dz,ax,ay,az], action index 0/1",robosuite controller relative command convention,
square,18031b2ed2ee422f6e85bd8c113e199d46e0b29f3f2b2d6b4828e67449e0cf25,940020,ft,20,,,parent,parent,,,1,native_success,300,100,,,,,,,,,,,,,,
square,18031b2ed2ee422f6e85bd8c113e199d46e0b29f3f2b2d6b4828e67449e0cf25,940020,ft,20,-y,0.0,sham,pulse,,,0,pulse_complete,316,4,square-seed940020-ft-b20,square-seed940020-ft-b20-m0,0.0,0.0,0.0,0.0,0.0,0,0,0,1,"robot0 OSC_POSE input [dx,dy,dz,ax,ay,az], action index 0/1",robosuite controller relative command convention,
square,18031b2ed2ee422f6e85bd8c113e199d46e0b29f3f2b2d6b4828e67449e0cf25,940020,ft,20,-y,0.125,perturbed,pulse,,,0,pulse_complete,316,4,square-seed940020-ft-b20,square-seed940020-ft-b20-m0.125,0.125,0.125,0.0,0.004580801897003147,0.09578785970691259,0,0,0,1,"robot0 OSC_POSE input [dx,dy,dz,ax,ay,az], action index 0/1",robosuite controller relative command convention,
square,18031b2ed2ee422f6e85bd8c113e199d46e0b29f3f2b2d6b4828e67449e0cf25,940020,ft,20,-y,0.25,perturbed,pulse,,,0,pulse_complete,316,4,square-seed940020-ft-b20,square-seed940020-ft-b20-m0.25,0.25,0.25,0.0,0.009186301925172361,0.09615792173758345,0,0,0,1,"robot0 OSC_POSE input [dx,dy,dz,ax,ay,az], action index 0/1",robosuite controller relative command convention,
square,18031b2ed2ee422f6e85bd8c113e199d46e0b29f3f2b2d6b4828e67449e0cf25,940020,ft,20,-y,0.5,perturbed,pulse,,,0,pulse_complete,316,4,square-seed940020-ft-b20,square-seed940020-ft-b20-m0.5,0.5,0.5,0.0,0.018396208396846907,0.09756354608721778,0,0,0,1,"robot0 OSC_POSE input [dx,dy,dz,ax,ay,az], action index 0/1",robosuite controller relative command convention,
square,c9e22005b58ba2524782e3068c8341554e419acf66f095e238e56df41d9a7aa3,940021,bc,40,,,parent,parent,,,0,natural_termination_or_horizon,0,400,,,,,,,,,,,,,,
square,c9e22005b58ba2524782e3068c8341554e419acf66f095e238e56df41d9a7aa3,940021,bc,40,+x,0.0,sham,pulse,,,0,pulse_complete,236,4,square-seed940021-bc-b40,square-seed940021-bc-b40-m0,0.0,0.0,0.0,0.0,0.0,0,0,0,1,"robot0 OSC_POSE input [dx,dy,dz,ax,ay,az], action index 0/1",robosuite controller relative command convention,
square,c9e22005b58ba2524782e3068c8341554e419acf66f095e238e56df41d9a7aa3,940021,bc,40,+x,0.125,perturbed,pulse,,,0,pulse_complete,236,4,square-seed940021-bc-b40,square-seed940021-bc-b40-m0.125,0.125,0.125,0.0,0.0014804271560036504,0.0,0,0,0,1,"robot0 OSC_POSE input [dx,dy,dz,ax,ay,az], action index 0/1",robosuite controller relative command convention,
square,c9e22005b58ba2524782e3068c8341554e419acf66f095e238e56df41d9a7aa3,940021,bc,40,+x,0.25,perturbed,pulse,,,0,pulse_complete,236,4,square-seed940021-bc-b40,square-seed940021-bc-b40-m0.25,0.25,0.25,0.0,0.002259130672780285,0.0,0,0,0,1,"robot0 OSC_POSE input [dx,dy,dz,ax,ay,az], action index 0/1",robosuite controller relative command convention,
square,c9e22005b58ba2524782e3068c8341554e419acf66f095e238e56df41d9a7aa3,940021,bc,40,+x,0.5,perturbed,pulse,,,0,pulse_complete,236,4,square-seed940021-bc-b40,square-seed940021-bc-b40-m0.5,0.5,0.5,0.0,0.0025783190094120843,0.0,0,0,0,1,"robot0 OSC_POSE input [dx,dy,dz,ax,ay,az], action index 0/1",robosuite controller relative command convention,
square,18031b2ed2ee422f6e85bd8c113e199d46e0b29f3f2b2d6b4828e67449e0cf25,940021,ft,40,,,parent,parent,,,1,native_success,292,108,,,,,,,,,,,,,,
square,c9e22005b58ba2524782e3068c8341554e419acf66f095e238e56df41d9a7aa3,940022,bc,10,,,parent,parent,,,1,native_success,240,160,,,,,,,,,,,,,,
square,c9e22005b58ba2524782e3068c8341554e419acf66f095e238e56df41d9a7aa3,940022,bc,10,-x,0.0,sham,pulse,,,0,pulse_complete,356,4,square-seed940022-bc-b10,square-seed940022-bc-b10-m0,0.0,0.0,0.0,0.0,0.0,0,0,0,1,"robot0 OSC_POSE input [dx,dy,dz,ax,ay,az], action index 0/1",robosuite controller relative command convention,
square,c9e22005b58ba2524782e3068c8341554e419acf66f095e238e56df41d9a7aa3,940022,bc,10,-x,0.125,perturbed,pulse,,,0,pulse_complete,356,4,square-seed940022-bc-b10,square-seed940022-bc-b10-m0.125,0.125,0.125,0.0,0.004426494218536828,0.0,0,0,0,1,"robot0 OSC_POSE input [dx,dy,dz,ax,ay,az], action index 0/1",robosuite controller relative command convention,
square,c9e22005b58ba2524782e3068c8341554e419acf66f095e238e56df41d9a7aa3,940022,bc,10,-x,0.25,perturbed,pulse,,,0,pulse_complete,356,4,square-seed940022-bc-b10,square-seed940022-bc-b10-m0.25,0.25,0.25,0.0,0.008864840932593088,0.0,0,0,0,1,"robot0 OSC_POSE input [dx,dy,dz,ax,ay,az], action index 0/1",robosuite controller relative command convention,
square,c9e22005b58ba2524782e3068c8341554e419acf66f095e238e56df41d9a7aa3,940022,bc,10,-x,0.5,perturbed,pulse,,,0,pulse_complete,356,4,square-seed940022-bc-b10,square-seed940022-bc-b10-m0.5,0.5,0.5,0.0,0.017604984548689154,0.0,0,0,0,1,"robot0 OSC_POSE input [dx,dy,dz,ax,ay,az], action index 0/1",robosuite controller relative command convention,
square,18031b2ed2ee422f6e85bd8c113e199d46e0b29f3f2b2d6b4828e67449e0cf25,940022,ft,10,,,parent,parent,,,1,native_success,304,96,,,,,,,,,,,,,,
square,18031b2ed2ee422f6e85bd8c113e199d46e0b29f3f2b2d6b4828e67449e0cf25,940022,ft,10,-x,0.0,sham,pulse,,,0,pulse_complete,356,4,square-seed940022-ft-b10,square-seed940022-ft-b10-m0,0.0,0.0,0.0,0.0,0.0,0,0,0,1,"robot0 OSC_POSE input [dx,dy,dz,ax,ay,az], action index 0/1",robosuite controller relative command convention,
square,18031b2ed2ee422f6e85bd8c113e199d46e0b29f3f2b2d6b4828e67449e0cf25,940022,ft,10,-x,0.125,perturbed,pulse,,,0,pulse_complete,356,4,square-seed940022-ft-b10,square-seed940022-ft-b10-m0.125,0.125,0.125,0.0,0.004771028807800815,0.008659107714482554,0,0,0,1,"robot0 OSC_POSE input [dx,dy,dz,ax,ay,az], action index 0/1",robosuite controller relative command convention,
square,18031b2ed2ee422f6e85bd8c113e199d46e0b29f3f2b2d6b4828e67449e0cf25,940022,ft,10,-x,0.25,perturbed,pulse,,,0,pulse_complete,356,4,square-seed940022-ft-b10,square-seed940022-ft-b10-m0.25,0.25,0.25,0.0,0.008792669553267022,0.007918132763472667,0,0,0,1,"robot0 OSC_POSE input [dx,dy,dz,ax,ay,az], action index 0/1",robosuite controller relative command convention,
square,18031b2ed2ee422f6e85bd8c113e199d46e0b29f3f2b2d6b4828e67449e0cf25,940022,ft,10,-x,0.5,perturbed,pulse,,,0,pulse_complete,356,4,square-seed940022-ft-b10,square-seed940022-ft-b10-m0.5,0.5,0.5,0.0,0.01855361824783095,0.012108275936170667,0,0,0,1,"robot0 OSC_POSE input [dx,dy,dz,ax,ay,az], action index 0/1",robosuite controller relative command convention,
square,c9e22005b58ba2524782e3068c8341554e419acf66f095e238e56df41d9a7aa3,940023,bc,20,,,parent,parent,,,0,natural_termination_or_horizon,0,400,,,,,,,,,,,,,,
square,c9e22005b58ba2524782e3068c8341554e419acf66f095e238e56df41d9a7aa3,940023,bc,20,+y,0.0,sham,pulse,,,0,pulse_complete,316,4,square-seed940023-bc-b20,square-seed940023-bc-b20-m0,0.0,0.0,0.0,0.0,0.0,0,0,0,1,"robot0 OSC_POSE input [dx,dy,dz,ax,ay,az], action index 0/1",robosuite controller relative command convention,
square,c9e22005b58ba2524782e3068c8341554e419acf66f095e238e56df41d9a7aa3,940023,bc,20,+y,0.125,perturbed,pulse,,,0,pulse_complete,316,4,square-seed940023-bc-b20,square-seed940023-bc-b20-m0.125,0.125,0.125,0.0,0.003928126848643015,0.0,0,0,0,1,"robot0 OSC_POSE input [dx,dy,dz,ax,ay,az], action index 0/1",robosuite controller relative command convention,
square,c9e22005b58ba2524782e3068c8341554e419acf66f095e238e56df41d9a7aa3,940023,bc,20,+y,0.25,perturbed,pulse,,,0,pulse_complete,316,4,square-seed940023-bc-b20,square-seed940023-bc-b20-m0.25,0.25,0.25,0.0,0.007843525873878812,0.0,0,0,0,1,"robot0 OSC_POSE input [dx,dy,dz,ax,ay,az], action index 0/1",robosuite controller relative command convention,
square,c9e22005b58ba2524782e3068c8341554e419acf66f095e238e56df41d9a7aa3,940023,bc,20,+y,0.5,perturbed,pulse,,,0,pulse_complete,316,4,square-seed940023-bc-b20,square-seed940023-bc-b20-m0.5,0.5,0.5,0.0,0.015455914603221956,0.0038806794304847647,0,0,0,1,"robot0 OSC_POSE input [dx,dy,dz,ax,ay,az], action index 0/1",robosuite controller relative command convention,
square,18031b2ed2ee422f6e85bd8c113e199d46e0b29f3f2b2d6b4828e67449e0cf25,940023,ft,20,,,parent,parent,,,1,native_success,276,124,,,,,,,,,,,,,,
square,18031b2ed2ee422f6e85bd8c113e199d46e0b29f3f2b2d6b4828e67449e0cf25,940023,ft,20,+y,0.0,sham,pulse,,,0,pulse_complete,316,4,square-seed940023-ft-b20,square-seed940023-ft-b20-m0,0.0,0.0,0.0,0.0,0.0,0,0,0,1,"robot0 OSC_POSE input [dx,dy,dz,ax,ay,az], action index 0/1",robosuite controller relative command convention,
square,18031b2ed2ee422f6e85bd8c113e199d46e0b29f3f2b2d6b4828e67449e0cf25,940023,ft,20,+y,0.125,perturbed,pulse,,,0,pulse_complete,316,4,square-seed940023-ft-b20,square-seed940023-ft-b20-m0.125,0.125,0.125,0.0,0.004751436034833106,0.1768552735117002,0,0,0,1,"robot0 OSC_POSE input [dx,dy,dz,ax,ay,az], action index 0/1",robosuite controller relative command convention,
square,18031b2ed2ee422f6e85bd8c113e199d46e0b29f3f2b2d6b4828e67449e0cf25,940023,ft,20,+y,0.25,perturbed,pulse,,,0,pulse_complete,316,4,square-seed940023-ft-b20,square-seed940023-ft-b20-m0.25,0.25,0.25,0.0,0.009516548903924475,0.1767234823804172,0,0,0,1,"robot0 OSC_POSE input [dx,dy,dz,ax,ay,az], action index 0/1",robosuite controller relative command convention,
square,18031b2ed2ee422f6e85bd8c113e199d46e0b29f3f2b2d6b4828e67449e0cf25,940023,ft,20,+y,0.5,perturbed,pulse,,,0,pulse_complete,316,4,square-seed940023-ft-b20,square-seed940023-ft-b20-m0.5,0.5,0.5,0.0,0.01902786683595256,0.1768095361643111,0,0,0,1,"robot0 OSC_POSE input [dx,dy,dz,ax,ay,az], action index 0/1",robosuite controller relative command convention,
square,c9e22005b58ba2524782e3068c8341554e419acf66f095e238e56df41d9a7aa3,940024,bc,40,,,parent,parent,,,1,native_success,228,172,,,,,,,,,,,,,,
square,c9e22005b58ba2524782e3068c8341554e419acf66f095e238e56df41d9a7aa3,940024,bc,40,-y,0.0,sham,pulse,,,1,success_or_done_during_pulse,236,4,square-seed940024-bc-b40,square-seed940024-bc-b40-m0,0.0,0.0,0.0,0.0,0.0,0,1,0,1,"robot0 OSC_POSE input [dx,dy,dz,ax,ay,az], action index 0/1",robosuite controller relative command convention,
square,c9e22005b58ba2524782e3068c8341554e419acf66f095e238e56df41d9a7aa3,940024,bc,40,-y,0.125,perturbed,pulse,,,1,success_or_done_during_pulse,236,4,square-seed940024-bc-b40,square-seed940024-bc-b40-m0.125,0.125,0.125,0.0,0.004882348712292886,0.0007367153967557886,0,1,0,1,"robot0 OSC_POSE input [dx,dy,dz,ax,ay,az], action index 0/1",robosuite controller relative command convention,
square,c9e22005b58ba2524782e3068c8341554e419acf66f095e238e56df41d9a7aa3,940024,bc,40,-y,0.25,perturbed,pulse,,,1,success_or_done_during_pulse,236,4,square-seed940024-bc-b40,square-seed940024-bc-b40-m0.25,0.25,0.25,0.0,0.009782641533415288,0.0006331960955648373,0,1,0,1,"robot0 OSC_POSE input [dx,dy,dz,ax,ay,az], action index 0/1",robosuite controller relative command convention,
square,c9e22005b58ba2524782e3068c8341554e419acf66f095e238e56df41d9a7aa3,940024,bc,40,-y,0.5,perturbed,pulse,,,1,success_or_done_during_pulse,236,4,square-seed940024-bc-b40,square-seed940024-bc-b40-m0.5,0.5,0.5,0.0,0.019560005904404317,0.00735400361092911,0,1,0,1,"robot0 OSC_POSE input [dx,dy,dz,ax,ay,az], action index 0/1",robosuite controller relative command convention,
square,18031b2ed2ee422f6e85bd8c113e199d46e0b29f3f2b2d6b4828e67449e0cf25,940024,ft,40,,,parent,parent,,,1,native_success,308,92,,,,,,,,,,,,,,
square,c9e22005b58ba2524782e3068c8341554e419acf66f095e238e56df41d9a7aa3,940001,bc,10,+x,0.0,bc_sham,test,A,1,0,episode_horizon,0,356,square-seed940001-bc-b10,square-seed940001-bc-b10-m0,0.0,,,,,,,,,"robot0 OSC_POSE input [dx,dy,dz,ax,ay,az], action index 0/1",robosuite controller relative command convention,615123301
square,c9e22005b58ba2524782e3068c8341554e419acf66f095e238e56df41d9a7aa3,940001,bc,10,+x,0.0,bc_sham,test,A,2,0,episode_horizon,0,356,square-seed940001-bc-b10,square-seed940001-bc-b10-m0,0.0,,,,,,,,,"robot0 OSC_POSE input [dx,dy,dz,ax,ay,az], action index 0/1",robosuite controller relative command convention,1239359822
square,c9e22005b58ba2524782e3068c8341554e419acf66f095e238e56df41d9a7aa3,940001,bc,10,+x,0.0,bc_sham,test,B,3,0,episode_horizon,0,356,square-seed940001-bc-b10,square-seed940001-bc-b10-m0,0.0,,,,,,,,,"robot0 OSC_POSE input [dx,dy,dz,ax,ay,az], action index 0/1",robosuite controller relative command convention,1023067261
square,c9e22005b58ba2524782e3068c8341554e419acf66f095e238e56df41d9a7aa3,940001,bc,10,+x,0.0,bc_sham,test,B,4,0,episode_horizon,0,356,square-seed940001-bc-b10,square-seed940001-bc-b10-m0,0.0,,,,,,,,,"robot0 OSC_POSE input [dx,dy,dz,ax,ay,az], action index 0/1",robosuite controller relative command convention,253202628
square,18031b2ed2ee422f6e85bd8c113e199d46e0b29f3f2b2d6b4828e67449e0cf25,940001,bc,10,+x,0.0,ft_sham,test,A,1,0,episode_horizon,0,356,square-seed940001-bc-b10,square-seed940001-bc-b10-m0,0.0,,,,,,,,,"robot0 OSC_POSE input [dx,dy,dz,ax,ay,az], action index 0/1",robosuite controller relative command convention,1047593922
square,18031b2ed2ee422f6e85bd8c113e199d46e0b29f3f2b2d6b4828e67449e0cf25,940001,bc,10,+x,0.0,ft_sham,test,A,2,0,episode_horizon,0,356,square-seed940001-bc-b10,square-seed940001-bc-b10-m0,0.0,,,,,,,,,"robot0 OSC_POSE input [dx,dy,dz,ax,ay,az], action index 0/1",robosuite controller relative command convention,1878232799
square,18031b2ed2ee422f6e85bd8c113e199d46e0b29f3f2b2d6b4828e67449e0cf25,940001,bc,10,+x,0.0,ft_sham,test,B,3,0,episode_horizon,0,356,square-seed940001-bc-b10,square-seed940001-bc-b10-m0,0.0,,,,,,,,,"robot0 OSC_POSE input [dx,dy,dz,ax,ay,az], action index 0/1",robosuite controller relative command convention,1691504105
square,18031b2ed2ee422f6e85bd8c113e199d46e0b29f3f2b2d6b4828e67449e0cf25,940001,bc,10,+x,0.0,ft_sham,test,B,4,0,episode_horizon,0,356,square-seed940001-bc-b10,square-seed940001-bc-b10-m0,0.0,,,,,,,,,"robot0 OSC_POSE input [dx,dy,dz,ax,ay,az], action index 0/1",robosuite controller relative command convention,1678810786
square,c9e22005b58ba2524782e3068c8341554e419acf66f095e238e56df41d9a7aa3,940001,bc,10,+x,0.125,bc_perturbed,test,A,1,0,episode_horizon,0,356,square-seed940001-bc-b10,square-seed940001-bc-b10-m0.125,0.125,,,,,,,,,"robot0 OSC_POSE input [dx,dy,dz,ax,ay,az], action index 0/1",robosuite controller relative command convention,1808506178
square,c9e22005b58ba2524782e3068c8341554e419acf66f095e238e56df41d9a7aa3,940001,bc,10,+x,0.125,bc_perturbed,test,A,2,0,episode_horizon,0,356,square-seed940001-bc-b10,square-seed940001-bc-b10-m0.125,0.125,,,,,,,,,"robot0 OSC_POSE input [dx,dy,dz,ax,ay,az], action index 0/1",robosuite controller relative command convention,679282687
square,c9e22005b58ba2524782e3068c8341554e419acf66f095e238e56df41d9a7aa3,940001,bc,10,+x,0.125,bc_perturbed,test,B,3,0,episode_horizon,0,356,square-seed940001-bc-b10,square-seed940001-bc-b10-m0.125,0.125,,,,,,,,,"robot0 OSC_POSE input [dx,dy,dz,ax,ay,az], action index 0/1",robosuite controller relative command convention,1912159571
square,c9e22005b58ba2524782e3068c8341554e419acf66f095e238e56df41d9a7aa3,940001,bc,10,+x,0.125,bc_perturbed,test,B,4,0,episode_horizon,0,356,square-seed940001-bc-b10,square-seed940001-bc-b10-m0.125,0.125,,,,,,,,,"robot0 OSC_POSE input [dx,dy,dz,ax,ay,az], action index 0/1",robosuite controller relative command convention,1839825824
square,18031b2ed2ee422f6e85bd8c113e199d46e0b29f3f2b2d6b4828e67449e0cf25,940001,bc,10,+x,0.125,ft_perturbed,test,A,1,0,episode_horizon,0,356,square-seed940001-bc-b10,square-seed940001-bc-b10-m0.125,0.125,,,,,,,,,"robot0 OSC_POSE input [dx,dy,dz,ax,ay,az], action index 0/1",robosuite controller relative command convention,197242614
square,18031b2ed2ee422f6e85bd8c113e199d46e0b29f3f2b2d6b4828e67449e0cf25,940001,bc,10,+x,0.125,ft_perturbed,test,A,2,0,episode_horizon,0,356,square-seed940001-bc-b10,square-seed940001-bc-b10-m0.125,0.125,,,,,,,,,"robot0 OSC_POSE input [dx,dy,dz,ax,ay,az], action index 0/1",robosuite controller relative command convention,547444697
square,18031b2ed2ee422f6e85bd8c113e199d46e0b29f3f2b2d6b4828e67449e0cf25,940001,bc,10,+x,0.125,ft_perturbed,test,B,3,0,episode_horizon,0,356,square-seed940001-bc-b10,square-seed940001-bc-b10-m0.125,0.125,,,,,,,,,"robot0 OSC_POSE input [dx,dy,dz,ax,ay,az], action index 0/1",robosuite controller relative command convention,122114992
square,18031b2ed2ee422f6e85bd8c113e199d46e0b29f3f2b2d6b4828e67449e0cf25,940001,bc,10,+x,0.125,ft_perturbed,test,B,4,0,episode_horizon,0,356,square-seed940001-bc-b10,square-seed940001-bc-b10-m0.125,0.125,,,,,,,,,"robot0 OSC_POSE input [dx,dy,dz,ax,ay,az], action index 0/1",robosuite controller relative command convention,982670597
square,c9e22005b58ba2524782e3068c8341554e419acf66f095e238e56df41d9a7aa3,940001,bc,10,+x,0.25,bc_perturbed,test,A,1,0,episode_horizon,0,356,square-seed940001-bc-b10,square-seed940001-bc-b10-m0.25,0.25,,,,,,,,,"robot0 OSC_POSE input [dx,dy,dz,ax,ay,az], action index 0/1",robosuite controller relative command convention,1780471053
square,c9e22005b58ba2524782e3068c8341554e419acf66f095e238e56df41d9a7aa3,940001,bc,10,+x,0.25,bc_perturbed,test,A,2,0,episode_horizon,0,356,square-seed940001-bc-b10,square-seed940001-bc-b10-m0.25,0.25,,,,,,,,,"robot0 OSC_POSE input [dx,dy,dz,ax,ay,az], action index 0/1",robosuite controller relative command convention,1345564950
square,c9e22005b58ba2524782e3068c8341554e419acf66f095e238e56df41d9a7aa3,940001,bc,10,+x,0.25,bc_perturbed,test,B,3,0,episode_horizon,0,356,square-seed940001-bc-b10,square-seed940001-bc-b10-m0.25,0.25,,,,,,,,,"robot0 OSC_POSE input [dx,dy,dz,ax,ay,az], action index 0/1",robosuite controller relative command convention,326223131
square,c9e22005b58ba2524782e3068c8341554e419acf66f095e238e56df41d9a7aa3,940001,bc,10,+x,0.25,bc_perturbed,test,B,4,0,episode_horizon,0,356,square-seed940001-bc-b10,square-seed940001-bc-b10-m0.25,0.25,,,,,,,,,"robot0 OSC_POSE input [dx,dy,dz,ax,ay,az], action index 0/1",robosuite controller relative command convention,989129524
square,18031b2ed2ee422f6e85bd8c113e199d46e0b29f3f2b2d6b4828e67449e0cf25,940001,bc,10,+x,0.25,ft_perturbed,test,A,1,0,episode_horizon,0,356,square-seed940001-bc-b10,square-seed940001-bc-b10-m0.25,0.25,,,,,,,,,"robot0 OSC_POSE input [dx,dy,dz,ax,ay,az], action index 0/1",robosuite controller relative command convention,920230596
square,18031b2ed2ee422f6e85bd8c113e199d46e0b29f3f2b2d6b4828e67449e0cf25,940001,bc,10,+x,0.25,ft_perturbed,test,A,2,0,episode_horizon,0,356,square-seed940001-bc-b10,square-seed940001-bc-b10-m0.25,0.25,,,,,,,,,"robot0 OSC_POSE input [dx,dy,dz,ax,ay,az], action index 0/1",robosuite controller relative command convention,1505672971
square,18031b2ed2ee422f6e85bd8c113e199d46e0b29f3f2b2d6b4828e67449e0cf25,940001,bc,10,+x,0.25,ft_perturbed,test,B,3,0,episode_horizon,0,356,square-seed940001-bc-b10,square-seed940001-bc-b10-m0.25,0.25,,,,,,,,,"robot0 OSC_POSE input [dx,dy,dz,ax,ay,az], action index 0/1",robosuite controller relative command convention,363283711
square,18031b2ed2ee422f6e85bd8c113e199d46e0b29f3f2b2d6b4828e67449e0cf25,940001,bc,10,+x,0.25,ft_perturbed,test,B,4,0,episode_horizon,0,356,square-seed940001-bc-b10,square-seed940001-bc-b10-m0.25,0.25,,,,,,,,,"robot0 OSC_POSE input [dx,dy,dz,ax,ay,az], action index 0/1",robosuite controller relative command convention,137698211
square,c9e22005b58ba2524782e3068c8341554e419acf66f095e238e56df41d9a7aa3,940001,bc,10,+x,0.5,bc_perturbed,test,A,1,0,episode_horizon,0,356,square-seed940001-bc-b10,square-seed940001-bc-b10-m0.5,0.5,,,,,,,,,"robot0 OSC_POSE input [dx,dy,dz,ax,ay,az], action index 0/1",robosuite controller relative command convention,1101979786
square,c9e22005b58ba2524782e3068c8341554e419acf66f095e238e56df41d9a7aa3,940001,bc,10,+x,0.5,bc_perturbed,test,A,2,0,episode_horizon,0,356,square-seed940001-bc-b10,square-seed940001-bc-b10-m0.5,0.5,,,,,,,,,"robot0 OSC_POSE input [dx,dy,dz,ax,ay,az], action index 0/1",robosuite controller relative command convention,1000867958
square,c9e22005b58ba2524782e3068c8341554e419acf66f095e238e56df41d9a7aa3,940001,bc,10,+x,0.5,bc_perturbed,test,B,3,0,episode_horizon,0,356,square-seed940001-bc-b10,square-seed940001-bc-b10-m0.5,0.5,,,,,,,,,"robot0 OSC_POSE input [dx,dy,dz,ax,ay,az], action index 0/1",robosuite controller relative command convention,578784369
square,c9e22005b58ba2524782e3068c8341554e419acf66f095e238e56df41d9a7aa3,940001,bc,10,+x,0.5,bc_perturbed,test,B,4,0,episode_horizon,0,356,square-seed940001-bc-b10,square-seed940001-bc-b10-m0.5,0.5,,,,,,,,,"robot0 OSC_POSE input [dx,dy,dz,ax,ay,az], action index 0/1",robosuite controller relative command convention,1167833769
square,18031b2ed2ee422f6e85bd8c113e199d46e0b29f3f2b2d6b4828e67449e0cf25,940001,bc,10,+x,0.5,ft_perturbed,test,A,1,0,episode_horizon,0,356,square-seed940001-bc-b10,square-seed940001-bc-b10-m0.5,0.5,,,,,,,,,"robot0 OSC_POSE input [dx,dy,dz,ax,ay,az], action index 0/1",robosuite controller relative command convention,2009857421
square,18031b2ed2ee422f6e85bd8c113e199d46e0b29f3f2b2d6b4828e67449e0cf25,940001,bc,10,+x,0.5,ft_perturbed,test,A,2,0,episode_horizon,0,356,square-seed940001-bc-b10,square-seed940001-bc-b10-m0.5,0.5,,,,,,,,,"robot0 OSC_POSE input [dx,dy,dz,ax,ay,az], action index 0/1",robosuite controller relative command convention,108525462
square,18031b2ed2ee422f6e85bd8c113e199d46e0b29f3f2b2d6b4828e67449e0cf25,940001,bc,10,+x,0.5,ft_perturbed,test,B,3,0,episode_horizon,0,356,square-seed940001-bc-b10,square-seed940001-bc-b10-m0.5,0.5,,,,,,,,,"robot0 OSC_POSE input [dx,dy,dz,ax,ay,az], action index 0/1",robosuite controller relative command convention,554237204
square,18031b2ed2ee422f6e85bd8c113e199d46e0b29f3f2b2d6b4828e67449e0cf25,940001,bc,10,+x,0.5,ft_perturbed,test,B,4,1,native_success,60,296,square-seed940001-bc-b10,square-seed940001-bc-b10-m0.5,0.5,,,,,,,,,"robot0 OSC_POSE input [dx,dy,dz,ax,ay,az], action index 0/1",robosuite controller relative command convention,309825177
square,c9e22005b58ba2524782e3068c8341554e419acf66f095e238e56df41d9a7aa3,940001,ft,10,+x,0.0,bc_sham,test,A,1,0,episode_horizon,0,356,square-seed940001-ft-b10,square-seed940001-ft-b10-m0,0.0,,,,,,,,,"robot0 OSC_POSE input [dx,dy,dz,ax,ay,az], action index 0/1",robosuite controller relative command convention,566974910
square,c9e22005b58ba2524782e3068c8341554e419acf66f095e238e56df41d9a7aa3,940001,ft,10,+x,0.0,bc_sham,test,A,2,0,episode_horizon,0,356,square-seed940001-ft-b10,square-seed940001-ft-b10-m0,0.0,,,,,,,,,"robot0 OSC_POSE input [dx,dy,dz,ax,ay,az], action index 0/1",robosuite controller relative command convention,431613861
square,c9e22005b58ba2524782e3068c8341554e419acf66f095e238e56df41d9a7aa3,940001,ft,10,+x,0.0,bc_sham,test,B,3,0,episode_horizon,0,356,square-seed940001-ft-b10,square-seed940001-ft-b10-m0,0.0,,,,,,,,,"robot0 OSC_POSE input [dx,dy,dz,ax,ay,az], action index 0/1",robosuite controller relative command convention,90386799
square,c9e22005b58ba2524782e3068c8341554e419acf66f095e238e56df41d9a7aa3,940001,ft,10,+x,0.0,bc_sham,test,B,4,1,native_success,120,236,square-seed940001-ft-b10,square-seed940001-ft-b10-m0,0.0,,,,,,,,,"robot0 OSC_POSE input [dx,dy,dz,ax,ay,az], action index 0/1",robosuite controller relative command convention,1861830067
square,18031b2ed2ee422f6e85bd8c113e199d46e0b29f3f2b2d6b4828e67449e0cf25,940001,ft,10,+x,0.0,ft_sham,test,A,1,1,native_success,280,76,square-seed940001-ft-b10,square-seed940001-ft-b10-m0,0.0,,,,,,,,,"robot0 OSC_POSE input [dx,dy,dz,ax,ay,az], action index 0/1",robosuite controller relative command convention,1711932160
square,18031b2ed2ee422f6e85bd8c113e199d46e0b29f3f2b2d6b4828e67449e0cf25,940001,ft,10,+x,0.0,ft_sham,test,A,2,1,native_success,272,84,square-seed940001-ft-b10,square-seed940001-ft-b10-m0,0.0,,,,,,,,,"robot0 OSC_POSE input [dx,dy,dz,ax,ay,az], action index 0/1",robosuite controller relative command convention,1231541760
square,18031b2ed2ee422f6e85bd8c113e199d46e0b29f3f2b2d6b4828e67449e0cf25,940001,ft,10,+x,0.0,ft_sham,test,B,3,1,native_success,276,80,square-seed940001-ft-b10,square-seed940001-ft-b10-m0,0.0,,,,,,,,,"robot0 OSC_POSE input [dx,dy,dz,ax,ay,az], action index 0/1",robosuite controller relative command convention,713698086
square,18031b2ed2ee422f6e85bd8c113e199d46e0b29f3f2b2d6b4828e67449e0cf25,940001,ft,10,+x,0.0,ft_sham,test,B,4,1,native_success,272,84,square-seed940001-ft-b10,square-seed940001-ft-b10-m0,0.0,,,,,,,,,"robot0 OSC_POSE input [dx,dy,dz,ax,ay,az], action index 0/1",robosuite controller relative command convention,1011500334
square,c9e22005b58ba2524782e3068c8341554e419acf66f095e238e56df41d9a7aa3,940001,ft,10,+x,0.125,bc_perturbed,test,A,1,1,native_success,136,220,square-seed940001-ft-b10,square-seed940001-ft-b10-m0.125,0.125,,,,,,,,,"robot0 OSC_POSE input [dx,dy,dz,ax,ay,az], action index 0/1",robosuite controller relative command convention,1389334753
square,c9e22005b58ba2524782e3068c8341554e419acf66f095e238e56df41d9a7aa3,940001,ft,10,+x,0.125,bc_perturbed,test,A,2,1,native_success,68,288,square-seed940001-ft-b10,square-seed940001-ft-b10-m0.125,0.125,,,,,,,,,"robot0 OSC_POSE input [dx,dy,dz,ax,ay,az], action index 0/1",robosuite controller relative command convention,2122744273
square,c9e22005b58ba2524782e3068c8341554e419acf66f095e238e56df41d9a7aa3,940001,ft,10,+x,0.125,bc_perturbed,test,B,3,0,episode_horizon,0,356,square-seed940001-ft-b10,square-seed940001-ft-b10-m0.125,0.125,,,,,,,,,"robot0 OSC_POSE input [dx,dy,dz,ax,ay,az], action index 0/1",robosuite controller relative command convention,1216393193
square,c9e22005b58ba2524782e3068c8341554e419acf66f095e238e56df41d9a7aa3,940001,ft,10,+x,0.125,bc_perturbed,test,B,4,0,episode_horizon,0,356,square-seed940001-ft-b10,square-seed940001-ft-b10-m0.125,0.125,,,,,,,,,"robot0 OSC_POSE input [dx,dy,dz,ax,ay,az], action index 0/1",robosuite controller relative command convention,140357551
square,18031b2ed2ee422f6e85bd8c113e199d46e0b29f3f2b2d6b4828e67449e0cf25,940001,ft,10,+x,0.125,ft_perturbed,test,A,1,1,native_success,272,84,square-seed940001-ft-b10,square-seed940001-ft-b10-m0.125,0.125,,,,,,,,,"robot0 OSC_POSE input [dx,dy,dz,ax,ay,az], action index 0/1",robosuite controller relative command convention,994782091
square,18031b2ed2ee422f6e85bd8c113e199d46e0b29f3f2b2d6b4828e67449e0cf25,940001,ft,10,+x,0.125,ft_perturbed,test,A,2,1,native_success,276,80,square-seed940001-ft-b10,square-seed940001-ft-b10-m0.125,0.125,,,,,,,,,"robot0 OSC_POSE input [dx,dy,dz,ax,ay,az], action index 0/1",robosuite controller relative command convention,1173434982
square,18031b2ed2ee422f6e85bd8c113e199d46e0b29f3f2b2d6b4828e67449e0cf25,940001,ft,10,+x,0.125,ft_perturbed,test,B,3,1,native_success,272,84,square-seed940001-ft-b10,square-seed940001-ft-b10-m0.125,0.125,,,,,,,,,"robot0 OSC_POSE input [dx,dy,dz,ax,ay,az], action index 0/1",robosuite controller relative command convention,270284598
square,18031b2ed2ee422f6e85bd8c113e199d46e0b29f3f2b2d6b4828e67449e0cf25,940001,ft,10,+x,0.125,ft_perturbed,test,B,4,1,native_success,276,80,square-seed940001-ft-b10,square-seed940001-ft-b10-m0.125,0.125,,,,,,,,,"robot0 OSC_POSE input [dx,dy,dz,ax,ay,az], action index 0/1",robosuite controller relative command convention,1019465727
square,c9e22005b58ba2524782e3068c8341554e419acf66f095e238e56df41d9a7aa3,940001,ft,10,+x,0.25,bc_perturbed,test,A,1,0,episode_horizon,0,356,square-seed940001-ft-b10,square-seed940001-ft-b10-m0.25,0.25,,,,,,,,,"robot0 OSC_POSE input [dx,dy,dz,ax,ay,az], action index 0/1",robosuite controller relative command convention,878497491
square,c9e22005b58ba2524782e3068c8341554e419acf66f095e238e56df41d9a7aa3,940001,ft,10,+x,0.25,bc_perturbed,test,A,2,1,native_success,172,184,square-seed940001-ft-b10,square-seed940001-ft-b10-m0.25,0.25,,,,,,,,,"robot0 OSC_POSE input [dx,dy,dz,ax,ay,az], action index 0/1",robosuite controller relative command convention,1368141139
square,c9e22005b58ba2524782e3068c8341554e419acf66f095e238e56df41d9a7aa3,940001,ft,10,+x,0.25,bc_perturbed,test,B,3,1,native_success,164,192,square-seed940001-ft-b10,square-seed940001-ft-b10-m0.25,0.25,,,,,,,,,"robot0 OSC_POSE input [dx,dy,dz,ax,ay,az], action index 0/1",robosuite controller relative command convention,1835888331
square,c9e22005b58ba2524782e3068c8341554e419acf66f095e238e56df41d9a7aa3,940001,ft,10,+x,0.25,bc_perturbed,test,B,4,1,native_success,68,288,square-seed940001-ft-b10,square-seed940001-ft-b10-m0.25,0.25,,,,,,,,,"robot0 OSC_POSE input [dx,dy,dz,ax,ay,az], action index 0/1",robosuite controller relative command convention,2105774019
square,18031b2ed2ee422f6e85bd8c113e199d46e0b29f3f2b2d6b4828e67449e0cf25,940001,ft,10,+x,0.25,ft_perturbed,test,A,1,1,native_success,276,80,square-seed940001-ft-b10,square-seed940001-ft-b10-m0.25,0.25,,,,,,,,,"robot0 OSC_POSE input [dx,dy,dz,ax,ay,az], action index 0/1",robosuite controller relative command convention,915707490
square,18031b2ed2ee422f6e85bd8c113e199d46e0b29f3f2b2d6b4828e67449e0cf25,940001,ft,10,+x,0.25,ft_perturbed,test,A,2,1,native_success,272,84,square-seed940001-ft-b10,square-seed940001-ft-b10-m0.25,0.25,,,,,,,,,"robot0 OSC_POSE input [dx,dy,dz,ax,ay,az], action index 0/1",robosuite controller relative command convention,1814892620
square,18031b2ed2ee422f6e85bd8c113e199d46e0b29f3f2b2d6b4828e67449e0cf25,940001,ft,10,+x,0.25,ft_perturbed,test,B,3,1,native_success,268,88,square-seed940001-ft-b10,square-seed940001-ft-b10-m0.25,0.25,,,,,,,,,"robot0 OSC_POSE input [dx,dy,dz,ax,ay,az], action index 0/1",robosuite controller relative command convention,1146603823
square,18031b2ed2ee422f6e85bd8c113e199d46e0b29f3f2b2d6b4828e67449e0cf25,940001,ft,10,+x,0.25,ft_perturbed,test,B,4,1,native_success,272,84,square-seed940001-ft-b10,square-seed940001-ft-b10-m0.25,0.25,,,,,,,,,"robot0 OSC_POSE input [dx,dy,dz,ax,ay,az], action index 0/1",robosuite controller relative command convention,1431706226
square,c9e22005b58ba2524782e3068c8341554e419acf66f095e238e56df41d9a7aa3,940001,ft,10,+x,0.5,bc_perturbed,test,A,1,1,native_success,108,248,square-seed940001-ft-b10,square-seed940001-ft-b10-m0.5,0.5,,,,,,,,,"robot0 OSC_POSE input [dx,dy,dz,ax,ay,az], action index 0/1",robosuite controller relative command convention,1258881892
square,c9e22005b58ba2524782e3068c8341554e419acf66f095e238e56df41d9a7aa3,940001,ft,10,+x,0.5,bc_perturbed,test,A,2,0,episode_horizon,0,356,square-seed940001-ft-b10,square-seed940001-ft-b10-m0.5,0.5,,,,,,,,,"robot0 OSC_POSE input [dx,dy,dz,ax,ay,az], action index 0/1",robosuite controller relative command convention,2024747925
square,c9e22005b58ba2524782e3068c8341554e419acf66f095e238e56df41d9a7aa3,940001,ft,10,+x,0.5,bc_perturbed,test,B,3,1,native_success,196,160,square-seed940001-ft-b10,square-seed940001-ft-b10-m0.5,0.5,,,,,,,,,"robot0 OSC_POSE input [dx,dy,dz,ax,ay,az], action index 0/1",robosuite controller relative command convention,249195620
square,c9e22005b58ba2524782e3068c8341554e419acf66f095e238e56df41d9a7aa3,940001,ft,10,+x,0.5,bc_perturbed,test,B,4,0,episode_horizon,0,356,square-seed940001-ft-b10,square-seed940001-ft-b10-m0.5,0.5,,,,,,,,,"robot0 OSC_POSE input [dx,dy,dz,ax,ay,az], action index 0/1",robosuite controller relative command convention,1598852309
square,18031b2ed2ee422f6e85bd8c113e199d46e0b29f3f2b2d6b4828e67449e0cf25,940001,ft,10,+x,0.5,ft_perturbed,test,A,1,1,native_success,268,88,square-seed940001-ft-b10,square-seed940001-ft-b10-m0.5,0.5,,,,,,,,,"robot0 OSC_POSE input [dx,dy,dz,ax,ay,az], action index 0/1",robosuite controller relative command convention,2035915318
square,18031b2ed2ee422f6e85bd8c113e199d46e0b29f3f2b2d6b4828e67449e0cf25,940001,ft,10,+x,0.5,ft_perturbed,test,A,2,1,native_success,268,88,square-seed940001-ft-b10,square-seed940001-ft-b10-m0.5,0.5,,,,,,,,,"robot0 OSC_POSE input [dx,dy,dz,ax,ay,az], action index 0/1",robosuite controller relative command convention,1811272970
square,18031b2ed2ee422f6e85bd8c113e199d46e0b29f3f2b2d6b4828e67449e0cf25,940001,ft,10,+x,0.5,ft_perturbed,test,B,3,1,native_success,272,84,square-seed940001-ft-b10,square-seed940001-ft-b10-m0.5,0.5,,,,,,,,,"robot0 OSC_POSE input [dx,dy,dz,ax,ay,az], action index 0/1",robosuite controller relative command convention,956801404
square,18031b2ed2ee422f6e85bd8c113e199d46e0b29f3f2b2d6b4828e67449e0cf25,940001,ft,10,+x,0.5,ft_perturbed,test,B,4,1,native_success,268,88,square-seed940001-ft-b10,square-seed940001-ft-b10-m0.5,0.5,,,,,,,,,"robot0 OSC_POSE input [dx,dy,dz,ax,ay,az], action index 0/1",robosuite controller relative command convention,201767354
square,c9e22005b58ba2524782e3068c8341554e419acf66f095e238e56df41d9a7aa3,940002,bc,20,-x,0.0,bc_sham,test,A,1,0,episode_horizon,0,316,square-seed940002-bc-b20,square-seed940002-bc-b20-m0,0.0,,,,,,,,,"robot0 OSC_POSE input [dx,dy,dz,ax,ay,az], action index 0/1",robosuite controller relative command convention,101189555
square,c9e22005b58ba2524782e3068c8341554e419acf66f095e238e56df41d9a7aa3,940002,bc,20,-x,0.0,bc_sham,test,A,2,0,episode_horizon,0,316,square-seed940002-bc-b20,square-seed940002-bc-b20-m0,0.0,,,,,,,,,"robot0 OSC_POSE input [dx,dy,dz,ax,ay,az], action index 0/1",robosuite controller relative command convention,346890562
square,c9e22005b58ba2524782e3068c8341554e419acf66f095e238e56df41d9a7aa3,940002,bc,20,-x,0.0,bc_sham,test,B,3,0,episode_horizon,0,316,square-seed940002-bc-b20,square-seed940002-bc-b20-m0,0.0,,,,,,,,,"robot0 OSC_POSE input [dx,dy,dz,ax,ay,az], action index 0/1",robosuite controller relative command convention,712901000
square,c9e22005b58ba2524782e3068c8341554e419acf66f095e238e56df41d9a7aa3,940002,bc,20,-x,0.0,bc_sham,test,B,4,0,episode_horizon,0,316,square-seed940002-bc-b20,square-seed940002-bc-b20-m0,0.0,,,,,,,,,"robot0 OSC_POSE input [dx,dy,dz,ax,ay,az], action index 0/1",robosuite controller relative command convention,1140066565
square,18031b2ed2ee422f6e85bd8c113e199d46e0b29f3f2b2d6b4828e67449e0cf25,940002,bc,20,-x,0.0,ft_sham,test,A,1,1,native_success,196,120,square-seed940002-bc-b20,square-seed940002-bc-b20-m0,0.0,,,,,,,,,"robot0 OSC_POSE input [dx,dy,dz,ax,ay,az], action index 0/1",robosuite controller relative command convention,162905317
square,18031b2ed2ee422f6e85bd8c113e199d46e0b29f3f2b2d6b4828e67449e0cf25,940002,bc,20,-x,0.0,ft_sham,test,A,2,1,native_success,168,148,square-seed940002-bc-b20,square-seed940002-bc-b20-m0,0.0,,,,,,,,,"robot0 OSC_POSE input [dx,dy,dz,ax,ay,az], action index 0/1",robosuite controller relative command convention,2056885298
square,18031b2ed2ee422f6e85bd8c113e199d46e0b29f3f2b2d6b4828e67449e0cf25,940002,bc,20,-x,0.0,ft_sham,test,B,3,1,native_success,192,124,square-seed940002-bc-b20,square-seed940002-bc-b20-m0,0.0,,,,,,,,,"robot0 OSC_POSE input [dx,dy,dz,ax,ay,az], action index 0/1",robosuite controller relative command convention,1498079122
square,18031b2ed2ee422f6e85bd8c113e199d46e0b29f3f2b2d6b4828e67449e0cf25,940002,bc,20,-x,0.0,ft_sham,test,B,4,1,native_success,212,104,square-seed940002-bc-b20,square-seed940002-bc-b20-m0,0.0,,,,,,,,,"robot0 OSC_POSE input [dx,dy,dz,ax,ay,az], action index 0/1",robosuite controller relative command convention,1908099116
square,c9e22005b58ba2524782e3068c8341554e419acf66f095e238e56df41d9a7aa3,940002,bc,20,-x,0.125,bc_perturbed,test,A,1,0,episode_horizon,0,316,square-seed940002-bc-b20,square-seed940002-bc-b20-m0.125,0.125,,,,,,,,,"robot0 OSC_POSE input [dx,dy,dz,ax,ay,az], action index 0/1",robosuite controller relative command convention,582996145
square,c9e22005b58ba2524782e3068c8341554e419acf66f095e238e56df41d9a7aa3,940002,bc,20,-x,0.125,bc_perturbed,test,A,2,0,episode_horizon,0,316,square-seed940002-bc-b20,square-seed940002-bc-b20-m0.125,0.125,,,,,,,,,"robot0 OSC_POSE input [dx,dy,dz,ax,ay,az], action index 0/1",robosuite controller relative command convention,1621679262
square,c9e22005b58ba2524782e3068c8341554e419acf66f095e238e56df41d9a7aa3,940002,bc,20,-x,0.125,bc_perturbed,test,B,3,0,episode_horizon,0,316,square-seed940002-bc-b20,square-seed940002-bc-b20-m0.125,0.125,,,,,,,,,"robot0 OSC_POSE input [dx,dy,dz,ax,ay,az], action index 0/1",robosuite controller relative command convention,661237083
square,c9e22005b58ba2524782e3068c8341554e419acf66f095e238e56df41d9a7aa3,940002,bc,20,-x,0.125,bc_perturbed,test,B,4,1,native_success,212,104,square-seed940002-bc-b20,square-seed940002-bc-b20-m0.125,0.125,,,,,,,,,"robot0 OSC_POSE input [dx,dy,dz,ax,ay,az], action index 0/1",robosuite controller relative command convention,558788382
square,18031b2ed2ee422f6e85bd8c113e199d46e0b29f3f2b2d6b4828e67449e0cf25,940002,bc,20,-x,0.125,ft_perturbed,test,A,1,1,native_success,196,120,square-seed940002-bc-b20,square-seed940002-bc-b20-m0.125,0.125,,,,,,,,,"robot0 OSC_POSE input [dx,dy,dz,ax,ay,az], action index 0/1",robosuite controller relative command convention,1996542674
square,18031b2ed2ee422f6e85bd8c113e199d46e0b29f3f2b2d6b4828e67449e0cf25,940002,bc,20,-x,0.125,ft_perturbed,test,A,2,1,native_success,196,120,square-seed940002-bc-b20,square-seed940002-bc-b20-m0.125,0.125,,,,,,,,,"robot0 OSC_POSE input [dx,dy,dz,ax,ay,az], action index 0/1",robosuite controller relative command convention,1398230736
square,18031b2ed2ee422f6e85bd8c113e199d46e0b29f3f2b2d6b4828e67449e0cf25,940002,bc,20,-x,0.125,ft_perturbed,test,B,3,1,native_success,200,116,square-seed940002-bc-b20,square-seed940002-bc-b20-m0.125,0.125,,,,,,,,,"robot0 OSC_POSE input [dx,dy,dz,ax,ay,az], action index 0/1",robosuite controller relative command convention,516997838
square,18031b2ed2ee422f6e85bd8c113e199d46e0b29f3f2b2d6b4828e67449e0cf25,940002,bc,20,-x,0.125,ft_perturbed,test,B,4,1,native_success,192,124,square-seed940002-bc-b20,square-seed940002-bc-b20-m0.125,0.125,,,,,,,,,"robot0 OSC_POSE input [dx,dy,dz,ax,ay,az], action index 0/1",robosuite controller relative command convention,124895880
square,c9e22005b58ba2524782e3068c8341554e419acf66f095e238e56df41d9a7aa3,940002,bc,20,-x,0.25,bc_perturbed,test,A,1,1,native_success,152,164,square-seed940002-bc-b20,square-seed940002-bc-b20-m0.25,0.25,,,,,,,,,"robot0 OSC_POSE input [dx,dy,dz,ax,ay,az], action index 0/1",robosuite controller relative command convention,1457684161
square,c9e22005b58ba2524782e3068c8341554e419acf66f095e238e56df41d9a7aa3,940002,bc,20,-x,0.25,bc_perturbed,test,A,2,0,episode_horizon,0,316,square-seed940002-bc-b20,square-seed940002-bc-b20-m0.25,0.25,,,,,,,,,"robot0 OSC_POSE input [dx,dy,dz,ax,ay,az], action index 0/1",robosuite controller relative command convention,976119329
square,c9e22005b58ba2524782e3068c8341554e419acf66f095e238e56df41d9a7aa3,940002,bc,20,-x,0.25,bc_perturbed,test,B,3,0,episode_horizon,0,316,square-seed940002-bc-b20,square-seed940002-bc-b20-m0.25,0.25,,,,,,,,,"robot0 OSC_POSE input [dx,dy,dz,ax,ay,az], action index 0/1",robosuite controller relative command convention,2001578510
square,c9e22005b58ba2524782e3068c8341554e419acf66f095e238e56df41d9a7aa3,940002,bc,20,-x,0.25,bc_perturbed,test,B,4,0,episode_horizon,0,316,square-seed940002-bc-b20,square-seed940002-bc-b20-m0.25,0.25,,,,,,,,,"robot0 OSC_POSE input [dx,dy,dz,ax,ay,az], action index 0/1",robosuite controller relative command convention,105097561
square,18031b2ed2ee422f6e85bd8c113e199d46e0b29f3f2b2d6b4828e67449e0cf25,940002,bc,20,-x,0.25,ft_perturbed,test,A,1,1,native_success,184,132,square-seed940002-bc-b20,square-seed940002-bc-b20-m0.25,0.25,,,,,,,,,"robot0 OSC_POSE input [dx,dy,dz,ax,ay,az], action index 0/1",robosuite controller relative command convention,306937187
square,18031b2ed2ee422f6e85bd8c113e199d46e0b29f3f2b2d6b4828e67449e0cf25,940002,bc,20,-x,0.25,ft_perturbed,test,A,2,1,native_success,208,108,square-seed940002-bc-b20,square-seed940002-bc-b20-m0.25,0.25,,,,,,,,,"robot0 OSC_POSE input [dx,dy,dz,ax,ay,az], action index 0/1",robosuite controller relative command convention,653721249
square,18031b2ed2ee422f6e85bd8c113e199d46e0b29f3f2b2d6b4828e67449e0cf25,940002,bc,20,-x,0.25,ft_perturbed,test,B,3,1,native_success,188,128,square-seed940002-bc-b20,square-seed940002-bc-b20-m0.25,0.25,,,,,,,,,"robot0 OSC_POSE input [dx,dy,dz,ax,ay,az], action index 0/1",robosuite controller relative command convention,103752522
square,18031b2ed2ee422f6e85bd8c113e199d46e0b29f3f2b2d6b4828e67449e0cf25,940002,bc,20,-x,0.25,ft_perturbed,test,B,4,1,native_success,184,132,square-seed940002-bc-b20,square-seed940002-bc-b20-m0.25,0.25,,,,,,,,,"robot0 OSC_POSE input [dx,dy,dz,ax,ay,az], action index 0/1",robosuite controller relative command convention,608642045
square,c9e22005b58ba2524782e3068c8341554e419acf66f095e238e56df41d9a7aa3,940002,bc,20,-x,0.5,bc_perturbed,test,A,1,0,episode_horizon,0,316,square-seed940002-bc-b20,square-seed940002-bc-b20-m0.5,0.5,,,,,,,,,"robot0 OSC_POSE input [dx,dy,dz,ax,ay,az], action index 0/1",robosuite controller relative command convention,2030312735
square,c9e22005b58ba2524782e3068c8341554e419acf66f095e238e56df41d9a7aa3,940002,bc,20,-x,0.5,bc_perturbed,test,A,2,0,episode_horizon,0,316,square-seed940002-bc-b20,square-seed940002-bc-b20-m0.5,0.5,,,,,,,,,"robot0 OSC_POSE input [dx,dy,dz,ax,ay,az], action index 0/1",robosuite controller relative command convention,439870119
square,c9e22005b58ba2524782e3068c8341554e419acf66f095e238e56df41d9a7aa3,940002,bc,20,-x,0.5,bc_perturbed,test,B,3,0,episode_horizon,0,316,square-seed940002-bc-b20,square-seed940002-bc-b20-m0.5,0.5,,,,,,,,,"robot0 OSC_POSE input [dx,dy,dz,ax,ay,az], action index 0/1",robosuite controller relative command convention,641072417
square,c9e22005b58ba2524782e3068c8341554e419acf66f095e238e56df41d9a7aa3,940002,bc,20,-x,0.5,bc_perturbed,test,B,4,1,native_success,196,120,square-seed940002-bc-b20,square-seed940002-bc-b20-m0.5,0.5,,,,,,,,,"robot0 OSC_POSE input [dx,dy,dz,ax,ay,az], action index 0/1",robosuite controller relative command convention,1201991902
square,18031b2ed2ee422f6e85bd8c113e199d46e0b29f3f2b2d6b4828e67449e0cf25,940002,bc,20,-x,0.5,ft_perturbed,test,A,1,1,native_success,196,120,square-seed940002-bc-b20,square-seed940002-bc-b20-m0.5,0.5,,,,,,,,,"robot0 OSC_POSE input [dx,dy,dz,ax,ay,az], action index 0/1",robosuite controller relative command convention,765434356
square,18031b2ed2ee422f6e85bd8c113e199d46e0b29f3f2b2d6b4828e67449e0cf25,940002,bc,20,-x,0.5,ft_perturbed,test,A,2,1,native_success,196,120,square-seed940002-bc-b20,square-seed940002-bc-b20-m0.5,0.5,,,,,,,,,"robot0 OSC_POSE input [dx,dy,dz,ax,ay,az], action index 0/1",robosuite controller relative command convention,759218888
square,18031b2ed2ee422f6e85bd8c113e199d46e0b29f3f2b2d6b4828e67449e0cf25,940002,bc,20,-x,0.5,ft_perturbed,test,B,3,1,native_success,188,128,square-seed940002-bc-b20,square-seed940002-bc-b20-m0.5,0.5,,,,,,,,,"robot0 OSC_POSE input [dx,dy,dz,ax,ay,az], action index 0/1",robosuite controller relative command convention,225788643
square,18031b2ed2ee422f6e85bd8c113e199d46e0b29f3f2b2d6b4828e67449e0cf25,940002,bc,20,-x,0.5,ft_perturbed,test,B,4,1,native_success,200,116,square-seed940002-bc-b20,square-seed940002-bc-b20-m0.5,0.5,,,,,,,,,"robot0 OSC_POSE input [dx,dy,dz,ax,ay,az], action index 0/1",robosuite controller relative command convention,1851919344
square,c9e22005b58ba2524782e3068c8341554e419acf66f095e238e56df41d9a7aa3,940002,ft,20,-x,0.0,bc_sham,test,A,1,1,native_success,184,132,square-seed940002-ft-b20,square-seed940002-ft-b20-m0,0.0,,,,,,,,,"robot0 OSC_POSE input [dx,dy,dz,ax,ay,az], action index 0/1",robosuite controller relative command convention,2022253974
square,c9e22005b58ba2524782e3068c8341554e419acf66f095e238e56df41d9a7aa3,940002,ft,20,-x,0.0,bc_sham,test,A,2,0,episode_horizon,0,316,square-seed940002-ft-b20,square-seed940002-ft-b20-m0,0.0,,,,,,,,,"robot0 OSC_POSE input [dx,dy,dz,ax,ay,az], action index 0/1",robosuite controller relative command convention,64525763
square,c9e22005b58ba2524782e3068c8341554e419acf66f095e238e56df41d9a7aa3,940002,ft,20,-x,0.0,bc_sham,test,B,3,1,native_success,144,172,square-seed940002-ft-b20,square-seed940002-ft-b20-m0,0.0,,,,,,,,,"robot0 OSC_POSE input [dx,dy,dz,ax,ay,az], action index 0/1",robosuite controller relative command convention,839652294
square,c9e22005b58ba2524782e3068c8341554e419acf66f095e238e56df41d9a7aa3,940002,ft,20,-x,0.0,bc_sham,test,B,4,1,native_success,128,188,square-seed940002-ft-b20,square-seed940002-ft-b20-m0,0.0,,,,,,,,,"robot0 OSC_POSE input [dx,dy,dz,ax,ay,az], action index 0/1",robosuite controller relative command convention,928278625
square,18031b2ed2ee422f6e85bd8c113e199d46e0b29f3f2b2d6b4828e67449e0cf25,940002,ft,20,-x,0.0,ft_sham,test,A,1,0,episode_horizon,0,316,square-seed940002-ft-b20,square-seed940002-ft-b20-m0,0.0,,,,,,,,,"robot0 OSC_POSE input [dx,dy,dz,ax,ay,az], action index 0/1",robosuite controller relative command convention,1047803489
square,18031b2ed2ee422f6e85bd8c113e199d46e0b29f3f2b2d6b4828e67449e0cf25,940002,ft,20,-x,0.0,ft_sham,test,A,2,1,native_success,224,92,square-seed940002-ft-b20,square-seed940002-ft-b20-m0,0.0,,,,,,,,,"robot0 OSC_POSE input [dx,dy,dz,ax,ay,az], action index 0/1",robosuite controller relative command convention,1765159582
square,18031b2ed2ee422f6e85bd8c113e199d46e0b29f3f2b2d6b4828e67449e0cf25,940002,ft,20,-x,0.0,ft_sham,test,B,3,1,native_success,220,96,square-seed940002-ft-b20,square-seed940002-ft-b20-m0,0.0,,,,,,,,,"robot0 OSC_POSE input [dx,dy,dz,ax,ay,az], action index 0/1",robosuite controller relative command convention,768585410
square,18031b2ed2ee422f6e85bd8c113e199d46e0b29f3f2b2d6b4828e67449e0cf25,940002,ft,20,-x,0.0,ft_sham,test,B,4,0,episode_horizon,0,316,square-seed940002-ft-b20,square-seed940002-ft-b20-m0,0.0,,,,,,,,,"robot0 OSC_POSE input [dx,dy,dz,ax,ay,az], action index 0/1",robosuite controller relative command convention,240893955
square,c9e22005b58ba2524782e3068c8341554e419acf66f095e238e56df41d9a7aa3,940002,ft,20,-x,0.125,bc_perturbed,test,A,1,1,native_success,164,152,square-seed940002-ft-b20,square-seed940002-ft-b20-m0.125,0.125,,,,,,,,,"robot0 OSC_POSE input [dx,dy,dz,ax,ay,az], action index 0/1",robosuite controller relative command convention,1614645126
square,c9e22005b58ba2524782e3068c8341554e419acf66f095e238e56df41d9a7aa3,940002,ft,20,-x,0.125,bc_perturbed,test,A,2,1,native_success,144,172,square-seed940002-ft-b20,square-seed940002-ft-b20-m0.125,0.125,,,,,,,,,"robot0 OSC_POSE input [dx,dy,dz,ax,ay,az], action index 0/1",robosuite controller relative command convention,274464734
square,c9e22005b58ba2524782e3068c8341554e419acf66f095e238e56df41d9a7aa3,940002,ft,20,-x,0.125,bc_perturbed,test,B,3,0,episode_horizon,0,316,square-seed940002-ft-b20,square-seed940002-ft-b20-m0.125,0.125,,,,,,,,,"robot0 OSC_POSE input [dx,dy,dz,ax,ay,az], action index 0/1",robosuite controller relative command convention,812486209
square,c9e22005b58ba2524782e3068c8341554e419acf66f095e238e56df41d9a7aa3,940002,ft,20,-x,0.125,bc_perturbed,test,B,4,1,native_success,168,148,square-seed940002-ft-b20,square-seed940002-ft-b20-m0.125,0.125,,,,,,,,,"robot0 OSC_POSE input [dx,dy,dz,ax,ay,az], action index 0/1",robosuite controller relative command convention,798481769
square,18031b2ed2ee422f6e85bd8c113e199d46e0b29f3f2b2d6b4828e67449e0cf25,940002,ft,20,-x,0.125,ft_perturbed,test,A,1,1,native_success,216,100,square-seed940002-ft-b20,square-seed940002-ft-b20-m0.125,0.125,,,,,,,,,"robot0 OSC_POSE input [dx,dy,dz,ax,ay,az], action index 0/1",robosuite controller relative command convention,1460496110
square,18031b2ed2ee422f6e85bd8c113e199d46e0b29f3f2b2d6b4828e67449e0cf25,940002,ft,20,-x,0.125,ft_perturbed,test,A,2,1,native_success,232,84,square-seed940002-ft-b20,square-seed940002-ft-b20-m0.125,0.125,,,,,,,,,"robot0 OSC_POSE input [dx,dy,dz,ax,ay,az], action index 0/1",robosuite controller relative command convention,1193962007
square,18031b2ed2ee422f6e85bd8c113e199d46e0b29f3f2b2d6b4828e67449e0cf25,940002,ft,20,-x,0.125,ft_perturbed,test,B,3,0,episode_horizon,0,316,square-seed940002-ft-b20,square-seed940002-ft-b20-m0.125,0.125,,,,,,,,,"robot0 OSC_POSE input [dx,dy,dz,ax,ay,az], action index 0/1",robosuite controller relative command convention,1577071431
square,18031b2ed2ee422f6e85bd8c113e199d46e0b29f3f2b2d6b4828e67449e0cf25,940002,ft,20,-x,0.125,ft_perturbed,test,B,4,1,native_success,200,116,square-seed940002-ft-b20,square-seed940002-ft-b20-m0.125,0.125,,,,,,,,,"robot0 OSC_POSE input [dx,dy,dz,ax,ay,az], action index 0/1",robosuite controller relative command convention,461713832
square,c9e22005b58ba2524782e3068c8341554e419acf66f095e238e56df41d9a7aa3,940002,ft,20,-x,0.25,bc_perturbed,test,A,1,0,episode_horizon,0,316,square-seed940002-ft-b20,square-seed940002-ft-b20-m0.25,0.25,,,,,,,,,"robot0 OSC_POSE input [dx,dy,dz,ax,ay,az], action index 0/1",robosuite controller relative command convention,458994521
square,c9e22005b58ba2524782e3068c8341554e419acf66f095e238e56df41d9a7aa3,940002,ft,20,-x,0.25,bc_perturbed,test,A,2,0,episode_horizon,0,316,square-seed940002-ft-b20,square-seed940002-ft-b20-m0.25,0.25,,,,,,,,,"robot0 OSC_POSE input [dx,dy,dz,ax,ay,az], action index 0/1",robosuite controller relative command convention,230141281
square,c9e22005b58ba2524782e3068c8341554e419acf66f095e238e56df41d9a7aa3,940002,ft,20,-x,0.25,bc_perturbed,test,B,3,1,native_success,176,140,square-seed940002-ft-b20,square-seed940002-ft-b20-m0.25,0.25,,,,,,,,,"robot0 OSC_POSE input [dx,dy,dz,ax,ay,az], action index 0/1",robosuite controller relative command convention,1667753035
square,c9e22005b58ba2524782e3068c8341554e419acf66f095e238e56df41d9a7aa3,940002,ft,20,-x,0.25,bc_perturbed,test,B,4,1,native_success,188,128,square-seed940002-ft-b20,square-seed940002-ft-b20-m0.25,0.25,,,,,,,,,"robot0 OSC_POSE input [dx,dy,dz,ax,ay,az], action index 0/1",robosuite controller relative command convention,1264238268
square,18031b2ed2ee422f6e85bd8c113e199d46e0b29f3f2b2d6b4828e67449e0cf25,940002,ft,20,-x,0.25,ft_perturbed,test,A,1,1,native_success,220,96,square-seed940002-ft-b20,square-seed940002-ft-b20-m0.25,0.25,,,,,,,,,"robot0 OSC_POSE input [dx,dy,dz,ax,ay,az], action index 0/1",robosuite controller relative command convention,1925377231
square,18031b2ed2ee422f6e85bd8c113e199d46e0b29f3f2b2d6b4828e67449e0cf25,940002,ft,20,-x,0.25,ft_perturbed,test,A,2,0,episode_horizon,0,316,square-seed940002-ft-b20,square-seed940002-ft-b20-m0.25,0.25,,,,,,,,,"robot0 OSC_POSE input [dx,dy,dz,ax,ay,az], action index 0/1",robosuite controller relative command convention,1422818193
square,18031b2ed2ee422f6e85bd8c113e199d46e0b29f3f2b2d6b4828e67449e0cf25,940002,ft,20,-x,0.25,ft_perturbed,test,B,3,1,native_success,132,184,square-seed940002-ft-b20,square-seed940002-ft-b20-m0.25,0.25,,,,,,,,,"robot0 OSC_POSE input [dx,dy,dz,ax,ay,az], action index 0/1",robosuite controller relative command convention,147475863
square,18031b2ed2ee422f6e85bd8c113e199d46e0b29f3f2b2d6b4828e67449e0cf25,940002,ft,20,-x,0.25,ft_perturbed,test,B,4,0,episode_horizon,0,316,square-seed940002-ft-b20,square-seed940002-ft-b20-m0.25,0.25,,,,,,,,,"robot0 OSC_POSE input [dx,dy,dz,ax,ay,az], action index 0/1",robosuite controller relative command convention,644607434
square,c9e22005b58ba2524782e3068c8341554e419acf66f095e238e56df41d9a7aa3,940002,ft,20,-x,0.5,bc_perturbed,test,A,1,0,episode_horizon,0,316,square-seed940002-ft-b20,square-seed940002-ft-b20-m0.5,0.5,,,,,,,,,"robot0 OSC_POSE input [dx,dy,dz,ax,ay,az], action index 0/1",robosuite controller relative command convention,229129755
square,c9e22005b58ba2524782e3068c8341554e419acf66f095e238e56df41d9a7aa3,940002,ft,20,-x,0.5,bc_perturbed,test,A,2,0,episode_horizon,0,316,square-seed940002-ft-b20,square-seed940002-ft-b20-m0.5,0.5,,,,,,,,,"robot0 OSC_POSE input [dx,dy,dz,ax,ay,az], action index 0/1",robosuite controller relative command convention,175287314
square,c9e22005b58ba2524782e3068c8341554e419acf66f095e238e56df41d9a7aa3,940002,ft,20,-x,0.5,bc_perturbed,test,B,3,1,native_success,184,132,square-seed940002-ft-b20,square-seed940002-ft-b20-m0.5,0.5,,,,,,,,,"robot0 OSC_POSE input [dx,dy,dz,ax,ay,az], action index 0/1",robosuite controller relative command convention,1763174661
square,c9e22005b58ba2524782e3068c8341554e419acf66f095e238e56df41d9a7aa3,940002,ft,20,-x,0.5,bc_perturbed,test,B,4,0,episode_horizon,0,316,square-seed940002-ft-b20,square-seed940002-ft-b20-m0.5,0.5,,,,,,,,,"robot0 OSC_POSE input [dx,dy,dz,ax,ay,az], action index 0/1",robosuite controller relative command convention,19886627
square,18031b2ed2ee422f6e85bd8c113e199d46e0b29f3f2b2d6b4828e67449e0cf25,940002,ft,20,-x,0.5,ft_perturbed,test,A,1,1,native_success,144,172,square-seed940002-ft-b20,square-seed940002-ft-b20-m0.5,0.5,,,,,,,,,"robot0 OSC_POSE input [dx,dy,dz,ax,ay,az], action index 0/1",robosuite controller relative command convention,1531673027
square,18031b2ed2ee422f6e85bd8c113e199d46e0b29f3f2b2d6b4828e67449e0cf25,940002,ft,20,-x,0.5,ft_perturbed,test,A,2,1,native_success,164,152,square-seed940002-ft-b20,square-seed940002-ft-b20-m0.5,0.5,,,,,,,,,"robot0 OSC_POSE input [dx,dy,dz,ax,ay,az], action index 0/1",robosuite controller relative command convention,96285586
square,18031b2ed2ee422f6e85bd8c113e199d46e0b29f3f2b2d6b4828e67449e0cf25,940002,ft,20,-x,0.5,ft_perturbed,test,B,3,0,episode_horizon,0,316,square-seed940002-ft-b20,square-seed940002-ft-b20-m0.5,0.5,,,,,,,,,"robot0 OSC_POSE input [dx,dy,dz,ax,ay,az], action index 0/1",robosuite controller relative command convention,510868841
square,18031b2ed2ee422f6e85bd8c113e199d46e0b29f3f2b2d6b4828e67449e0cf25,940002,ft,20,-x,0.5,ft_perturbed,test,B,4,0,episode_horizon,0,316,square-seed940002-ft-b20,square-seed940002-ft-b20-m0.5,0.5,,,,,,,,,"robot0 OSC_POSE input [dx,dy,dz,ax,ay,az], action index 0/1",robosuite controller relative command convention,1415395110
square,c9e22005b58ba2524782e3068c8341554e419acf66f095e238e56df41d9a7aa3,940003,bc,40,+y,0.0,bc_sham,test,A,1,0,episode_horizon,0,236,square-seed940003-bc-b40,square-seed940003-bc-b40-m0,0.0,,,,,,,,,"robot0 OSC_POSE input [dx,dy,dz,ax,ay,az], action index 0/1",robosuite controller relative command convention,570430150
square,c9e22005b58ba2524782e3068c8341554e419acf66f095e238e56df41d9a7aa3,940003,bc,40,+y,0.0,bc_sham,test,A,2,0,episode_horizon,0,236,square-seed940003-bc-b40,square-seed940003-bc-b40-m0,0.0,,,,,,,,,"robot0 OSC_POSE input [dx,dy,dz,ax,ay,az], action index 0/1",robosuite controller relative command convention,1153340942
square,c9e22005b58ba2524782e3068c8341554e419acf66f095e238e56df41d9a7aa3,940003,bc,40,+y,0.0,bc_sham,test,B,3,0,episode_horizon,0,236,square-seed940003-bc-b40,square-seed940003-bc-b40-m0,0.0,,,,,,,,,"robot0 OSC_POSE input [dx,dy,dz,ax,ay,az], action index 0/1",robosuite controller relative command convention,442361332
square,c9e22005b58ba2524782e3068c8341554e419acf66f095e238e56df41d9a7aa3,940003,bc,40,+y,0.0,bc_sham,test,B,4,0,episode_horizon,0,236,square-seed940003-bc-b40,square-seed940003-bc-b40-m0,0.0,,,,,,,,,"robot0 OSC_POSE input [dx,dy,dz,ax,ay,az], action index 0/1",robosuite controller relative command convention,869237485
square,18031b2ed2ee422f6e85bd8c113e199d46e0b29f3f2b2d6b4828e67449e0cf25,940003,bc,40,+y,0.0,ft_sham,test,A,1,0,episode_horizon,0,236,square-seed940003-bc-b40,square-seed940003-bc-b40-m0,0.0,,,,,,,,,"robot0 OSC_POSE input [dx,dy,dz,ax,ay,az], action index 0/1",robosuite controller relative command convention,957312192
square,18031b2ed2ee422f6e85bd8c113e199d46e0b29f3f2b2d6b4828e67449e0cf25,940003,bc,40,+y,0.0,ft_sham,test,A,2,0,episode_horizon,0,236,square-seed940003-bc-b40,square-seed940003-bc-b40-m0,0.0,,,,,,,,,"robot0 OSC_POSE input [dx,dy,dz,ax,ay,az], action index 0/1",robosuite controller relative command convention,1965724913
square,18031b2ed2ee422f6e85bd8c113e199d46e0b29f3f2b2d6b4828e67449e0cf25,940003,bc,40,+y,0.0,ft_sham,test,B,3,0,episode_horizon,0,236,square-seed940003-bc-b40,square-seed940003-bc-b40-m0,0.0,,,,,,,,,"robot0 OSC_POSE input [dx,dy,dz,ax,ay,az], action index 0/1",robosuite controller relative command convention,813163996
square,18031b2ed2ee422f6e85bd8c113e199d46e0b29f3f2b2d6b4828e67449e0cf25,940003,bc,40,+y,0.0,ft_sham,test,B,4,0,episode_horizon,0,236,square-seed940003-bc-b40,square-seed940003-bc-b40-m0,0.0,,,,,,,,,"robot0 OSC_POSE input [dx,dy,dz,ax,ay,az], action index 0/1",robosuite controller relative command convention,1890718824
square,c9e22005b58ba2524782e3068c8341554e419acf66f095e238e56df41d9a7aa3,940003,bc,40,+y,0.125,bc_perturbed,test,A,1,0,episode_horizon,0,236,square-seed940003-bc-b40,square-seed940003-bc-b40-m0.125,0.125,,,,,,,,,"robot0 OSC_POSE input [dx,dy,dz,ax,ay,az], action index 0/1",robosuite controller relative command convention,1183964222
square,c9e22005b58ba2524782e3068c8341554e419acf66f095e238e56df41d9a7aa3,940003,bc,40,+y,0.125,bc_perturbed,test,A,2,0,episode_horizon,0,236,square-seed940003-bc-b40,square-seed940003-bc-b40-m0.125,0.125,,,,,,,,,"robot0 OSC_POSE input [dx,dy,dz,ax,ay,az], action index 0/1",robosuite controller relative command convention,1538913110
square,c9e22005b58ba2524782e3068c8341554e419acf66f095e238e56df41d9a7aa3,940003,bc,40,+y,0.125,bc_perturbed,test,B,3,0,episode_horizon,0,236,square-seed940003-bc-b40,square-seed940003-bc-b40-m0.125,0.125,,,,,,,,,"robot0 OSC_POSE input [dx,dy,dz,ax,ay,az], action index 0/1",robosuite controller relative command convention,1904040972
square,c9e22005b58ba2524782e3068c8341554e419acf66f095e238e56df41d9a7aa3,940003,bc,40,+y,0.125,bc_perturbed,test,B,4,0,episode_horizon,0,236,square-seed940003-bc-b40,square-seed940003-bc-b40-m0.125,0.125,,,,,,,,,"robot0 OSC_POSE input [dx,dy,dz,ax,ay,az], action index 0/1",robosuite controller relative command convention,814341627
square,18031b2ed2ee422f6e85bd8c113e199d46e0b29f3f2b2d6b4828e67449e0cf25,940003,bc,40,+y,0.125,ft_perturbed,test,A,1,0,episode_horizon,0,236,square-seed940003-bc-b40,square-seed940003-bc-b40-m0.125,0.125,,,,,,,,,"robot0 OSC_POSE input [dx,dy,dz,ax,ay,az], action index 0/1",robosuite controller relative command convention,1864029811
square,18031b2ed2ee422f6e85bd8c113e199d46e0b29f3f2b2d6b4828e67449e0cf25,940003,bc,40,+y,0.125,ft_perturbed,test,A,2,0,episode_horizon,0,236,square-seed940003-bc-b40,square-seed940003-bc-b40-m0.125,0.125,,,,,,,,,"robot0 OSC_POSE input [dx,dy,dz,ax,ay,az], action index 0/1",robosuite controller relative command convention,141753117
square,18031b2ed2ee422f6e85bd8c113e199d46e0b29f3f2b2d6b4828e67449e0cf25,940003,bc,40,+y,0.125,ft_perturbed,test,B,3,0,episode_horizon,0,236,square-seed940003-bc-b40,square-seed940003-bc-b40-m0.125,0.125,,,,,,,,,"robot0 OSC_POSE input [dx,dy,dz,ax,ay,az], action index 0/1",robosuite controller relative command convention,1094015135
square,18031b2ed2ee422f6e85bd8c113e199d46e0b29f3f2b2d6b4828e67449e0cf25,940003,bc,40,+y,0.125,ft_perturbed,test,B,4,0,episode_horizon,0,236,square-seed940003-bc-b40,square-seed940003-bc-b40-m0.125,0.125,,,,,,,,,"robot0 OSC_POSE input [dx,dy,dz,ax,ay,az], action index 0/1",robosuite controller relative command convention,971626264
square,c9e22005b58ba2524782e3068c8341554e419acf66f095e238e56df41d9a7aa3,940003,bc,40,+y,0.25,bc_perturbed,test,A,1,0,episode_horizon,0,236,square-seed940003-bc-b40,square-seed940003-bc-b40-m0.25,0.25,,,,,,,,,"robot0 OSC_POSE input [dx,dy,dz,ax,ay,az], action index 0/1",robosuite controller relative command convention,1680685008
square,c9e22005b58ba2524782e3068c8341554e419acf66f095e238e56df41d9a7aa3,940003,bc,40,+y,0.25,bc_perturbed,test,A,2,0,episode_horizon,0,236,square-seed940003-bc-b40,square-seed940003-bc-b40-m0.25,0.25,,,,,,,,,"robot0 OSC_POSE input [dx,dy,dz,ax,ay,az], action index 0/1",robosuite controller relative command convention,1278803121
square,c9e22005b58ba2524782e3068c8341554e419acf66f095e238e56df41d9a7aa3,940003,bc,40,+y,0.25,bc_perturbed,test,B,3,0,episode_horizon,0,236,square-seed940003-bc-b40,square-seed940003-bc-b40-m0.25,0.25,,,,,,,,,"robot0 OSC_POSE input [dx,dy,dz,ax,ay,az], action index 0/1",robosuite controller relative command convention,1807165501
square,c9e22005b58ba2524782e3068c8341554e419acf66f095e238e56df41d9a7aa3,940003,bc,40,+y,0.25,bc_perturbed,test,B,4,0,episode_horizon,0,236,square-seed940003-bc-b40,square-seed940003-bc-b40-m0.25,0.25,,,,,,,,,"robot0 OSC_POSE input [dx,dy,dz,ax,ay,az], action index 0/1",robosuite controller relative command convention,1384001339
square,18031b2ed2ee422f6e85bd8c113e199d46e0b29f3f2b2d6b4828e67449e0cf25,940003,bc,40,+y,0.25,ft_perturbed,test,A,1,0,episode_horizon,0,236,square-seed940003-bc-b40,square-seed940003-bc-b40-m0.25,0.25,,,,,,,,,"robot0 OSC_POSE input [dx,dy,dz,ax,ay,az], action index 0/1",robosuite controller relative command convention,437891013
square,18031b2ed2ee422f6e85bd8c113e199d46e0b29f3f2b2d6b4828e67449e0cf25,940003,bc,40,+y,0.25,ft_perturbed,test,A,2,0,episode_horizon,0,236,square-seed940003-bc-b40,square-seed940003-bc-b40-m0.25,0.25,,,,,,,,,"robot0 OSC_POSE input [dx,dy,dz,ax,ay,az], action index 0/1",robosuite controller relative command convention,711755369
square,18031b2ed2ee422f6e85bd8c113e199d46e0b29f3f2b2d6b4828e67449e0cf25,940003,bc,40,+y,0.25,ft_perturbed,test,B,3,0,episode_horizon,0,236,square-seed940003-bc-b40,square-seed940003-bc-b40-m0.25,0.25,,,,,,,,,"robot0 OSC_POSE input [dx,dy,dz,ax,ay,az], action index 0/1",robosuite controller relative command convention,1549309764
square,18031b2ed2ee422f6e85bd8c113e199d46e0b29f3f2b2d6b4828e67449e0cf25,940003,bc,40,+y,0.25,ft_perturbed,test,B,4,0,episode_horizon,0,236,square-seed940003-bc-b40,square-seed940003-bc-b40-m0.25,0.25,,,,,,,,,"robot0 OSC_POSE input [dx,dy,dz,ax,ay,az], action index 0/1",robosuite controller relative command convention,1556044219
square,c9e22005b58ba2524782e3068c8341554e419acf66f095e238e56df41d9a7aa3,940003,bc,40,+y,0.5,bc_perturbed,test,A,1,0,episode_horizon,0,236,square-seed940003-bc-b40,square-seed940003-bc-b40-m0.5,0.5,,,,,,,,,"robot0 OSC_POSE input [dx,dy,dz,ax,ay,az], action index 0/1",robosuite controller relative command convention,1010185074
square,c9e22005b58ba2524782e3068c8341554e419acf66f095e238e56df41d9a7aa3,940003,bc,40,+y,0.5,bc_perturbed,test,A,2,0,episode_horizon,0,236,square-seed940003-bc-b40,square-seed940003-bc-b40-m0.5,0.5,,,,,,,,,"robot0 OSC_POSE input [dx,dy,dz,ax,ay,az], action index 0/1",robosuite controller relative command convention,1118122091
square,c9e22005b58ba2524782e3068c8341554e419acf66f095e238e56df41d9a7aa3,940003,bc,40,+y,0.5,bc_perturbed,test,B,3,0,episode_horizon,0,236,square-seed940003-bc-b40,square-seed940003-bc-b40-m0.5,0.5,,,,,,,,,"robot0 OSC_POSE input [dx,dy,dz,ax,ay,az], action index 0/1",robosuite controller relative command convention,1509687964
square,c9e22005b58ba2524782e3068c8341554e419acf66f095e238e56df41d9a7aa3,940003,bc,40,+y,0.5,bc_perturbed,test,B,4,0,episode_horizon,0,236,square-seed940003-bc-b40,square-seed940003-bc-b40-m0.5,0.5,,,,,,,,,"robot0 OSC_POSE input [dx,dy,dz,ax,ay,az], action index 0/1",robosuite controller relative command convention,2094225321
square,18031b2ed2ee422f6e85bd8c113e199d46e0b29f3f2b2d6b4828e67449e0cf25,940003,bc,40,+y,0.5,ft_perturbed,test,A,1,0,episode_horizon,0,236,square-seed940003-bc-b40,square-seed940003-bc-b40-m0.5,0.5,,,,,,,,,"robot0 OSC_POSE input [dx,dy,dz,ax,ay,az], action index 0/1",robosuite controller relative command convention,1025109968
square,18031b2ed2ee422f6e85bd8c113e199d46e0b29f3f2b2d6b4828e67449e0cf25,940003,bc,40,+y,0.5,ft_perturbed,test,A,2,0,episode_horizon,0,236,square-seed940003-bc-b40,square-seed940003-bc-b40-m0.5,0.5,,,,,,,,,"robot0 OSC_POSE input [dx,dy,dz,ax,ay,az], action index 0/1",robosuite controller relative command convention,963723611
square,18031b2ed2ee422f6e85bd8c113e199d46e0b29f3f2b2d6b4828e67449e0cf25,940003,bc,40,+y,0.5,ft_perturbed,test,B,3,0,episode_horizon,0,236,square-seed940003-bc-b40,square-seed940003-bc-b40-m0.5,0.5,,,,,,,,,"robot0 OSC_POSE input [dx,dy,dz,ax,ay,az], action index 0/1",robosuite controller relative command convention,1165342495
square,18031b2ed2ee422f6e85bd8c113e199d46e0b29f3f2b2d6b4828e67449e0cf25,940003,bc,40,+y,0.5,ft_perturbed,test,B,4,0,episode_horizon,0,236,square-seed940003-bc-b40,square-seed940003-bc-b40-m0.5,0.5,,,,,,,,,"robot0 OSC_POSE input [dx,dy,dz,ax,ay,az], action index 0/1",robosuite controller relative command convention,810545312
square,c9e22005b58ba2524782e3068c8341554e419acf66f095e238e56df41d9a7aa3,940004,bc,10,-y,0.0,bc_sham,test,A,1,1,native_success,32,324,square-seed940004-bc-b10,square-seed940004-bc-b10-m0,0.0,,,,,,,,,"robot0 OSC_POSE input [dx,dy,dz,ax,ay,az], action index 0/1",robosuite controller relative command convention,878958397
square,c9e22005b58ba2524782e3068c8341554e419acf66f095e238e56df41d9a7aa3,940004,bc,10,-y,0.0,bc_sham,test,A,2,0,episode_horizon,0,356,square-seed940004-bc-b10,square-seed940004-bc-b10-m0,0.0,,,,,,,,,"robot0 OSC_POSE input [dx,dy,dz,ax,ay,az], action index 0/1",robosuite controller relative command convention,2002325239
square,c9e22005b58ba2524782e3068c8341554e419acf66f095e238e56df41d9a7aa3,940004,bc,10,-y,0.0,bc_sham,test,B,3,0,episode_horizon,0,356,square-seed940004-bc-b10,square-seed940004-bc-b10-m0,0.0,,,,,,,,,"robot0 OSC_POSE input [dx,dy,dz,ax,ay,az], action index 0/1",robosuite controller relative command convention,1525220535
square,c9e22005b58ba2524782e3068c8341554e419acf66f095e238e56df41d9a7aa3,940004,bc,10,-y,0.0,bc_sham,test,B,4,1,native_success,92,264,square-seed940004-bc-b10,square-seed940004-bc-b10-m0,0.0,,,,,,,,,"robot0 OSC_POSE input [dx,dy,dz,ax,ay,az], action index 0/1",robosuite controller relative command convention,602407754
square,18031b2ed2ee422f6e85bd8c113e199d46e0b29f3f2b2d6b4828e67449e0cf25,940004,bc,10,-y,0.0,ft_sham,test,A,1,1,native_success,264,92,square-seed940004-bc-b10,square-seed940004-bc-b10-m0,0.0,,,,,,,,,"robot0 OSC_POSE input [dx,dy,dz,ax,ay,az], action index 0/1",robosuite controller relative command convention,263120674
square,18031b2ed2ee422f6e85bd8c113e199d46e0b29f3f2b2d6b4828e67449e0cf25,940004,bc,10,-y,0.0,ft_sham,test,A,2,1,native_success,264,92,square-seed940004-bc-b10,square-seed940004-bc-b10-m0,0.0,,,,,,,,,"robot0 OSC_POSE input [dx,dy,dz,ax,ay,az], action index 0/1",robosuite controller relative command convention,1230285915
square,18031b2ed2ee422f6e85bd8c113e199d46e0b29f3f2b2d6b4828e67449e0cf25,940004,bc,10,-y,0.0,ft_sham,test,B,3,1,native_success,256,100,square-seed940004-bc-b10,square-seed940004-bc-b10-m0,0.0,,,,,,,,,"robot0 OSC_POSE input [dx,dy,dz,ax,ay,az], action index 0/1",robosuite controller relative command convention,404777669
square,18031b2ed2ee422f6e85bd8c113e199d46e0b29f3f2b2d6b4828e67449e0cf25,940004,bc,10,-y,0.0,ft_sham,test,B,4,1,native_success,264,92,square-seed940004-bc-b10,square-seed940004-bc-b10-m0,0.0,,,,,,,,,"robot0 OSC_POSE input [dx,dy,dz,ax,ay,az], action index 0/1",robosuite controller relative command convention,974340540
square,c9e22005b58ba2524782e3068c8341554e419acf66f095e238e56df41d9a7aa3,940004,bc,10,-y,0.125,bc_perturbed,test,A,1,0,episode_horizon,0,356,square-seed940004-bc-b10,square-seed940004-bc-b10-m0.125,0.125,,,,,,,,,"robot0 OSC_POSE input [dx,dy,dz,ax,ay,az], action index 0/1",robosuite controller relative command convention,234722318
square,c9e22005b58ba2524782e3068c8341554e419acf66f095e238e56df41d9a7aa3,940004,bc,10,-y,0.125,bc_perturbed,test,A,2,0,episode_horizon,0,356,square-seed940004-bc-b10,square-seed940004-bc-b10-m0.125,0.125,,,,,,,,,"robot0 OSC_POSE input [dx,dy,dz,ax,ay,az], action index 0/1",robosuite controller relative command convention,1252953132
square,c9e22005b58ba2524782e3068c8341554e419acf66f095e238e56df41d9a7aa3,940004,bc,10,-y,0.125,bc_perturbed,test,B,3,1,native_success,208,148,square-seed940004-bc-b10,square-seed940004-bc-b10-m0.125,0.125,,,,,,,,,"robot0 OSC_POSE input [dx,dy,dz,ax,ay,az], action index 0/1",robosuite controller relative command convention,561465600
square,c9e22005b58ba2524782e3068c8341554e419acf66f095e238e56df41d9a7aa3,940004,bc,10,-y,0.125,bc_perturbed,test,B,4,0,episode_horizon,0,356,square-seed940004-bc-b10,square-seed940004-bc-b10-m0.125,0.125,,,,,,,,,"robot0 OSC_POSE input [dx,dy,dz,ax,ay,az], action index 0/1",robosuite controller relative command convention,1063758620
square,18031b2ed2ee422f6e85bd8c113e199d46e0b29f3f2b2d6b4828e67449e0cf25,940004,bc,10,-y,0.125,ft_perturbed,test,A,1,1,native_success,264,92,square-seed940004-bc-b10,square-seed940004-bc-b10-m0.125,0.125,,,,,,,,,"robot0 OSC_POSE input [dx,dy,dz,ax,ay,az], action index 0/1",robosuite controller relative command convention,1462711590
square,18031b2ed2ee422f6e85bd8c113e199d46e0b29f3f2b2d6b4828e67449e0cf25,940004,bc,10,-y,0.125,ft_perturbed,test,A,2,1,native_success,264,92,square-seed940004-bc-b10,square-seed940004-bc-b10-m0.125,0.125,,,,,,,,,"robot0 OSC_POSE input [dx,dy,dz,ax,ay,az], action index 0/1",robosuite controller relative command convention,1180999919
square,18031b2ed2ee422f6e85bd8c113e199d46e0b29f3f2b2d6b4828e67449e0cf25,940004,bc,10,-y,0.125,ft_perturbed,test,B,3,1,native_success,264,92,square-seed940004-bc-b10,square-seed940004-bc-b10-m0.125,0.125,,,,,,,,,"robot0 OSC_POSE input [dx,dy,dz,ax,ay,az], action index 0/1",robosuite controller relative command convention,252215029
square,18031b2ed2ee422f6e85bd8c113e199d46e0b29f3f2b2d6b4828e67449e0cf25,940004,bc,10,-y,0.125,ft_perturbed,test,B,4,1,native_success,260,96,square-seed940004-bc-b10,square-seed940004-bc-b10-m0.125,0.125,,,,,,,,,"robot0 OSC_POSE input [dx,dy,dz,ax,ay,az], action index 0/1",robosuite controller relative command convention,1064923783
square,c9e22005b58ba2524782e3068c8341554e419acf66f095e238e56df41d9a7aa3,940004,bc,10,-y,0.25,bc_perturbed,test,A,1,0,episode_horizon,0,356,square-seed940004-bc-b10,square-seed940004-bc-b10-m0.25,0.25,,,,,,,,,"robot0 OSC_POSE input [dx,dy,dz,ax,ay,az], action index 0/1",robosuite controller relative command convention,2089633623
square,c9e22005b58ba2524782e3068c8341554e419acf66f095e238e56df41d9a7aa3,940004,bc,10,-y,0.25,bc_perturbed,test,A,2,0,episode_horizon,0,356,square-seed940004-bc-b10,square-seed940004-bc-b10-m0.25,0.25,,,,,,,,,"robot0 OSC_POSE input [dx,dy,dz,ax,ay,az], action index 0/1",robosuite controller relative command convention,1617249745
square,c9e22005b58ba2524782e3068c8341554e419acf66f095e238e56df41d9a7aa3,940004,bc,10,-y,0.25,bc_perturbed,test,B,3,0,episode_horizon,0,356,square-seed940004-bc-b10,square-seed940004-bc-b10-m0.25,0.25,,,,,,,,,"robot0 OSC_POSE input [dx,dy,dz,ax,ay,az], action index 0/1",robosuite controller relative command convention,1000537102
square,c9e22005b58ba2524782e3068c8341554e419acf66f095e238e56df41d9a7aa3,940004,bc,10,-y,0.25,bc_perturbed,test,B,4,0,episode_horizon,0,356,square-seed940004-bc-b10,square-seed940004-bc-b10-m0.25,0.25,,,,,,,,,"robot0 OSC_POSE input [dx,dy,dz,ax,ay,az], action index 0/1",robosuite controller relative command convention,1537373220
square,18031b2ed2ee422f6e85bd8c113e199d46e0b29f3f2b2d6b4828e67449e0cf25,940004,bc,10,-y,0.25,ft_perturbed,test,A,1,1,native_success,256,100,square-seed940004-bc-b10,square-seed940004-bc-b10-m0.25,0.25,,,,,,,,,"robot0 OSC_POSE input [dx,dy,dz,ax,ay,az], action index 0/1",robosuite controller relative command convention,1578740170
square,18031b2ed2ee422f6e85bd8c113e199d46e0b29f3f2b2d6b4828e67449e0cf25,940004,bc,10,-y,0.25,ft_perturbed,test,A,2,1,native_success,260,96,square-seed940004-bc-b10,square-seed940004-bc-b10-m0.25,0.25,,,,,,,,,"robot0 OSC_POSE input [dx,dy,dz,ax,ay,az], action index 0/1",robosuite controller relative command convention,748039467
square,18031b2ed2ee422f6e85bd8c113e199d46e0b29f3f2b2d6b4828e67449e0cf25,940004,bc,10,-y,0.25,ft_perturbed,test,B,3,1,native_success,264,92,square-seed940004-bc-b10,square-seed940004-bc-b10-m0.25,0.25,,,,,,,,,"robot0 OSC_POSE input [dx,dy,dz,ax,ay,az], action index 0/1",robosuite controller relative command convention,443231782
square,18031b2ed2ee422f6e85bd8c113e199d46e0b29f3f2b2d6b4828e67449e0cf25,940004,bc,10,-y,0.25,ft_perturbed,test,B,4,1,native_success,256,100,square-seed940004-bc-b10,square-seed940004-bc-b10-m0.25,0.25,,,,,,,,,"robot0 OSC_POSE input [dx,dy,dz,ax,ay,az], action index 0/1",robosuite controller relative command convention,1727776761
square,c9e22005b58ba2524782e3068c8341554e419acf66f095e238e56df41d9a7aa3,940004,bc,10,-y,0.5,bc_perturbed,test,A,1,0,episode_horizon,0,356,square-seed940004-bc-b10,square-seed940004-bc-b10-m0.5,0.5,,,,,,,,,"robot0 OSC_POSE input [dx,dy,dz,ax,ay,az], action index 0/1",robosuite controller relative command convention,1145412189
square,c9e22005b58ba2524782e3068c8341554e419acf66f095e238e56df41d9a7aa3,940004,bc,10,-y,0.5,bc_perturbed,test,A,2,1,native_success,64,292,square-seed940004-bc-b10,square-seed940004-bc-b10-m0.5,0.5,,,,,,,,,"robot0 OSC_POSE input [dx,dy,dz,ax,ay,az], action index 0/1",robosuite controller relative command convention,272761701
square,c9e22005b58ba2524782e3068c8341554e419acf66f095e238e56df41d9a7aa3,940004,bc,10,-y,0.5,bc_perturbed,test,B,3,1,native_success,160,196,square-seed940004-bc-b10,square-seed940004-bc-b10-m0.5,0.5,,,,,,,,,"robot0 OSC_POSE input [dx,dy,dz,ax,ay,az], action index 0/1",robosuite controller relative command convention,802742697
square,c9e22005b58ba2524782e3068c8341554e419acf66f095e238e56df41d9a7aa3,940004,bc,10,-y,0.5,bc_perturbed,test,B,4,1,native_success,64,292,square-seed940004-bc-b10,square-seed940004-bc-b10-m0.5,0.5,,,,,,,,,"robot0 OSC_POSE input [dx,dy,dz,ax,ay,az], action index 0/1",robosuite controller relative command convention,229246889
square,18031b2ed2ee422f6e85bd8c113e199d46e0b29f3f2b2d6b4828e67449e0cf25,940004,bc,10,-y,0.5,ft_perturbed,test,A,1,1,native_success,260,96,square-seed940004-bc-b10,square-seed940004-bc-b10-m0.5,0.5,,,,,,,,,"robot0 OSC_POSE input [dx,dy,dz,ax,ay,az], action index 0/1",robosuite controller relative command convention,2104832073
square,18031b2ed2ee422f6e85bd8c113e199d46e0b29f3f2b2d6b4828e67449e0cf25,940004,bc,10,-y,0.5,ft_perturbed,test,A,2,1,native_success,256,100,square-seed940004-bc-b10,square-seed940004-bc-b10-m0.5,0.5,,,,,,,,,"robot0 OSC_POSE input [dx,dy,dz,ax,ay,az], action index 0/1",robosuite controller relative command convention,1715635595
square,18031b2ed2ee422f6e85bd8c113e199d46e0b29f3f2b2d6b4828e67449e0cf25,940004,bc,10,-y,0.5,ft_perturbed,test,B,3,1,native_success,260,96,square-seed940004-bc-b10,square-seed940004-bc-b10-m0.5,0.5,,,,,,,,,"robot0 OSC_POSE input [dx,dy,dz,ax,ay,az], action index 0/1",robosuite controller relative command convention,1180380738
square,18031b2ed2ee422f6e85bd8c113e199d46e0b29f3f2b2d6b4828e67449e0cf25,940004,bc,10,-y,0.5,ft_perturbed,test,B,4,1,native_success,256,100,square-seed940004-bc-b10,square-seed940004-bc-b10-m0.5,0.5,,,,,,,,,"robot0 OSC_POSE input [dx,dy,dz,ax,ay,az], action index 0/1",robosuite controller relative command convention,518693298
square,c9e22005b58ba2524782e3068c8341554e419acf66f095e238e56df41d9a7aa3,940004,ft,10,-y,0.0,bc_sham,test,A,1,1,native_success,264,92,square-seed940004-ft-b10,square-seed940004-ft-b10-m0,0.0,,,,,,,,,"robot0 OSC_POSE input [dx,dy,dz,ax,ay,az], action index 0/1",robosuite controller relative command convention,361298505
square,c9e22005b58ba2524782e3068c8341554e419acf66f095e238e56df41d9a7aa3,940004,ft,10,-y,0.0,bc_sham,test,A,2,1,native_success,252,104,square-seed940004-ft-b10,square-seed940004-ft-b10-m0,0.0,,,,,,,,,"robot0 OSC_POSE input [dx,dy,dz,ax,ay,az], action index 0/1",robosuite controller relative command convention,1897233419
square,c9e22005b58ba2524782e3068c8341554e419acf66f095e238e56df41d9a7aa3,940004,ft,10,-y,0.0,bc_sham,test,B,3,1,native_success,228,128,square-seed940004-ft-b10,square-seed940004-ft-b10-m0,0.0,,,,,,,,,"robot0 OSC_POSE input [dx,dy,dz,ax,ay,az], action index 0/1",robosuite controller relative command convention,826723587
square,c9e22005b58ba2524782e3068c8341554e419acf66f095e238e56df41d9a7aa3,940004,ft,10,-y,0.0,bc_sham,test,B,4,1,native_success,244,112,square-seed940004-ft-b10,square-seed940004-ft-b10-m0,0.0,,,,,,,,,"robot0 OSC_POSE input [dx,dy,dz,ax,ay,az], action index 0/1",robosuite controller relative command convention,1732662380
square,18031b2ed2ee422f6e85bd8c113e199d46e0b29f3f2b2d6b4828e67449e0cf25,940004,ft,10,-y,0.0,ft_sham,test,A,1,1,native_success,304,52,square-seed940004-ft-b10,square-seed940004-ft-b10-m0,0.0,,,,,,,,,"robot0 OSC_POSE input [dx,dy,dz,ax,ay,az], action index 0/1",robosuite controller relative command convention,1936378351
square,18031b2ed2ee422f6e85bd8c113e199d46e0b29f3f2b2d6b4828e67449e0cf25,940004,ft,10,-y,0.0,ft_sham,test,A,2,1,native_success,300,56,square-seed940004-ft-b10,square-seed940004-ft-b10-m0,0.0,,,,,,,,,"robot0 OSC_POSE input [dx,dy,dz,ax,ay,az], action index 0/1",robosuite controller relative command convention,696552305
square,18031b2ed2ee422f6e85bd8c113e199d46e0b29f3f2b2d6b4828e67449e0cf25,940004,ft,10,-y,0.0,ft_sham,test,B,3,1,native_success,300,56,square-seed940004-ft-b10,square-seed940004-ft-b10-m0,0.0,,,,,,,,,"robot0 OSC_POSE input [dx,dy,dz,ax,ay,az], action index 0/1",robosuite controller relative command convention,336170473
square,18031b2ed2ee422f6e85bd8c113e199d46e0b29f3f2b2d6b4828e67449e0cf25,940004,ft,10,-y,0.0,ft_sham,test,B,4,1,native_success,304,52,square-seed940004-ft-b10,square-seed940004-ft-b10-m0,0.0,,,,,,,,,"robot0 OSC_POSE input [dx,dy,dz,ax,ay,az], action index 0/1",robosuite controller relative command convention,1473680463
square,c9e22005b58ba2524782e3068c8341554e419acf66f095e238e56df41d9a7aa3,940004,ft,10,-y,0.125,bc_perturbed,test,A,1,1,native_success,284,72,square-seed940004-ft-b10,square-seed940004-ft-b10-m0.125,0.125,,,,,,,,,"robot0 OSC_POSE input [dx,dy,dz,ax,ay,az], action index 0/1",robosuite controller relative command convention,788333040
square,c9e22005b58ba2524782e3068c8341554e419acf66f095e238e56df41d9a7aa3,940004,ft,10,-y,0.125,bc_perturbed,test,A,2,1,native_success,256,100,square-seed940004-ft-b10,square-seed940004-ft-b10-m0.125,0.125,,,,,,,,,"robot0 OSC_POSE input [dx,dy,dz,ax,ay,az], action index 0/1",robosuite controller relative command convention,31494173
square,c9e22005b58ba2524782e3068c8341554e419acf66f095e238e56df41d9a7aa3,940004,ft,10,-y,0.125,bc_perturbed,test,B,3,1,native_success,288,68,square-seed940004-ft-b10,square-seed940004-ft-b10-m0.125,0.125,,,,,,,,,"robot0 OSC_POSE input [dx,dy,dz,ax,ay,az], action index 0/1",robosuite controller relative command convention,568694240
square,c9e22005b58ba2524782e3068c8341554e419acf66f095e238e56df41d9a7aa3,940004,ft,10,-y,0.125,bc_perturbed,test,B,4,0,episode_horizon,0,356,square-seed940004-ft-b10,square-seed940004-ft-b10-m0.125,0.125,,,,,,,,,"robot0 OSC_POSE input [dx,dy,dz,ax,ay,az], action index 0/1",robosuite controller relative command convention,1574413420
square,18031b2ed2ee422f6e85bd8c113e199d46e0b29f3f2b2d6b4828e67449e0cf25,940004,ft,10,-y,0.125,ft_perturbed,test,A,1,1,native_success,304,52,square-seed940004-ft-b10,square-seed940004-ft-b10-m0.125,0.125,,,,,,,,,"robot0 OSC_POSE input [dx,dy,dz,ax,ay,az], action index 0/1",robosuite controller relative command convention,1042252603
square,18031b2ed2ee422f6e85bd8c113e199d46e0b29f3f2b2d6b4828e67449e0cf25,940004,ft,10,-y,0.125,ft_perturbed,test,A,2,1,native_success,300,56,square-seed940004-ft-b10,square-seed940004-ft-b10-m0.125,0.125,,,,,,,,,"robot0 OSC_POSE input [dx,dy,dz,ax,ay,az], action index 0/1",robosuite controller relative command convention,487131632
square,18031b2ed2ee422f6e85bd8c113e199d46e0b29f3f2b2d6b4828e67449e0cf25,940004,ft,10,-y,0.125,ft_perturbed,test,B,3,1,native_success,300,56,square-seed940004-ft-b10,square-seed940004-ft-b10-m0.125,0.125,,,,,,,,,"robot0 OSC_POSE input [dx,dy,dz,ax,ay,az], action index 0/1",robosuite controller relative command convention,1686603092
square,18031b2ed2ee422f6e85bd8c113e199d46e0b29f3f2b2d6b4828e67449e0cf25,940004,ft,10,-y,0.125,ft_perturbed,test,B,4,1,native_success,304,52,square-seed940004-ft-b10,square-seed940004-ft-b10-m0.125,0.125,,,,,,,,,"robot0 OSC_POSE input [dx,dy,dz,ax,ay,az], action index 0/1",robosuite controller relative command convention,1898517752
square,c9e22005b58ba2524782e3068c8341554e419acf66f095e238e56df41d9a7aa3,940004,ft,10,-y,0.25,bc_perturbed,test,A,1,0,episode_horizon,0,356,square-seed940004-ft-b10,square-seed940004-ft-b10-m0.25,0.25,,,,,,,,,"robot0 OSC_POSE input [dx,dy,dz,ax,ay,az], action index 0/1",robosuite controller relative command convention,1282450777
square,c9e22005b58ba2524782e3068c8341554e419acf66f095e238e56df41d9a7aa3,940004,ft,10,-y,0.25,bc_perturbed,test,A,2,1,native_success,256,100,square-seed940004-ft-b10,square-seed940004-ft-b10-m0.25,0.25,,,,,,,,,"robot0 OSC_POSE input [dx,dy,dz,ax,ay,az], action index 0/1",robosuite controller relative command convention,1620826283
square,c9e22005b58ba2524782e3068c8341554e419acf66f095e238e56df41d9a7aa3,940004,ft,10,-y,0.25,bc_perturbed,test,B,3,1,native_success,228,128,square-seed940004-ft-b10,square-seed940004-ft-b10-m0.25,0.25,,,,,,,,,"robot0 OSC_POSE input [dx,dy,dz,ax,ay,az], action index 0/1",robosuite controller relative command convention,1319807341
square,c9e22005b58ba2524782e3068c8341554e419acf66f095e238e56df41d9a7aa3,940004,ft,10,-y,0.25,bc_perturbed,test,B,4,0,episode_horizon,0,356,square-seed940004-ft-b10,square-seed940004-ft-b10-m0.25,0.25,,,,,,,,,"robot0 OSC_POSE input [dx,dy,dz,ax,ay,az], action index 0/1",robosuite controller relative command convention,1972270826
square,18031b2ed2ee422f6e85bd8c113e199d46e0b29f3f2b2d6b4828e67449e0cf25,940004,ft,10,-y,0.25,ft_perturbed,test,A,1,1,native_success,300,56,square-seed940004-ft-b10,square-seed940004-ft-b10-m0.25,0.25,,,,,,,,,"robot0 OSC_POSE input [dx,dy,dz,ax,ay,az], action index 0/1",robosuite controller relative command convention,1449496397
square,18031b2ed2ee422f6e85bd8c113e199d46e0b29f3f2b2d6b4828e67449e0cf25,940004,ft,10,-y,0.25,ft_perturbed,test,A,2,1,native_success,304,52,square-seed940004-ft-b10,square-seed940004-ft-b10-m0.25,0.25,,,,,,,,,"robot0 OSC_POSE input [dx,dy,dz,ax,ay,az], action index 0/1",robosuite controller relative command convention,2061637032
square,18031b2ed2ee422f6e85bd8c113e199d46e0b29f3f2b2d6b4828e67449e0cf25,940004,ft,10,-y,0.25,ft_perturbed,test,B,3,1,native_success,300,56,square-seed940004-ft-b10,square-seed940004-ft-b10-m0.25,0.25,,,,,,,,,"robot0 OSC_POSE input [dx,dy,dz,ax,ay,az], action index 0/1",robosuite controller relative command convention,1873757009
square,18031b2ed2ee422f6e85bd8c113e199d46e0b29f3f2b2d6b4828e67449e0cf25,940004,ft,10,-y,0.25,ft_perturbed,test,B,4,1,native_success,304,52,square-seed940004-ft-b10,square-seed940004-ft-b10-m0.25,0.25,,,,,,,,,"robot0 OSC_POSE input [dx,dy,dz,ax,ay,az], action index 0/1",robosuite controller relative command convention,280829803
square,c9e22005b58ba2524782e3068c8341554e419acf66f095e238e56df41d9a7aa3,940004,ft,10,-y,0.5,bc_perturbed,test,A,1,0,episode_horizon,0,356,square-seed940004-ft-b10,square-seed940004-ft-b10-m0.5,0.5,,,,,,,,,"robot0 OSC_POSE input [dx,dy,dz,ax,ay,az], action index 0/1",robosuite controller relative command convention,1601857680
square,c9e22005b58ba2524782e3068c8341554e419acf66f095e238e56df41d9a7aa3,940004,ft,10,-y,0.5,bc_perturbed,test,A,2,1,native_success,272,84,square-seed940004-ft-b10,square-seed940004-ft-b10-m0.5,0.5,,,,,,,,,"robot0 OSC_POSE input [dx,dy,dz,ax,ay,az], action index 0/1",robosuite controller relative command convention,755971014
square,c9e22005b58ba2524782e3068c8341554e419acf66f095e238e56df41d9a7aa3,940004,ft,10,-y,0.5,bc_perturbed,test,B,3,1,native_success,240,116,square-seed940004-ft-b10,square-seed940004-ft-b10-m0.5,0.5,,,,,,,,,"robot0 OSC_POSE input [dx,dy,dz,ax,ay,az], action index 0/1",robosuite controller relative command convention,2036819185
square,c9e22005b58ba2524782e3068c8341554e419acf66f095e238e56df41d9a7aa3,940004,ft,10,-y,0.5,bc_perturbed,test,B,4,0,episode_horizon,0,356,square-seed940004-ft-b10,square-seed940004-ft-b10-m0.5,0.5,,,,,,,,,"robot0 OSC_POSE input [dx,dy,dz,ax,ay,az], action index 0/1",robosuite controller relative command convention,641654487
square,18031b2ed2ee422f6e85bd8c113e199d46e0b29f3f2b2d6b4828e67449e0cf25,940004,ft,10,-y,0.5,ft_perturbed,test,A,1,1,native_success,304,52,square-seed940004-ft-b10,square-seed940004-ft-b10-m0.5,0.5,,,,,,,,,"robot0 OSC_POSE input [dx,dy,dz,ax,ay,az], action index 0/1",robosuite controller relative command convention,2113437178
square,18031b2ed2ee422f6e85bd8c113e199d46e0b29f3f2b2d6b4828e67449e0cf25,940004,ft,10,-y,0.5,ft_perturbed,test,A,2,1,native_success,300,56,square-seed940004-ft-b10,square-seed940004-ft-b10-m0.5,0.5,,,,,,,,,"robot0 OSC_POSE input [dx,dy,dz,ax,ay,az], action index 0/1",robosuite controller relative command convention,869692155
square,18031b2ed2ee422f6e85bd8c113e199d46e0b29f3f2b2d6b4828e67449e0cf25,940004,ft,10,-y,0.5,ft_perturbed,test,B,3,1,native_success,304,52,square-seed940004-ft-b10,square-seed940004-ft-b10-m0.5,0.5,,,,,,,,,"robot0 OSC_POSE input [dx,dy,dz,ax,ay,az], action index 0/1",robosuite controller relative command convention,476179180
square,18031b2ed2ee422f6e85bd8c113e199d46e0b29f3f2b2d6b4828e67449e0cf25,940004,ft,10,-y,0.5,ft_perturbed,test,B,4,1,native_success,304,52,square-seed940004-ft-b10,square-seed940004-ft-b10-m0.5,0.5,,,,,,,,,"robot0 OSC_POSE input [dx,dy,dz,ax,ay,az], action index 0/1",robosuite controller relative command convention,160677448
square,c9e22005b58ba2524782e3068c8341554e419acf66f095e238e56df41d9a7aa3,940005,bc,20,+x,0.0,bc_sham,test,A,1,1,native_success,232,84,square-seed940005-bc-b20,square-seed940005-bc-b20-m0,0.0,,,,,,,,,"robot0 OSC_POSE input [dx,dy,dz,ax,ay,az], action index 0/1",robosuite controller relative command convention,538165839
square,c9e22005b58ba2524782e3068c8341554e419acf66f095e238e56df41d9a7aa3,940005,bc,20,+x,0.0,bc_sham,test,A,2,1,native_success,232,84,square-seed940005-bc-b20,square-seed940005-bc-b20-m0,0.0,,,,,,,,,"robot0 OSC_POSE input [dx,dy,dz,ax,ay,az], action index 0/1",robosuite controller relative command convention,1668668533
square,c9e22005b58ba2524782e3068c8341554e419acf66f095e238e56df41d9a7aa3,940005,bc,20,+x,0.0,bc_sham,test,B,3,1,native_success,236,80,square-seed940005-bc-b20,square-seed940005-bc-b20-m0,0.0,,,,,,,,,"robot0 OSC_POSE input [dx,dy,dz,ax,ay,az], action index 0/1",robosuite controller relative command convention,1612069882
square,c9e22005b58ba2524782e3068c8341554e419acf66f095e238e56df41d9a7aa3,940005,bc,20,+x,0.0,bc_sham,test,B,4,1,native_success,240,76,square-seed940005-bc-b20,square-seed940005-bc-b20-m0,0.0,,,,,,,,,"robot0 OSC_POSE input [dx,dy,dz,ax,ay,az], action index 0/1",robosuite controller relative command convention,1173050383
square,18031b2ed2ee422f6e85bd8c113e199d46e0b29f3f2b2d6b4828e67449e0cf25,940005,bc,20,+x,0.0,ft_sham,test,A,1,1,native_success,256,60,square-seed940005-bc-b20,square-seed940005-bc-b20-m0,0.0,,,,,,,,,"robot0 OSC_POSE input [dx,dy,dz,ax,ay,az], action index 0/1",robosuite controller relative command convention,1970542883
square,18031b2ed2ee422f6e85bd8c113e199d46e0b29f3f2b2d6b4828e67449e0cf25,940005,bc,20,+x,0.0,ft_sham,test,A,2,1,native_success,252,64,square-seed940005-bc-b20,square-seed940005-bc-b20-m0,0.0,,,,,,,,,"robot0 OSC_POSE input [dx,dy,dz,ax,ay,az], action index 0/1",robosuite controller relative command convention,1891570605
square,18031b2ed2ee422f6e85bd8c113e199d46e0b29f3f2b2d6b4828e67449e0cf25,940005,bc,20,+x,0.0,ft_sham,test,B,3,1,native_success,256,60,square-seed940005-bc-b20,square-seed940005-bc-b20-m0,0.0,,,,,,,,,"robot0 OSC_POSE input [dx,dy,dz,ax,ay,az], action index 0/1",robosuite controller relative command convention,111185440
square,18031b2ed2ee422f6e85bd8c113e199d46e0b29f3f2b2d6b4828e67449e0cf25,940005,bc,20,+x,0.0,ft_sham,test,B,4,1,native_success,256,60,square-seed940005-bc-b20,square-seed940005-bc-b20-m0,0.0,,,,,,,,,"robot0 OSC_POSE input [dx,dy,dz,ax,ay,az], action index 0/1",robosuite controller relative command convention,1662619424
square,c9e22005b58ba2524782e3068c8341554e419acf66f095e238e56df41d9a7aa3,940005,bc,20,+x,0.125,bc_perturbed,test,A,1,1,native_success,224,92,square-seed940005-bc-b20,square-seed940005-bc-b20-m0.125,0.125,,,,,,,,,"robot0 OSC_POSE input [dx,dy,dz,ax,ay,az], action index 0/1",robosuite controller relative command convention,1604155702
square,c9e22005b58ba2524782e3068c8341554e419acf66f095e238e56df41d9a7aa3,940005,bc,20,+x,0.125,bc_perturbed,test,A,2,1,native_success,224,92,square-seed940005-bc-b20,square-seed940005-bc-b20-m0.125,0.125,,,,,,,,,"robot0 OSC_POSE input [dx,dy,dz,ax,ay,az], action index 0/1",robosuite controller relative command convention,1819560192
square,c9e22005b58ba2524782e3068c8341554e419acf66f095e238e56df41d9a7aa3,940005,bc,20,+x,0.125,bc_perturbed,test,B,3,1,native_success,236,80,square-seed940005-bc-b20,square-seed940005-bc-b20-m0.125,0.125,,,,,,,,,"robot0 OSC_POSE input [dx,dy,dz,ax,ay,az], action index 0/1",robosuite controller relative command convention,1680549113
square,c9e22005b58ba2524782e3068c8341554e419acf66f095e238e56df41d9a7aa3,940005,bc,20,+x,0.125,bc_perturbed,test,B,4,1,native_success,232,84,square-seed940005-bc-b20,square-seed940005-bc-b20-m0.125,0.125,,,,,,,,,"robot0 OSC_POSE input [dx,dy,dz,ax,ay,az], action index 0/1",robosuite controller relative command convention,582396528
square,18031b2ed2ee422f6e85bd8c113e199d46e0b29f3f2b2d6b4828e67449e0cf25,940005,bc,20,+x,0.125,ft_perturbed,test,A,1,1,native_success,240,76,square-seed940005-bc-b20,square-seed940005-bc-b20-m0.125,0.125,,,,,,,,,"robot0 OSC_POSE input [dx,dy,dz,ax,ay,az], action index 0/1",robosuite controller relative command convention,1128562181
square,18031b2ed2ee422f6e85bd8c113e199d46e0b29f3f2b2d6b4828e67449e0cf25,940005,bc,20,+x,0.125,ft_perturbed,test,A,2,1,native_success,212,104,square-seed940005-bc-b20,square-seed940005-bc-b20-m0.125,0.125,,,,,,,,,"robot0 OSC_POSE input [dx,dy,dz,ax,ay,az], action index 0/1",robosuite controller relative command convention,938606451
square,18031b2ed2ee422f6e85bd8c113e199d46e0b29f3f2b2d6b4828e67449e0cf25,940005,bc,20,+x,0.125,ft_perturbed,test,B,3,1,native_success,244,72,square-seed940005-bc-b20,square-seed940005-bc-b20-m0.125,0.125,,,,,,,,,"robot0 OSC_POSE input [dx,dy,dz,ax,ay,az], action index 0/1",robosuite controller relative command convention,399879153
square,18031b2ed2ee422f6e85bd8c113e199d46e0b29f3f2b2d6b4828e67449e0cf25,940005,bc,20,+x,0.125,ft_perturbed,test,B,4,1,native_success,248,68,square-seed940005-bc-b20,square-seed940005-bc-b20-m0.125,0.125,,,,,,,,,"robot0 OSC_POSE input [dx,dy,dz,ax,ay,az], action index 0/1",robosuite controller relative command convention,640823772
square,c9e22005b58ba2524782e3068c8341554e419acf66f095e238e56df41d9a7aa3,940005,bc,20,+x,0.25,bc_perturbed,test,A,1,1,native_success,220,96,square-seed940005-bc-b20,square-seed940005-bc-b20-m0.25,0.25,,,,,,,,,"robot0 OSC_POSE input [dx,dy,dz,ax,ay,az], action index 0/1",robosuite controller relative command convention,311279736
square,c9e22005b58ba2524782e3068c8341554e419acf66f095e238e56df41d9a7aa3,940005,bc,20,+x,0.25,bc_perturbed,test,A,2,0,episode_horizon,0,316,square-seed940005-bc-b20,square-seed940005-bc-b20-m0.25,0.25,,,,,,,,,"robot0 OSC_POSE input [dx,dy,dz,ax,ay,az], action index 0/1",robosuite controller relative command convention,1627594014
square,c9e22005b58ba2524782e3068c8341554e419acf66f095e238e56df41d9a7aa3,940005,bc,20,+x,0.25,bc_perturbed,test,B,3,1,native_success,228,88,square-seed940005-bc-b20,square-seed940005-bc-b20-m0.25,0.25,,,,,,,,,"robot0 OSC_POSE input [dx,dy,dz,ax,ay,az], action index 0/1",robosuite controller relative command convention,619539793
square,c9e22005b58ba2524782e3068c8341554e419acf66f095e238e56df41d9a7aa3,940005,bc,20,+x,0.25,bc_perturbed,test,B,4,0,episode_horizon,0,316,square-seed940005-bc-b20,square-seed940005-bc-b20-m0.25,0.25,,,,,,,,,"robot0 OSC_POSE input [dx,dy,dz,ax,ay,az], action index 0/1",robosuite controller relative command convention,159115228
square,18031b2ed2ee422f6e85bd8c113e199d46e0b29f3f2b2d6b4828e67449e0cf25,940005,bc,20,+x,0.25,ft_perturbed,test,A,1,0,episode_horizon,0,316,square-seed940005-bc-b20,square-seed940005-bc-b20-m0.25,0.25,,,,,,,,,"robot0 OSC_POSE input [dx,dy,dz,ax,ay,az], action index 0/1",robosuite controller relative command convention,469643231
square,18031b2ed2ee422f6e85bd8c113e199d46e0b29f3f2b2d6b4828e67449e0cf25,940005,bc,20,+x,0.25,ft_perturbed,test,A,2,1,native_success,252,64,square-seed940005-bc-b20,square-seed940005-bc-b20-m0.25,0.25,,,,,,,,,"robot0 OSC_POSE input [dx,dy,dz,ax,ay,az], action index 0/1",robosuite controller relative command convention,712373452
square,18031b2ed2ee422f6e85bd8c113e199d46e0b29f3f2b2d6b4828e67449e0cf25,940005,bc,20,+x,0.25,ft_perturbed,test,B,3,1,native_success,252,64,square-seed940005-bc-b20,square-seed940005-bc-b20-m0.25,0.25,,,,,,,,,"robot0 OSC_POSE input [dx,dy,dz,ax,ay,az], action index 0/1",robosuite controller relative command convention,1115550184
square,18031b2ed2ee422f6e85bd8c113e199d46e0b29f3f2b2d6b4828e67449e0cf25,940005,bc,20,+x,0.25,ft_perturbed,test,B,4,1,native_success,252,64,square-seed940005-bc-b20,square-seed940005-bc-b20-m0.25,0.25,,,,,,,,,"robot0 OSC_POSE input [dx,dy,dz,ax,ay,az], action index 0/1",robosuite controller relative command convention,345268440
square,c9e22005b58ba2524782e3068c8341554e419acf66f095e238e56df41d9a7aa3,940005,bc,20,+x,0.5,bc_perturbed,test,A,1,0,episode_horizon,0,316,square-seed940005-bc-b20,square-seed940005-bc-b20-m0.5,0.5,,,,,,,,,"robot0 OSC_POSE input [dx,dy,dz,ax,ay,az], action index 0/1",robosuite controller relative command convention,2032004754
square,c9e22005b58ba2524782e3068c8341554e419acf66f095e238e56df41d9a7aa3,940005,bc,20,+x,0.5,bc_perturbed,test,A,2,0,episode_horizon,0,316,square-seed940005-bc-b20,square-seed940005-bc-b20-m0.5,0.5,,,,,,,,,"robot0 OSC_POSE input [dx,dy,dz,ax,ay,az], action index 0/1",robosuite controller relative command convention,2060132078
square,c9e22005b58ba2524782e3068c8341554e419acf66f095e238e56df41d9a7aa3,940005,bc,20,+x,0.5,bc_perturbed,test,B,3,1,native_success,224,92,square-seed940005-bc-b20,square-seed940005-bc-b20-m0.5,0.5,,,,,,,,,"robot0 OSC_POSE input [dx,dy,dz,ax,ay,az], action index 0/1",robosuite controller relative command convention,1137349172
square,c9e22005b58ba2524782e3068c8341554e419acf66f095e238e56df41d9a7aa3,940005,bc,20,+x,0.5,bc_perturbed,test,B,4,1,native_success,236,80,square-seed940005-bc-b20,square-seed940005-bc-b20-m0.5,0.5,,,,,,,,,"robot0 OSC_POSE input [dx,dy,dz,ax,ay,az], action index 0/1",robosuite controller relative command convention,1278557230
square,18031b2ed2ee422f6e85bd8c113e199d46e0b29f3f2b2d6b4828e67449e0cf25,940005,bc,20,+x,0.5,ft_perturbed,test,A,1,1,native_success,252,64,square-seed940005-bc-b20,square-seed940005-bc-b20-m0.5,0.5,,,,,,,,,"robot0 OSC_POSE input [dx,dy,dz,ax,ay,az], action index 0/1",robosuite controller relative command convention,1062647817
square,18031b2ed2ee422f6e85bd8c113e199d46e0b29f3f2b2d6b4828e67449e0cf25,940005,bc,20,+x,0.5,ft_perturbed,test,A,2,1,native_success,252,64,square-seed940005-bc-b20,square-seed940005-bc-b20-m0.5,0.5,,,,,,,,,"robot0 OSC_POSE input [dx,dy,dz,ax,ay,az], action index 0/1",robosuite controller relative command convention,1541486832
square,18031b2ed2ee422f6e85bd8c113e199d46e0b29f3f2b2d6b4828e67449e0cf25,940005,bc,20,+x,0.5,ft_perturbed,test,B,3,1,native_success,252,64,square-seed940005-bc-b20,square-seed940005-bc-b20-m0.5,0.5,,,,,,,,,"robot0 OSC_POSE input [dx,dy,dz,ax,ay,az], action index 0/1",robosuite controller relative command convention,653947646
square,18031b2ed2ee422f6e85bd8c113e199d46e0b29f3f2b2d6b4828e67449e0cf25,940005,bc,20,+x,0.5,ft_perturbed,test,B,4,1,native_success,252,64,square-seed940005-bc-b20,square-seed940005-bc-b20-m0.5,0.5,,,,,,,,,"robot0 OSC_POSE input [dx,dy,dz,ax,ay,az], action index 0/1",robosuite controller relative command convention,1741573154
square,c9e22005b58ba2524782e3068c8341554e419acf66f095e238e56df41d9a7aa3,940006,bc,40,-x,0.0,bc_sham,test,A,1,0,episode_horizon,0,236,square-seed940006-bc-b40,square-seed940006-bc-b40-m0,0.0,,,,,,,,,"robot0 OSC_POSE input [dx,dy,dz,ax,ay,az], action index 0/1",robosuite controller relative command convention,1266094534
square,c9e22005b58ba2524782e3068c8341554e419acf66f095e238e56df41d9a7aa3,940006,bc,40,-x,0.0,bc_sham,test,A,2,0,episode_horizon,0,236,square-seed940006-bc-b40,square-seed940006-bc-b40-m0,0.0,,,,,,,,,"robot0 OSC_POSE input [dx,dy,dz,ax,ay,az], action index 0/1",robosuite controller relative command convention,1763829280
square,c9e22005b58ba2524782e3068c8341554e419acf66f095e238e56df41d9a7aa3,940006,bc,40,-x,0.0,bc_sham,test,B,3,0,episode_horizon,0,236,square-seed940006-bc-b40,square-seed940006-bc-b40-m0,0.0,,,,,,,,,"robot0 OSC_POSE input [dx,dy,dz,ax,ay,az], action index 0/1",robosuite controller relative command convention,1959618431
square,c9e22005b58ba2524782e3068c8341554e419acf66f095e238e56df41d9a7aa3,940006,bc,40,-x,0.0,bc_sham,test,B,4,0,episode_horizon,0,236,square-seed940006-bc-b40,square-seed940006-bc-b40-m0,0.0,,,,,,,,,"robot0 OSC_POSE input [dx,dy,dz,ax,ay,az], action index 0/1",robosuite controller relative command convention,1272646530
square,18031b2ed2ee422f6e85bd8c113e199d46e0b29f3f2b2d6b4828e67449e0cf25,940006,bc,40,-x,0.0,ft_sham,test,A,1,1,native_success,152,84,square-seed940006-bc-b40,square-seed940006-bc-b40-m0,0.0,,,,,,,,,"robot0 OSC_POSE input [dx,dy,dz,ax,ay,az], action index 0/1",robosuite controller relative command convention,1989722821
square,18031b2ed2ee422f6e85bd8c113e199d46e0b29f3f2b2d6b4828e67449e0cf25,940006,bc,40,-x,0.0,ft_sham,test,A,2,1,native_success,156,80,square-seed940006-bc-b40,square-seed940006-bc-b40-m0,0.0,,,,,,,,,"robot0 OSC_POSE input [dx,dy,dz,ax,ay,az], action index 0/1",robosuite controller relative command convention,1637621318
square,18031b2ed2ee422f6e85bd8c113e199d46e0b29f3f2b2d6b4828e67449e0cf25,940006,bc,40,-x,0.0,ft_sham,test,B,3,1,native_success,160,76,square-seed940006-bc-b40,square-seed940006-bc-b40-m0,0.0,,,,,,,,,"robot0 OSC_POSE input [dx,dy,dz,ax,ay,az], action index 0/1",robosuite controller relative command convention,576940311
square,18031b2ed2ee422f6e85bd8c113e199d46e0b29f3f2b2d6b4828e67449e0cf25,940006,bc,40,-x,0.0,ft_sham,test,B,4,1,native_success,156,80,square-seed940006-bc-b40,square-seed940006-bc-b40-m0,0.0,,,,,,,,,"robot0 OSC_POSE input [dx,dy,dz,ax,ay,az], action index 0/1",robosuite controller relative command convention,1287772786
square,c9e22005b58ba2524782e3068c8341554e419acf66f095e238e56df41d9a7aa3,940006,bc,40,-x,0.125,bc_perturbed,test,A,1,1,native_success,72,164,square-seed940006-bc-b40,square-seed940006-bc-b40-m0.125,0.125,,,,,,,,,"robot0 OSC_POSE input [dx,dy,dz,ax,ay,az], action index 0/1",robosuite controller relative command convention,2032716894
square,c9e22005b58ba2524782e3068c8341554e419acf66f095e238e56df41d9a7aa3,940006,bc,40,-x,0.125,bc_perturbed,test,A,2,1,native_success,84,152,square-seed940006-bc-b40,square-seed940006-bc-b40-m0.125,0.125,,,,,,,,,"robot0 OSC_POSE input [dx,dy,dz,ax,ay,az], action index 0/1",robosuite controller relative command convention,1121248658
square,c9e22005b58ba2524782e3068c8341554e419acf66f095e238e56df41d9a7aa3,940006,bc,40,-x,0.125,bc_perturbed,test,B,3,1,native_success,92,144,square-seed940006-bc-b40,square-seed940006-bc-b40-m0.125,0.125,,,,,,,,,"robot0 OSC_POSE input [dx,dy,dz,ax,ay,az], action index 0/1",robosuite controller relative command convention,994293509
square,c9e22005b58ba2524782e3068c8341554e419acf66f095e238e56df41d9a7aa3,940006,bc,40,-x,0.125,bc_perturbed,test,B,4,0,episode_horizon,0,236,square-seed940006-bc-b40,square-seed940006-bc-b40-m0.125,0.125,,,,,,,,,"robot0 OSC_POSE input [dx,dy,dz,ax,ay,az], action index 0/1",robosuite controller relative command convention,1971175142
square,18031b2ed2ee422f6e85bd8c113e199d46e0b29f3f2b2d6b4828e67449e0cf25,940006,bc,40,-x,0.125,ft_perturbed,test,A,1,1,native_success,148,88,square-seed940006-bc-b40,square-seed940006-bc-b40-m0.125,0.125,,,,,,,,,"robot0 OSC_POSE input [dx,dy,dz,ax,ay,az], action index 0/1",robosuite controller relative command convention,1878969079
square,18031b2ed2ee422f6e85bd8c113e199d46e0b29f3f2b2d6b4828e67449e0cf25,940006,bc,40,-x,0.125,ft_perturbed,test,A,2,1,native_success,148,88,square-seed940006-bc-b40,square-seed940006-bc-b40-m0.125,0.125,,,,,,,,,"robot0 OSC_POSE input [dx,dy,dz,ax,ay,az], action index 0/1",robosuite controller relative command convention,472692353
square,18031b2ed2ee422f6e85bd8c113e199d46e0b29f3f2b2d6b4828e67449e0cf25,940006,bc,40,-x,0.125,ft_perturbed,test,B,3,1,native_success,148,88,square-seed940006-bc-b40,square-seed940006-bc-b40-m0.125,0.125,,,,,,,,,"robot0 OSC_POSE input [dx,dy,dz,ax,ay,az], action index 0/1",robosuite controller relative command convention,1549707328
square,18031b2ed2ee422f6e85bd8c113e199d46e0b29f3f2b2d6b4828e67449e0cf25,940006,bc,40,-x,0.125,ft_perturbed,test,B,4,1,native_success,148,88,square-seed940006-bc-b40,square-seed940006-bc-b40-m0.125,0.125,,,,,,,,,"robot0 OSC_POSE input [dx,dy,dz,ax,ay,az], action index 0/1",robosuite controller relative command convention,1189664163
square,c9e22005b58ba2524782e3068c8341554e419acf66f095e238e56df41d9a7aa3,940006,bc,40,-x,0.25,bc_perturbed,test,A,1,0,episode_horizon,0,236,square-seed940006-bc-b40,square-seed940006-bc-b40-m0.25,0.25,,,,,,,,,"robot0 OSC_POSE input [dx,dy,dz,ax,ay,az], action index 0/1",robosuite controller relative command convention,2146778659
square,c9e22005b58ba2524782e3068c8341554e419acf66f095e238e56df41d9a7aa3,940006,bc,40,-x,0.25,bc_perturbed,test,A,2,0,episode_horizon,0,236,square-seed940006-bc-b40,square-seed940006-bc-b40-m0.25,0.25,,,,,,,,,"robot0 OSC_POSE input [dx,dy,dz,ax,ay,az], action index 0/1",robosuite controller relative command convention,1218810012
square,c9e22005b58ba2524782e3068c8341554e419acf66f095e238e56df41d9a7aa3,940006,bc,40,-x,0.25,bc_perturbed,test,B,3,1,native_success,72,164,square-seed940006-bc-b40,square-seed940006-bc-b40-m0.25,0.25,,,,,,,,,"robot0 OSC_POSE input [dx,dy,dz,ax,ay,az], action index 0/1",robosuite controller relative command convention,145590008
square,c9e22005b58ba2524782e3068c8341554e419acf66f095e238e56df41d9a7aa3,940006,bc,40,-x,0.25,bc_perturbed,test,B,4,1,native_success,52,184,square-seed940006-bc-b40,square-seed940006-bc-b40-m0.25,0.25,,,,,,,,,"robot0 OSC_POSE input [dx,dy,dz,ax,ay,az], action index 0/1",robosuite controller relative command convention,190610597
square,18031b2ed2ee422f6e85bd8c113e199d46e0b29f3f2b2d6b4828e67449e0cf25,940006,bc,40,-x,0.25,ft_perturbed,test,A,1,1,native_success,148,88,square-seed940006-bc-b40,square-seed940006-bc-b40-m0.25,0.25,,,,,,,,,"robot0 OSC_POSE input [dx,dy,dz,ax,ay,az], action index 0/1",robosuite controller relative command convention,221618083
square,18031b2ed2ee422f6e85bd8c113e199d46e0b29f3f2b2d6b4828e67449e0cf25,940006,bc,40,-x,0.25,ft_perturbed,test,A,2,1,native_success,152,84,square-seed940006-bc-b40,square-seed940006-bc-b40-m0.25,0.25,,,,,,,,,"robot0 OSC_POSE input [dx,dy,dz,ax,ay,az], action index 0/1",robosuite controller relative command convention,1232115493
square,18031b2ed2ee422f6e85bd8c113e199d46e0b29f3f2b2d6b4828e67449e0cf25,940006,bc,40,-x,0.25,ft_perturbed,test,B,3,1,native_success,152,84,square-seed940006-bc-b40,square-seed940006-bc-b40-m0.25,0.25,,,,,,,,,"robot0 OSC_POSE input [dx,dy,dz,ax,ay,az], action index 0/1",robosuite controller relative command convention,1935489582
square,18031b2ed2ee422f6e85bd8c113e199d46e0b29f3f2b2d6b4828e67449e0cf25,940006,bc,40,-x,0.25,ft_perturbed,test,B,4,1,native_success,148,88,square-seed940006-bc-b40,square-seed940006-bc-b40-m0.25,0.25,,,,,,,,,"robot0 OSC_POSE input [dx,dy,dz,ax,ay,az], action index 0/1",robosuite controller relative command convention,1836871452
square,c9e22005b58ba2524782e3068c8341554e419acf66f095e238e56df41d9a7aa3,940006,bc,40,-x,0.5,bc_perturbed,test,A,1,1,native_success,88,148,square-seed940006-bc-b40,square-seed940006-bc-b40-m0.5,0.5,,,,,,,,,"robot0 OSC_POSE input [dx,dy,dz,ax,ay,az], action index 0/1",robosuite controller relative command convention,241947599
square,c9e22005b58ba2524782e3068c8341554e419acf66f095e238e56df41d9a7aa3,940006,bc,40,-x,0.5,bc_perturbed,test,A,2,1,native_success,76,160,square-seed940006-bc-b40,square-seed940006-bc-b40-m0.5,0.5,,,,,,,,,"robot0 OSC_POSE input [dx,dy,dz,ax,ay,az], action index 0/1",robosuite controller relative command convention,2103377331
square,c9e22005b58ba2524782e3068c8341554e419acf66f095e238e56df41d9a7aa3,940006,bc,40,-x,0.5,bc_perturbed,test,B,3,1,native_success,104,132,square-seed940006-bc-b40,square-seed940006-bc-b40-m0.5,0.5,,,,,,,,,"robot0 OSC_POSE input [dx,dy,dz,ax,ay,az], action index 0/1",robosuite controller relative command convention,1899329383
square,c9e22005b58ba2524782e3068c8341554e419acf66f095e238e56df41d9a7aa3,940006,bc,40,-x,0.5,bc_perturbed,test,B,4,1,native_success,76,160,square-seed940006-bc-b40,square-seed940006-bc-b40-m0.5,0.5,,,,,,,,,"robot0 OSC_POSE input [dx,dy,dz,ax,ay,az], action index 0/1",robosuite controller relative command convention,1470647289
square,18031b2ed2ee422f6e85bd8c113e199d46e0b29f3f2b2d6b4828e67449e0cf25,940006,bc,40,-x,0.5,ft_perturbed,test,A,1,1,native_success,148,88,square-seed940006-bc-b40,square-seed940006-bc-b40-m0.5,0.5,,,,,,,,,"robot0 OSC_POSE input [dx,dy,dz,ax,ay,az], action index 0/1",robosuite controller relative command convention,1391060118
square,18031b2ed2ee422f6e85bd8c113e199d46e0b29f3f2b2d6b4828e67449e0cf25,940006,bc,40,-x,0.5,ft_perturbed,test,A,2,1,native_success,152,84,square-seed940006-bc-b40,square-seed940006-bc-b40-m0.5,0.5,,,,,,,,,"robot0 OSC_POSE input [dx,dy,dz,ax,ay,az], action index 0/1",robosuite controller relative command convention,690030872
square,18031b2ed2ee422f6e85bd8c113e199d46e0b29f3f2b2d6b4828e67449e0cf25,940006,bc,40,-x,0.5,ft_perturbed,test,B,3,1,native_success,148,88,square-seed940006-bc-b40,square-seed940006-bc-b40-m0.5,0.5,,,,,,,,,"robot0 OSC_POSE input [dx,dy,dz,ax,ay,az], action index 0/1",robosuite controller relative command convention,1723458338
square,18031b2ed2ee422f6e85bd8c113e199d46e0b29f3f2b2d6b4828e67449e0cf25,940006,bc,40,-x,0.5,ft_perturbed,test,B,4,1,native_success,148,88,square-seed940006-bc-b40,square-seed940006-bc-b40-m0.5,0.5,,,,,,,,,"robot0 OSC_POSE input [dx,dy,dz,ax,ay,az], action index 0/1",robosuite controller relative command convention,1059953410
square,c9e22005b58ba2524782e3068c8341554e419acf66f095e238e56df41d9a7aa3,940007,bc,10,+y,0.0,bc_sham,test,A,1,1,native_success,164,192,square-seed940007-bc-b10,square-seed940007-bc-b10-m0,0.0,,,,,,,,,"robot0 OSC_POSE input [dx,dy,dz,ax,ay,az], action index 0/1",robosuite controller relative command convention,1267505382
square,c9e22005b58ba2524782e3068c8341554e419acf66f095e238e56df41d9a7aa3,940007,bc,10,+y,0.0,bc_sham,test,A,2,1,native_success,160,196,square-seed940007-bc-b10,square-seed940007-bc-b10-m0,0.0,,,,,,,,,"robot0 OSC_POSE input [dx,dy,dz,ax,ay,az], action index 0/1",robosuite controller relative command convention,2070061856
square,c9e22005b58ba2524782e3068c8341554e419acf66f095e238e56df41d9a7aa3,940007,bc,10,+y,0.0,bc_sham,test,B,3,1,native_success,120,236,square-seed940007-bc-b10,square-seed940007-bc-b10-m0,0.0,,,,,,,,,"robot0 OSC_POSE input [dx,dy,dz,ax,ay,az], action index 0/1",robosuite controller relative command convention,408187028
square,c9e22005b58ba2524782e3068c8341554e419acf66f095e238e56df41d9a7aa3,940007,bc,10,+y,0.0,bc_sham,test,B,4,1,native_success,112,244,square-seed940007-bc-b10,square-seed940007-bc-b10-m0,0.0,,,,,,,,,"robot0 OSC_POSE input [dx,dy,dz,ax,ay,az], action index 0/1",robosuite controller relative command convention,1332955868
square,18031b2ed2ee422f6e85bd8c113e199d46e0b29f3f2b2d6b4828e67449e0cf25,940007,bc,10,+y,0.0,ft_sham,test,A,1,1,native_success,264,92,square-seed940007-bc-b10,square-seed940007-bc-b10-m0,0.0,,,,,,,,,"robot0 OSC_POSE input [dx,dy,dz,ax,ay,az], action index 0/1",robosuite controller relative command convention,1705464782
square,18031b2ed2ee422f6e85bd8c113e199d46e0b29f3f2b2d6b4828e67449e0cf25,940007,bc,10,+y,0.0,ft_sham,test,A,2,1,native_success,276,80,square-seed940007-bc-b10,square-seed940007-bc-b10-m0,0.0,,,,,,,,,"robot0 OSC_POSE input [dx,dy,dz,ax,ay,az], action index 0/1",robosuite controller relative command convention,307409635
square,18031b2ed2ee422f6e85bd8c113e199d46e0b29f3f2b2d6b4828e67449e0cf25,940007,bc,10,+y,0.0,ft_sham,test,B,3,1,native_success,268,88,square-seed940007-bc-b10,square-seed940007-bc-b10-m0,0.0,,,,,,,,,"robot0 OSC_POSE input [dx,dy,dz,ax,ay,az], action index 0/1",robosuite controller relative command convention,473221422
square,18031b2ed2ee422f6e85bd8c113e199d46e0b29f3f2b2d6b4828e67449e0cf25,940007,bc,10,+y,0.0,ft_sham,test,B,4,1,native_success,264,92,square-seed940007-bc-b10,square-seed940007-bc-b10-m0,0.0,,,,,,,,,"robot0 OSC_POSE input [dx,dy,dz,ax,ay,az], action index 0/1",robosuite controller relative command convention,1318222486
square,c9e22005b58ba2524782e3068c8341554e419acf66f095e238e56df41d9a7aa3,940007,bc,10,+y,0.125,bc_perturbed,test,A,1,1,native_success,168,188,square-seed940007-bc-b10,square-seed940007-bc-b10-m0.125,0.125,,,,,,,,,"robot0 OSC_POSE input [dx,dy,dz,ax,ay,az], action index 0/1",robosuite controller relative command convention,1413169313
square,c9e22005b58ba2524782e3068c8341554e419acf66f095e238e56df41d9a7aa3,940007,bc,10,+y,0.125,bc_perturbed,test,A,2,1,native_success,192,164,square-seed940007-bc-b10,square-seed940007-bc-b10-m0.125,0.125,,,,,,,,,"robot0 OSC_POSE input [dx,dy,dz,ax,ay,az], action index 0/1",robosuite controller relative command convention,54277337
square,c9e22005b58ba2524782e3068c8341554e419acf66f095e238e56df41d9a7aa3,940007,bc,10,+y,0.125,bc_perturbed,test,B,3,1,native_success,220,136,square-seed940007-bc-b10,square-seed940007-bc-b10-m0.125,0.125,,,,,,,,,"robot0 OSC_POSE input [dx,dy,dz,ax,ay,az], action index 0/1",robosuite controller relative command convention,638676377
square,c9e22005b58ba2524782e3068c8341554e419acf66f095e238e56df41d9a7aa3,940007,bc,10,+y,0.125,bc_perturbed,test,B,4,1,native_success,200,156,square-seed940007-bc-b10,square-seed940007-bc-b10-m0.125,0.125,,,,,,,,,"robot0 OSC_POSE input [dx,dy,dz,ax,ay,az], action index 0/1",robosuite controller relative command convention,33948122
square,18031b2ed2ee422f6e85bd8c113e199d46e0b29f3f2b2d6b4828e67449e0cf25,940007,bc,10,+y,0.125,ft_perturbed,test,A,1,1,native_success,260,96,square-seed940007-bc-b10,square-seed940007-bc-b10-m0.125,0.125,,,,,,,,,"robot0 OSC_POSE input [dx,dy,dz,ax,ay,az], action index 0/1",robosuite controller relative command convention,2002129768
square,18031b2ed2ee422f6e85bd8c113e199d46e0b29f3f2b2d6b4828e67449e0cf25,940007,bc,10,+y,0.125,ft_perturbed,test,A,2,1,native_success,264,92,square-seed940007-bc-b10,square-seed940007-bc-b10-m0.125,0.125,,,,,,,,,"robot0 OSC_POSE input [dx,dy,dz,ax,ay,az], action index 0/1",robosuite controller relative command convention,1488414871
square,18031b2ed2ee422f6e85bd8c113e199d46e0b29f3f2b2d6b4828e67449e0cf25,940007,bc,10,+y,0.125,ft_perturbed,test,B,3,1,native_success,264,92,square-seed940007-bc-b10,square-seed940007-bc-b10-m0.125,0.125,,,,,,,,,"robot0 OSC_POSE input [dx,dy,dz,ax,ay,az], action index 0/1",robosuite controller relative command convention,148334064
square,18031b2ed2ee422f6e85bd8c113e199d46e0b29f3f2b2d6b4828e67449e0cf25,940007,bc,10,+y,0.125,ft_perturbed,test,B,4,1,native_success,252,104,square-seed940007-bc-b10,square-seed940007-bc-b10-m0.125,0.125,,,,,,,,,"robot0 OSC_POSE input [dx,dy,dz,ax,ay,az], action index 0/1",robosuite controller relative command convention,1401001062
square,c9e22005b58ba2524782e3068c8341554e419acf66f095e238e56df41d9a7aa3,940007,bc,10,+y,0.25,bc_perturbed,test,A,1,1,native_success,156,200,square-seed940007-bc-b10,square-seed940007-bc-b10-m0.25,0.25,,,,,,,,,"robot0 OSC_POSE input [dx,dy,dz,ax,ay,az], action index 0/1",robosuite controller relative command convention,1143935004
square,c9e22005b58ba2524782e3068c8341554e419acf66f095e238e56df41d9a7aa3,940007,bc,10,+y,0.25,bc_perturbed,test,A,2,0,episode_horizon,0,356,square-seed940007-bc-b10,square-seed940007-bc-b10-m0.25,0.25,,,,,,,,,"robot0 OSC_POSE input [dx,dy,dz,ax,ay,az], action index 0/1",robosuite controller relative command convention,917425043
square,c9e22005b58ba2524782e3068c8341554e419acf66f095e238e56df41d9a7aa3,940007,bc,10,+y,0.25,bc_perturbed,test,B,3,1,native_success,200,156,square-seed940007-bc-b10,square-seed940007-bc-b10-m0.25,0.25,,,,,,,,,"robot0 OSC_POSE input [dx,dy,dz,ax,ay,az], action index 0/1",robosuite controller relative command convention,183119840
square,c9e22005b58ba2524782e3068c8341554e419acf66f095e238e56df41d9a7aa3,940007,bc,10,+y,0.25,bc_perturbed,test,B,4,1,native_success,188,168,square-seed940007-bc-b10,square-seed940007-bc-b10-m0.25,0.25,,,,,,,,,"robot0 OSC_POSE input [dx,dy,dz,ax,ay,az], action index 0/1",robosuite controller relative command convention,1082624444
square,18031b2ed2ee422f6e85bd8c113e199d46e0b29f3f2b2d6b4828e67449e0cf25,940007,bc,10,+y,0.25,ft_perturbed,test,A,1,1,native_success,264,92,square-seed940007-bc-b10,square-seed940007-bc-b10-m0.25,0.25,,,,,,,,,"robot0 OSC_POSE input [dx,dy,dz,ax,ay,az], action index 0/1",robosuite controller relative command convention,1008053967
square,18031b2ed2ee422f6e85bd8c113e199d46e0b29f3f2b2d6b4828e67449e0cf25,940007,bc,10,+y,0.25,ft_perturbed,test,A,2,1,native_success,268,88,square-seed940007-bc-b10,square-seed940007-bc-b10-m0.25,0.25,,,,,,,,,"robot0 OSC_POSE input [dx,dy,dz,ax,ay,az], action index 0/1",robosuite controller relative command convention,235301295
square,18031b2ed2ee422f6e85bd8c113e199d46e0b29f3f2b2d6b4828e67449e0cf25,940007,bc,10,+y,0.25,ft_perturbed,test,B,3,1,native_success,228,128,square-seed940007-bc-b10,square-seed940007-bc-b10-m0.25,0.25,,,,,,,,,"robot0 OSC_POSE input [dx,dy,dz,ax,ay,az], action index 0/1",robosuite controller relative command convention,1840654780
square,18031b2ed2ee422f6e85bd8c113e199d46e0b29f3f2b2d6b4828e67449e0cf25,940007,bc,10,+y,0.25,ft_perturbed,test,B,4,1,native_success,260,96,square-seed940007-bc-b10,square-seed940007-bc-b10-m0.25,0.25,,,,,,,,,"robot0 OSC_POSE input [dx,dy,dz,ax,ay,az], action index 0/1",robosuite controller relative command convention,985655527
square,c9e22005b58ba2524782e3068c8341554e419acf66f095e238e56df41d9a7aa3,940007,bc,10,+y,0.5,bc_perturbed,test,A,1,1,native_success,128,228,square-seed940007-bc-b10,square-seed940007-bc-b10-m0.5,0.5,,,,,,,,,"robot0 OSC_POSE input [dx,dy,dz,ax,ay,az], action index 0/1",robosuite controller relative command convention,1480806625
square,c9e22005b58ba2524782e3068c8341554e419acf66f095e238e56df41d9a7aa3,940007,bc,10,+y,0.5,bc_perturbed,test,A,2,0,episode_horizon,0,356,square-seed940007-bc-b10,square-seed940007-bc-b10-m0.5,0.5,,,,,,,,,"robot0 OSC_POSE input [dx,dy,dz,ax,ay,az], action index 0/1",robosuite controller relative command convention,1656115445
square,c9e22005b58ba2524782e3068c8341554e419acf66f095e238e56df41d9a7aa3,940007,bc,10,+y,0.5,bc_perturbed,test,B,3,1,native_success,144,212,square-seed940007-bc-b10,square-seed940007-bc-b10-m0.5,0.5,,,,,,,,,"robot0 OSC_POSE input [dx,dy,dz,ax,ay,az], action index 0/1",robosuite controller relative command convention,415296039
square,c9e22005b58ba2524782e3068c8341554e419acf66f095e238e56df41d9a7aa3,940007,bc,10,+y,0.5,bc_perturbed,test,B,4,1,native_success,208,148,square-seed940007-bc-b10,square-seed940007-bc-b10-m0.5,0.5,,,,,,,,,"robot0 OSC_POSE input [dx,dy,dz,ax,ay,az], action index 0/1",robosuite controller relative command convention,2038094921
square,18031b2ed2ee422f6e85bd8c113e199d46e0b29f3f2b2d6b4828e67449e0cf25,940007,bc,10,+y,0.5,ft_perturbed,test,A,1,1,native_success,272,84,square-seed940007-bc-b10,square-seed940007-bc-b10-m0.5,0.5,,,,,,,,,"robot0 OSC_POSE input [dx,dy,dz,ax,ay,az], action index 0/1",robosuite controller relative command convention,156984013
square,18031b2ed2ee422f6e85bd8c113e199d46e0b29f3f2b2d6b4828e67449e0cf25,940007,bc,10,+y,0.5,ft_perturbed,test,A,2,1,native_success,268,88,square-seed940007-bc-b10,square-seed940007-bc-b10-m0.5,0.5,,,,,,,,,"robot0 OSC_POSE input [dx,dy,dz,ax,ay,az], action index 0/1",robosuite controller relative command convention,1854797323
square,18031b2ed2ee422f6e85bd8c113e199d46e0b29f3f2b2d6b4828e67449e0cf25,940007,bc,10,+y,0.5,ft_perturbed,test,B,3,1,native_success,268,88,square-seed940007-bc-b10,square-seed940007-bc-b10-m0.5,0.5,,,,,,,,,"robot0 OSC_POSE input [dx,dy,dz,ax,ay,az], action index 0/1",robosuite controller relative command convention,325422035
square,18031b2ed2ee422f6e85bd8c113e199d46e0b29f3f2b2d6b4828e67449e0cf25,940007,bc,10,+y,0.5,ft_perturbed,test,B,4,1,native_success,272,84,square-seed940007-bc-b10,square-seed940007-bc-b10-m0.5,0.5,,,,,,,,,"robot0 OSC_POSE input [dx,dy,dz,ax,ay,az], action index 0/1",robosuite controller relative command convention,875382623
square,c9e22005b58ba2524782e3068c8341554e419acf66f095e238e56df41d9a7aa3,940007,ft,10,+y,0.0,bc_sham,test,A,1,1,native_success,248,108,square-seed940007-ft-b10,square-seed940007-ft-b10-m0,0.0,,,,,,,,,"robot0 OSC_POSE input [dx,dy,dz,ax,ay,az], action index 0/1",robosuite controller relative command convention,136811046
square,c9e22005b58ba2524782e3068c8341554e419acf66f095e238e56df41d9a7aa3,940007,ft,10,+y,0.0,bc_sham,test,A,2,1,native_success,260,96,square-seed940007-ft-b10,square-seed940007-ft-b10-m0,0.0,,,,,,,,,"robot0 OSC_POSE input [dx,dy,dz,ax,ay,az], action index 0/1",robosuite controller relative command convention,1881630068
square,c9e22005b58ba2524782e3068c8341554e419acf66f095e238e56df41d9a7aa3,940007,ft,10,+y,0.0,bc_sham,test,B,3,1,native_success,268,88,square-seed940007-ft-b10,square-seed940007-ft-b10-m0,0.0,,,,,,,,,"robot0 OSC_POSE input [dx,dy,dz,ax,ay,az], action index 0/1",robosuite controller relative command convention,307178474
square,c9e22005b58ba2524782e3068c8341554e419acf66f095e238e56df41d9a7aa3,940007,ft,10,+y,0.0,bc_sham,test,B,4,1,native_success,252,104,square-seed940007-ft-b10,square-seed940007-ft-b10-m0,0.0,,,,,,,,,"robot0 OSC_POSE input [dx,dy,dz,ax,ay,az], action index 0/1",robosuite controller relative command convention,40768570
square,18031b2ed2ee422f6e85bd8c113e199d46e0b29f3f2b2d6b4828e67449e0cf25,940007,ft,10,+y,0.0,ft_sham,test,A,1,1,native_success,296,60,square-seed940007-ft-b10,square-seed940007-ft-b10-m0,0.0,,,,,,,,,"robot0 OSC_POSE input [dx,dy,dz,ax,ay,az], action index 0/1",robosuite controller relative command convention,1830074345
square,18031b2ed2ee422f6e85bd8c113e199d46e0b29f3f2b2d6b4828e67449e0cf25,940007,ft,10,+y,0.0,ft_sham,test,A,2,1,native_success,296,60,square-seed940007-ft-b10,square-seed940007-ft-b10-m0,0.0,,,,,,,,,"robot0 OSC_POSE input [dx,dy,dz,ax,ay,az], action index 0/1",robosuite controller relative command convention,734521427
square,18031b2ed2ee422f6e85bd8c113e199d46e0b29f3f2b2d6b4828e67449e0cf25,940007,ft,10,+y,0.0,ft_sham,test,B,3,1,native_success,296,60,square-seed940007-ft-b10,square-seed940007-ft-b10-m0,0.0,,,,,,,,,"robot0 OSC_POSE input [dx,dy,dz,ax,ay,az], action index 0/1",robosuite controller relative command convention,814397120
square,18031b2ed2ee422f6e85bd8c113e199d46e0b29f3f2b2d6b4828e67449e0cf25,940007,ft,10,+y,0.0,ft_sham,test,B,4,1,native_success,296,60,square-seed940007-ft-b10,square-seed940007-ft-b10-m0,0.0,,,,,,,,,"robot0 OSC_POSE input [dx,dy,dz,ax,ay,az], action index 0/1",robosuite controller relative command convention,1469536357
square,c9e22005b58ba2524782e3068c8341554e419acf66f095e238e56df41d9a7aa3,940007,ft,10,+y,0.125,bc_perturbed,test,A,1,1,native_success,244,112,square-seed940007-ft-b10,square-seed940007-ft-b10-m0.125,0.125,,,,,,,,,"robot0 OSC_POSE input [dx,dy,dz,ax,ay,az], action index 0/1",robosuite controller relative command convention,1786647090
square,c9e22005b58ba2524782e3068c8341554e419acf66f095e238e56df41d9a7aa3,940007,ft,10,+y,0.125,bc_perturbed,test,A,2,1,native_success,264,92,square-seed940007-ft-b10,square-seed940007-ft-b10-m0.125,0.125,,,,,,,,,"robot0 OSC_POSE input [dx,dy,dz,ax,ay,az], action index 0/1",robosuite controller relative command convention,1759193930
square,c9e22005b58ba2524782e3068c8341554e419acf66f095e238e56df41d9a7aa3,940007,ft,10,+y,0.125,bc_perturbed,test,B,3,1,native_success,272,84,square-seed940007-ft-b10,square-seed940007-ft-b10-m0.125,0.125,,,,,,,,,"robot0 OSC_POSE input [dx,dy,dz,ax,ay,az], action index 0/1",robosuite controller relative command convention,506476187
square,c9e22005b58ba2524782e3068c8341554e419acf66f095e238e56df41d9a7aa3,940007,ft,10,+y,0.125,bc_perturbed,test,B,4,1,native_success,232,124,square-seed940007-ft-b10,square-seed940007-ft-b10-m0.125,0.125,,,,,,,,,"robot0 OSC_POSE input [dx,dy,dz,ax,ay,az], action index 0/1",robosuite controller relative command convention,1154440471
square,18031b2ed2ee422f6e85bd8c113e199d46e0b29f3f2b2d6b4828e67449e0cf25,940007,ft,10,+y,0.125,ft_perturbed,test,A,1,1,native_success,296,60,square-seed940007-ft-b10,square-seed940007-ft-b10-m0.125,0.125,,,,,,,,,"robot0 OSC_POSE input [dx,dy,dz,ax,ay,az], action index 0/1",robosuite controller relative command convention,1832159619
square,18031b2ed2ee422f6e85bd8c113e199d46e0b29f3f2b2d6b4828e67449e0cf25,940007,ft,10,+y,0.125,ft_perturbed,test,A,2,1,native_success,296,60,square-seed940007-ft-b10,square-seed940007-ft-b10-m0.125,0.125,,,,,,,,,"robot0 OSC_POSE input [dx,dy,dz,ax,ay,az], action index 0/1",robosuite controller relative command convention,2019468580
square,18031b2ed2ee422f6e85bd8c113e199d46e0b29f3f2b2d6b4828e67449e0cf25,940007,ft,10,+y,0.125,ft_perturbed,test,B,3,1,native_success,292,64,square-seed940007-ft-b10,square-seed940007-ft-b10-m0.125,0.125,,,,,,,,,"robot0 OSC_POSE input [dx,dy,dz,ax,ay,az], action index 0/1",robosuite controller relative command convention,47673002
square,18031b2ed2ee422f6e85bd8c113e199d46e0b29f3f2b2d6b4828e67449e0cf25,940007,ft,10,+y,0.125,ft_perturbed,test,B,4,1,native_success,296,60,square-seed940007-ft-b10,square-seed940007-ft-b10-m0.125,0.125,,,,,,,,,"robot0 OSC_POSE input [dx,dy,dz,ax,ay,az], action index 0/1",robosuite controller relative command convention,846704462
square,c9e22005b58ba2524782e3068c8341554e419acf66f095e238e56df41d9a7aa3,940007,ft,10,+y,0.25,bc_perturbed,test,A,1,1,native_success,260,96,square-seed940007-ft-b10,square-seed940007-ft-b10-m0.25,0.25,,,,,,,,,"robot0 OSC_POSE input [dx,dy,dz,ax,ay,az], action index 0/1",robosuite controller relative command convention,762199256
square,c9e22005b58ba2524782e3068c8341554e419acf66f095e238e56df41d9a7aa3,940007,ft,10,+y,0.25,bc_perturbed,test,A,2,1,native_success,256,100,square-seed940007-ft-b10,square-seed940007-ft-b10-m0.25,0.25,,,,,,,,,"robot0 OSC_POSE input [dx,dy,dz,ax,ay,az], action index 0/1",robosuite controller relative command convention,1327404188
square,c9e22005b58ba2524782e3068c8341554e419acf66f095e238e56df41d9a7aa3,940007,ft,10,+y,0.25,bc_perturbed,test,B,3,1,native_success,264,92,square-seed940007-ft-b10,square-seed940007-ft-b10-m0.25,0.25,,,,,,,,,"robot0 OSC_POSE input [dx,dy,dz,ax,ay,az], action index 0/1",robosuite controller relative command convention,1843365801
square,c9e22005b58ba2524782e3068c8341554e419acf66f095e238e56df41d9a7aa3,940007,ft,10,+y,0.25,bc_perturbed,test,B,4,1,native_success,268,88,square-seed940007-ft-b10,square-seed940007-ft-b10-m0.25,0.25,,,,,,,,,"robot0 OSC_POSE input [dx,dy,dz,ax,ay,az], action index 0/1",robosuite controller relative command convention,1069394765
square,18031b2ed2ee422f6e85bd8c113e199d46e0b29f3f2b2d6b4828e67449e0cf25,940007,ft,10,+y,0.25,ft_perturbed,test,A,1,1,native_success,296,60,square-seed940007-ft-b10,square-seed940007-ft-b10-m0.25,0.25,,,,,,,,,"robot0 OSC_POSE input [dx,dy,dz,ax,ay,az], action index 0/1",robosuite controller relative command convention,1266480226
square,18031b2ed2ee422f6e85bd8c113e199d46e0b29f3f2b2d6b4828e67449e0cf25,940007,ft,10,+y,0.25,ft_perturbed,test,A,2,1,native_success,296,60,square-seed940007-ft-b10,square-seed940007-ft-b10-m0.25,0.25,,,,,,,,,"robot0 OSC_POSE input [dx,dy,dz,ax,ay,az], action index 0/1",robosuite controller relative command convention,1401548373
square,18031b2ed2ee422f6e85bd8c113e199d46e0b29f3f2b2d6b4828e67449e0cf25,940007,ft,10,+y,0.25,ft_perturbed,test,B,3,1,native_success,296,60,square-seed940007-ft-b10,square-seed940007-ft-b10-m0.25,0.25,,,,,,,,,"robot0 OSC_POSE input [dx,dy,dz,ax,ay,az], action index 0/1",robosuite controller relative command convention,781623641
square,18031b2ed2ee422f6e85bd8c113e199d46e0b29f3f2b2d6b4828e67449e0cf25,940007,ft,10,+y,0.25,ft_perturbed,test,B,4,1,native_success,296,60,square-seed940007-ft-b10,square-seed940007-ft-b10-m0.25,0.25,,,,,,,,,"robot0 OSC_POSE input [dx,dy,dz,ax,ay,az], action index 0/1",robosuite controller relative command convention,1849471921
square,c9e22005b58ba2524782e3068c8341554e419acf66f095e238e56df41d9a7aa3,940007,ft,10,+y,0.5,bc_perturbed,test,A,1,1,native_success,264,92,square-seed940007-ft-b10,square-seed940007-ft-b10-m0.5,0.5,,,,,,,,,"robot0 OSC_POSE input [dx,dy,dz,ax,ay,az], action index 0/1",robosuite controller relative command convention,1636830159
square,c9e22005b58ba2524782e3068c8341554e419acf66f095e238e56df41d9a7aa3,940007,ft,10,+y,0.5,bc_perturbed,test,A,2,1,native_success,264,92,square-seed940007-ft-b10,square-seed940007-ft-b10-m0.5,0.5,,,,,,,,,"robot0 OSC_POSE input [dx,dy,dz,ax,ay,az], action index 0/1",robosuite controller relative command convention,1356172493
square,c9e22005b58ba2524782e3068c8341554e419acf66f095e238e56df41d9a7aa3,940007,ft,10,+y,0.5,bc_perturbed,test,B,3,1,native_success,260,96,square-seed940007-ft-b10,square-seed940007-ft-b10-m0.5,0.5,,,,,,,,,"robot0 OSC_POSE input [dx,dy,dz,ax,ay,az], action index 0/1",robosuite controller relative command convention,1739521609
square,c9e22005b58ba2524782e3068c8341554e419acf66f095e238e56df41d9a7aa3,940007,ft,10,+y,0.5,bc_perturbed,test,B,4,1,native_success,264,92,square-seed940007-ft-b10,square-seed940007-ft-b10-m0.5,0.5,,,,,,,,,"robot0 OSC_POSE input [dx,dy,dz,ax,ay,az], action index 0/1",robosuite controller relative command convention,578724095
square,18031b2ed2ee422f6e85bd8c113e199d46e0b29f3f2b2d6b4828e67449e0cf25,940007,ft,10,+y,0.5,ft_perturbed,test,A,1,1,native_success,296,60,square-seed940007-ft-b10,square-seed940007-ft-b10-m0.5,0.5,,,,,,,,,"robot0 OSC_POSE input [dx,dy,dz,ax,ay,az], action index 0/1",robosuite controller relative command convention,1020882443
square,18031b2ed2ee422f6e85bd8c113e199d46e0b29f3f2b2d6b4828e67449e0cf25,940007,ft,10,+y,0.5,ft_perturbed,test,A,2,1,native_success,296,60,square-seed940007-ft-b10,square-seed940007-ft-b10-m0.5,0.5,,,,,,,,,"robot0 OSC_POSE input [dx,dy,dz,ax,ay,az], action index 0/1",robosuite controller relative command convention,1612024423
square,18031b2ed2ee422f6e85bd8c113e199d46e0b29f3f2b2d6b4828e67449e0cf25,940007,ft,10,+y,0.5,ft_perturbed,test,B,3,1,native_success,296,60,square-seed940007-ft-b10,square-seed940007-ft-b10-m0.5,0.5,,,,,,,,,"robot0 OSC_POSE input [dx,dy,dz,ax,ay,az], action index 0/1",robosuite controller relative command convention,2098295693
square,18031b2ed2ee422f6e85bd8c113e199d46e0b29f3f2b2d6b4828e67449e0cf25,940007,ft,10,+y,0.5,ft_perturbed,test,B,4,1,native_success,232,124,square-seed940007-ft-b10,square-seed940007-ft-b10-m0.5,0.5,,,,,,,,,"robot0 OSC_POSE input [dx,dy,dz,ax,ay,az], action index 0/1",robosuite controller relative command convention,858328052
square,c9e22005b58ba2524782e3068c8341554e419acf66f095e238e56df41d9a7aa3,940008,bc,20,-y,0.0,bc_sham,test,A,1,1,native_success,224,92,square-seed940008-bc-b20,square-seed940008-bc-b20-m0,0.0,,,,,,,,,"robot0 OSC_POSE input [dx,dy,dz,ax,ay,az], action index 0/1",robosuite controller relative command convention,1267622768
square,c9e22005b58ba2524782e3068c8341554e419acf66f095e238e56df41d9a7aa3,940008,bc,20,-y,0.0,bc_sham,test,A,2,1,native_success,236,80,square-seed940008-bc-b20,square-seed940008-bc-b20-m0,0.0,,,,,,,,,"robot0 OSC_POSE input [dx,dy,dz,ax,ay,az], action index 0/1",robosuite controller relative command convention,442256567
square,c9e22005b58ba2524782e3068c8341554e419acf66f095e238e56df41d9a7aa3,940008,bc,20,-y,0.0,bc_sham,test,B,3,1,native_success,84,232,square-seed940008-bc-b20,square-seed940008-bc-b20-m0,0.0,,,,,,,,,"robot0 OSC_POSE input [dx,dy,dz,ax,ay,az], action index 0/1",robosuite controller relative command convention,549665141
square,c9e22005b58ba2524782e3068c8341554e419acf66f095e238e56df41d9a7aa3,940008,bc,20,-y,0.0,bc_sham,test,B,4,0,episode_horizon,0,316,square-seed940008-bc-b20,square-seed940008-bc-b20-m0,0.0,,,,,,,,,"robot0 OSC_POSE input [dx,dy,dz,ax,ay,az], action index 0/1",robosuite controller relative command convention,1571408931
square,18031b2ed2ee422f6e85bd8c113e199d46e0b29f3f2b2d6b4828e67449e0cf25,940008,bc,20,-y,0.0,ft_sham,test,A,1,1,native_success,264,52,square-seed940008-bc-b20,square-seed940008-bc-b20-m0,0.0,,,,,,,,,"robot0 OSC_POSE input [dx,dy,dz,ax,ay,az], action index 0/1",robosuite controller relative command convention,240994832
square,18031b2ed2ee422f6e85bd8c113e199d46e0b29f3f2b2d6b4828e67449e0cf25,940008,bc,20,-y,0.0,ft_sham,test,A,2,1,native_success,264,52,square-seed940008-bc-b20,square-seed940008-bc-b20-m0,0.0,,,,,,,,,"robot0 OSC_POSE input [dx,dy,dz,ax,ay,az], action index 0/1",robosuite controller relative command convention,307339296
square,18031b2ed2ee422f6e85bd8c113e199d46e0b29f3f2b2d6b4828e67449e0cf25,940008,bc,20,-y,0.0,ft_sham,test,B,3,1,native_success,264,52,square-seed940008-bc-b20,square-seed940008-bc-b20-m0,0.0,,,,,,,,,"robot0 OSC_POSE input [dx,dy,dz,ax,ay,az], action index 0/1",robosuite controller relative command convention,1166581474
square,18031b2ed2ee422f6e85bd8c113e199d46e0b29f3f2b2d6b4828e67449e0cf25,940008,bc,20,-y,0.0,ft_sham,test,B,4,1,native_success,252,64,square-seed940008-bc-b20,square-seed940008-bc-b20-m0,0.0,,,,,,,,,"robot0 OSC_POSE input [dx,dy,dz,ax,ay,az], action index 0/1",robosuite controller relative command convention,1051341840
square,c9e22005b58ba2524782e3068c8341554e419acf66f095e238e56df41d9a7aa3,940008,bc,20,-y,0.125,bc_perturbed,test,A,1,0,episode_horizon,0,316,square-seed940008-bc-b20,square-seed940008-bc-b20-m0.125,0.125,,,,,,,,,"robot0 OSC_POSE input [dx,dy,dz,ax,ay,az], action index 0/1",robosuite controller relative command convention,381843867
square,c9e22005b58ba2524782e3068c8341554e419acf66f095e238e56df41d9a7aa3,940008,bc,20,-y,0.125,bc_perturbed,test,A,2,1,native_success,232,84,square-seed940008-bc-b20,square-seed940008-bc-b20-m0.125,0.125,,,,,,,,,"robot0 OSC_POSE input [dx,dy,dz,ax,ay,az], action index 0/1",robosuite controller relative command convention,1372933607
square,c9e22005b58ba2524782e3068c8341554e419acf66f095e238e56df41d9a7aa3,940008,bc,20,-y,0.125,bc_perturbed,test,B,3,0,episode_horizon,0,316,square-seed940008-bc-b20,square-seed940008-bc-b20-m0.125,0.125,,,,,,,,,"robot0 OSC_POSE input [dx,dy,dz,ax,ay,az], action index 0/1",robosuite controller relative command convention,1545262057
square,c9e22005b58ba2524782e3068c8341554e419acf66f095e238e56df41d9a7aa3,940008,bc,20,-y,0.125,bc_perturbed,test,B,4,1,native_success,236,80,square-seed940008-bc-b20,square-seed940008-bc-b20-m0.125,0.125,,,,,,,,,"robot0 OSC_POSE input [dx,dy,dz,ax,ay,az], action index 0/1",robosuite controller relative command convention,1548350514
square,18031b2ed2ee422f6e85bd8c113e199d46e0b29f3f2b2d6b4828e67449e0cf25,940008,bc,20,-y,0.125,ft_perturbed,test,A,1,0,episode_horizon,0,316,square-seed940008-bc-b20,square-seed940008-bc-b20-m0.125,0.125,,,,,,,,,"robot0 OSC_POSE input [dx,dy,dz,ax,ay,az], action index 0/1",robosuite controller relative command convention,2032654927
square,18031b2ed2ee422f6e85bd8c113e199d46e0b29f3f2b2d6b4828e67449e0cf25,940008,bc,20,-y,0.125,ft_perturbed,test,A,2,1,native_success,268,48,square-seed940008-bc-b20,square-seed940008-bc-b20-m0.125,0.125,,,,,,,,,"robot0 OSC_POSE input [dx,dy,dz,ax,ay,az], action index 0/1",robosuite controller relative command convention,415232364
square,18031b2ed2ee422f6e85bd8c113e199d46e0b29f3f2b2d6b4828e67449e0cf25,940008,bc,20,-y,0.125,ft_perturbed,test,B,3,0,episode_horizon,0,316,square-seed940008-bc-b20,square-seed940008-bc-b20-m0.125,0.125,,,,,,,,,"robot0 OSC_POSE input [dx,dy,dz,ax,ay,az], action index 0/1",robosuite controller relative command convention,274195320
square,18031b2ed2ee422f6e85bd8c113e199d46e0b29f3f2b2d6b4828e67449e0cf25,940008,bc,20,-y,0.125,ft_perturbed,test,B,4,1,native_success,268,48,square-seed940008-bc-b20,square-seed940008-bc-b20-m0.125,0.125,,,,,,,,,"robot0 OSC_POSE input [dx,dy,dz,ax,ay,az], action index 0/1",robosuite controller relative command convention,289318917
square,c9e22005b58ba2524782e3068c8341554e419acf66f095e238e56df41d9a7aa3,940008,bc,20,-y,0.25,bc_perturbed,test,A,1,0,episode_horizon,0,316,square-seed940008-bc-b20,square-seed940008-bc-b20-m0.25,0.25,,,,,,,,,"robot0 OSC_POSE input [dx,dy,dz,ax,ay,az], action index 0/1",robosuite controller relative command convention,1814110324
square,c9e22005b58ba2524782e3068c8341554e419acf66f095e238e56df41d9a7aa3,940008,bc,20,-y,0.25,bc_perturbed,test,A,2,1,native_success,232,84,square-seed940008-bc-b20,square-seed940008-bc-b20-m0.25,0.25,,,,,,,,,"robot0 OSC_POSE input [dx,dy,dz,ax,ay,az], action index 0/1",robosuite controller relative command convention,1312837293
square,c9e22005b58ba2524782e3068c8341554e419acf66f095e238e56df41d9a7aa3,940008,bc,20,-y,0.25,bc_perturbed,test,B,3,0,episode_horizon,0,316,square-seed940008-bc-b20,square-seed940008-bc-b20-m0.25,0.25,,,,,,,,,"robot0 OSC_POSE input [dx,dy,dz,ax,ay,az], action index 0/1",robosuite controller relative command convention,619971021
square,c9e22005b58ba2524782e3068c8341554e419acf66f095e238e56df41d9a7aa3,940008,bc,20,-y,0.25,bc_perturbed,test,B,4,1,native_success,228,88,square-seed940008-bc-b20,square-seed940008-bc-b20-m0.25,0.25,,,,,,,,,"robot0 OSC_POSE input [dx,dy,dz,ax,ay,az], action index 0/1",robosuite controller relative command convention,683461135
square,18031b2ed2ee422f6e85bd8c113e199d46e0b29f3f2b2d6b4828e67449e0cf25,940008,bc,20,-y,0.25,ft_perturbed,test,A,1,0,episode_horizon,0,316,square-seed940008-bc-b20,square-seed940008-bc-b20-m0.25,0.25,,,,,,,,,"robot0 OSC_POSE input [dx,dy,dz,ax,ay,az], action index 0/1",robosuite controller relative command convention,455943269
square,18031b2ed2ee422f6e85bd8c113e199d46e0b29f3f2b2d6b4828e67449e0cf25,940008,bc,20,-y,0.25,ft_perturbed,test,A,2,1,native_success,268,48,square-seed940008-bc-b20,square-seed940008-bc-b20-m0.25,0.25,,,,,,,,,"robot0 OSC_POSE input [dx,dy,dz,ax,ay,az], action index 0/1",robosuite controller relative command convention,800107677
square,18031b2ed2ee422f6e85bd8c113e199d46e0b29f3f2b2d6b4828e67449e0cf25,940008,bc,20,-y,0.25,ft_perturbed,test,B,3,0,episode_horizon,0,316,square-seed940008-bc-b20,square-seed940008-bc-b20-m0.25,0.25,,,,,,,,,"robot0 OSC_POSE input [dx,dy,dz,ax,ay,az], action index 0/1",robosuite controller relative command convention,584537798
square,18031b2ed2ee422f6e85bd8c113e199d46e0b29f3f2b2d6b4828e67449e0cf25,940008,bc,20,-y,0.25,ft_perturbed,test,B,4,0,episode_horizon,0,316,square-seed940008-bc-b20,square-seed940008-bc-b20-m0.25,0.25,,,,,,,,,"robot0 OSC_POSE input [dx,dy,dz,ax,ay,az], action index 0/1",robosuite controller relative command convention,325010659
square,c9e22005b58ba2524782e3068c8341554e419acf66f095e238e56df41d9a7aa3,940008,bc,20,-y,0.5,bc_perturbed,test,A,1,0,episode_horizon,0,316,square-seed940008-bc-b20,square-seed940008-bc-b20-m0.5,0.5,,,,,,,,,"robot0 OSC_POSE input [dx,dy,dz,ax,ay,az], action index 0/1",robosuite controller relative command convention,1766558794
square,c9e22005b58ba2524782e3068c8341554e419acf66f095e238e56df41d9a7aa3,940008,bc,20,-y,0.5,bc_perturbed,test,A,2,0,episode_horizon,0,316,square-seed940008-bc-b20,square-seed940008-bc-b20-m0.5,0.5,,,,,,,,,"robot0 OSC_POSE input [dx,dy,dz,ax,ay,az], action index 0/1",robosuite controller relative command convention,309941097
square,c9e22005b58ba2524782e3068c8341554e419acf66f095e238e56df41d9a7aa3,940008,bc,20,-y,0.5,bc_perturbed,test,B,3,1,native_success,192,124,square-seed940008-bc-b20,square-seed940008-bc-b20-m0.5,0.5,,,,,,,,,"robot0 OSC_POSE input [dx,dy,dz,ax,ay,az], action index 0/1",robosuite controller relative command convention,819228625
square,c9e22005b58ba2524782e3068c8341554e419acf66f095e238e56df41d9a7aa3,940008,bc,20,-y,0.5,bc_perturbed,test,B,4,0,episode_horizon,0,316,square-seed940008-bc-b20,square-seed940008-bc-b20-m0.5,0.5,,,,,,,,,"robot0 OSC_POSE input [dx,dy,dz,ax,ay,az], action index 0/1",robosuite controller relative command convention,323605879
square,18031b2ed2ee422f6e85bd8c113e199d46e0b29f3f2b2d6b4828e67449e0cf25,940008,bc,20,-y,0.5,ft_perturbed,test,A,1,0,episode_horizon,0,316,square-seed940008-bc-b20,square-seed940008-bc-b20-m0.5,0.5,,,,,,,,,"robot0 OSC_POSE input [dx,dy,dz,ax,ay,az], action index 0/1",robosuite controller relative command convention,93239803
square,18031b2ed2ee422f6e85bd8c113e199d46e0b29f3f2b2d6b4828e67449e0cf25,940008,bc,20,-y,0.5,ft_perturbed,test,A,2,1,native_success,272,44,square-seed940008-bc-b20,square-seed940008-bc-b20-m0.5,0.5,,,,,,,,,"robot0 OSC_POSE input [dx,dy,dz,ax,ay,az], action index 0/1",robosuite controller relative command convention,1756763571
square,18031b2ed2ee422f6e85bd8c113e199d46e0b29f3f2b2d6b4828e67449e0cf25,940008,bc,20,-y,0.5,ft_perturbed,test,B,3,0,episode_horizon,0,316,square-seed940008-bc-b20,square-seed940008-bc-b20-m0.5,0.5,,,,,,,,,"robot0 OSC_POSE input [dx,dy,dz,ax,ay,az], action index 0/1",robosuite controller relative command convention,296597205
square,18031b2ed2ee422f6e85bd8c113e199d46e0b29f3f2b2d6b4828e67449e0cf25,940008,bc,20,-y,0.5,ft_perturbed,test,B,4,0,episode_horizon,0,316,square-seed940008-bc-b20,square-seed940008-bc-b20-m0.5,0.5,,,,,,,,,"robot0 OSC_POSE input [dx,dy,dz,ax,ay,az], action index 0/1",robosuite controller relative command convention,648278363
square,c9e22005b58ba2524782e3068c8341554e419acf66f095e238e56df41d9a7aa3,940009,bc,40,+x,0.0,bc_sham,test,A,1,0,episode_horizon,0,236,square-seed940009-bc-b40,square-seed940009-bc-b40-m0,0.0,,,,,,,,,"robot0 OSC_POSE input [dx,dy,dz,ax,ay,az], action index 0/1",robosuite controller relative command convention,668990380
square,c9e22005b58ba2524782e3068c8341554e419acf66f095e238e56df41d9a7aa3,940009,bc,40,+x,0.0,bc_sham,test,A,2,0,episode_horizon,0,236,square-seed940009-bc-b40,square-seed940009-bc-b40-m0,0.0,,,,,,,,,"robot0 OSC_POSE input [dx,dy,dz,ax,ay,az], action index 0/1",robosuite controller relative command convention,377554210
square,c9e22005b58ba2524782e3068c8341554e419acf66f095e238e56df41d9a7aa3,940009,bc,40,+x,0.0,bc_sham,test,B,3,0,episode_horizon,0,236,square-seed940009-bc-b40,square-seed940009-bc-b40-m0,0.0,,,,,,,,,"robot0 OSC_POSE input [dx,dy,dz,ax,ay,az], action index 0/1",robosuite controller relative command convention,822762139
square,c9e22005b58ba2524782e3068c8341554e419acf66f095e238e56df41d9a7aa3,940009,bc,40,+x,0.0,bc_sham,test,B,4,0,episode_horizon,0,236,square-seed940009-bc-b40,square-seed940009-bc-b40-m0,0.0,,,,,,,,,"robot0 OSC_POSE input [dx,dy,dz,ax,ay,az], action index 0/1",robosuite controller relative command convention,1789881592
square,18031b2ed2ee422f6e85bd8c113e199d46e0b29f3f2b2d6b4828e67449e0cf25,940009,bc,40,+x,0.0,ft_sham,test,A,1,0,episode_horizon,0,236,square-seed940009-bc-b40,square-seed940009-bc-b40-m0,0.0,,,,,,,,,"robot0 OSC_POSE input [dx,dy,dz,ax,ay,az], action index 0/1",robosuite controller relative command convention,1555744206
square,18031b2ed2ee422f6e85bd8c113e199d46e0b29f3f2b2d6b4828e67449e0cf25,940009,bc,40,+x,0.0,ft_sham,test,A,2,1,native_success,56,180,square-seed940009-bc-b40,square-seed940009-bc-b40-m0,0.0,,,,,,,,,"robot0 OSC_POSE input [dx,dy,dz,ax,ay,az], action index 0/1",robosuite controller relative command convention,210028959
square,18031b2ed2ee422f6e85bd8c113e199d46e0b29f3f2b2d6b4828e67449e0cf25,940009,bc,40,+x,0.0,ft_sham,test,B,3,0,episode_horizon,0,236,square-seed940009-bc-b40,square-seed940009-bc-b40-m0,0.0,,,,,,,,,"robot0 OSC_POSE input [dx,dy,dz,ax,ay,az], action index 0/1",robosuite controller relative command convention,1409963331
square,18031b2ed2ee422f6e85bd8c113e199d46e0b29f3f2b2d6b4828e67449e0cf25,940009,bc,40,+x,0.0,ft_sham,test,B,4,1,native_success,32,204,square-seed940009-bc-b40,square-seed940009-bc-b40-m0,0.0,,,,,,,,,"robot0 OSC_POSE input [dx,dy,dz,ax,ay,az], action index 0/1",robosuite controller relative command convention,396952053
square,c9e22005b58ba2524782e3068c8341554e419acf66f095e238e56df41d9a7aa3,940009,bc,40,+x,0.125,bc_perturbed,test,A,1,0,episode_horizon,0,236,square-seed940009-bc-b40,square-seed940009-bc-b40-m0.125,0.125,,,,,,,,,"robot0 OSC_POSE input [dx,dy,dz,ax,ay,az], action index 0/1",robosuite controller relative command convention,2064527233
square,c9e22005b58ba2524782e3068c8341554e419acf66f095e238e56df41d9a7aa3,940009,bc,40,+x,0.125,bc_perturbed,test,A,2,0,episode_horizon,0,236,square-seed940009-bc-b40,square-seed940009-bc-b40-m0.125,0.125,,,,,,,,,"robot0 OSC_POSE input [dx,dy,dz,ax,ay,az], action index 0/1",robosuite controller relative command convention,403510128
square,c9e22005b58ba2524782e3068c8341554e419acf66f095e238e56df41d9a7aa3,940009,bc,40,+x,0.125,bc_perturbed,test,B,3,0,episode_horizon,0,236,square-seed940009-bc-b40,square-seed940009-bc-b40-m0.125,0.125,,,,,,,,,"robot0 OSC_POSE input [dx,dy,dz,ax,ay,az], action index 0/1",robosuite controller relative command convention,565346243
square,c9e22005b58ba2524782e3068c8341554e419acf66f095e238e56df41d9a7aa3,940009,bc,40,+x,0.125,bc_perturbed,test,B,4,0,episode_horizon,0,236,square-seed940009-bc-b40,square-seed940009-bc-b40-m0.125,0.125,,,,,,,,,"robot0 OSC_POSE input [dx,dy,dz,ax,ay,az], action index 0/1",robosuite controller relative command convention,1543859207
square,18031b2ed2ee422f6e85bd8c113e199d46e0b29f3f2b2d6b4828e67449e0cf25,940009,bc,40,+x,0.125,ft_perturbed,test,A,1,0,episode_horizon,0,236,square-seed940009-bc-b40,square-seed940009-bc-b40-m0.125,0.125,,,,,,,,,"robot0 OSC_POSE input [dx,dy,dz,ax,ay,az], action index 0/1",robosuite controller relative command convention,1669136265
square,18031b2ed2ee422f6e85bd8c113e199d46e0b29f3f2b2d6b4828e67449e0cf25,940009,bc,40,+x,0.125,ft_perturbed,test,A,2,0,episode_horizon,0,236,square-seed940009-bc-b40,square-seed940009-bc-b40-m0.125,0.125,,,,,,,,,"robot0 OSC_POSE input [dx,dy,dz,ax,ay,az], action index 0/1",robosuite controller relative command convention,907072087
square,18031b2ed2ee422f6e85bd8c113e199d46e0b29f3f2b2d6b4828e67449e0cf25,940009,bc,40,+x,0.125,ft_perturbed,test,B,3,0,episode_horizon,0,236,square-seed940009-bc-b40,square-seed940009-bc-b40-m0.125,0.125,,,,,,,,,"robot0 OSC_POSE input [dx,dy,dz,ax,ay,az], action index 0/1",robosuite controller relative command convention,636224591
square,18031b2ed2ee422f6e85bd8c113e199d46e0b29f3f2b2d6b4828e67449e0cf25,940009,bc,40,+x,0.125,ft_perturbed,test,B,4,0,episode_horizon,0,236,square-seed940009-bc-b40,square-seed940009-bc-b40-m0.125,0.125,,,,,,,,,"robot0 OSC_POSE input [dx,dy,dz,ax,ay,az], action index 0/1",robosuite controller relative command convention,982950334
square,c9e22005b58ba2524782e3068c8341554e419acf66f095e238e56df41d9a7aa3,940009,bc,40,+x,0.25,bc_perturbed,test,A,1,0,episode_horizon,0,236,square-seed940009-bc-b40,square-seed940009-bc-b40-m0.25,0.25,,,,,,,,,"robot0 OSC_POSE input [dx,dy,dz,ax,ay,az], action index 0/1",robosuite controller relative command convention,665086680
square,c9e22005b58ba2524782e3068c8341554e419acf66f095e238e56df41d9a7aa3,940009,bc,40,+x,0.25,bc_perturbed,test,A,2,0,episode_horizon,0,236,square-seed940009-bc-b40,square-seed940009-bc-b40-m0.25,0.25,,,,,,,,,"robot0 OSC_POSE input [dx,dy,dz,ax,ay,az], action index 0/1",robosuite controller relative command convention,241760115
square,c9e22005b58ba2524782e3068c8341554e419acf66f095e238e56df41d9a7aa3,940009,bc,40,+x,0.25,bc_perturbed,test,B,3,0,episode_horizon,0,236,square-seed940009-bc-b40,square-seed940009-bc-b40-m0.25,0.25,,,,,,,,,"robot0 OSC_POSE input [dx,dy,dz,ax,ay,az], action index 0/1",robosuite controller relative command convention,1843093355
square,c9e22005b58ba2524782e3068c8341554e419acf66f095e238e56df41d9a7aa3,940009,bc,40,+x,0.25,bc_perturbed,test,B,4,0,episode_horizon,0,236,square-seed940009-bc-b40,square-seed940009-bc-b40-m0.25,0.25,,,,,,,,,"robot0 OSC_POSE input [dx,dy,dz,ax,ay,az], action index 0/1",robosuite controller relative command convention,396305783
square,18031b2ed2ee422f6e85bd8c113e199d46e0b29f3f2b2d6b4828e67449e0cf25,940009,bc,40,+x,0.25,ft_perturbed,test,A,1,1,native_success,60,176,square-seed940009-bc-b40,square-seed940009-bc-b40-m0.25,0.25,,,,,,,,,"robot0 OSC_POSE input [dx,dy,dz,ax,ay,az], action index 0/1",robosuite controller relative command convention,496083177
square,18031b2ed2ee422f6e85bd8c113e199d46e0b29f3f2b2d6b4828e67449e0cf25,940009,bc,40,+x,0.25,ft_perturbed,test,A,2,0,episode_horizon,0,236,square-seed940009-bc-b40,square-seed940009-bc-b40-m0.25,0.25,,,,,,,,,"robot0 OSC_POSE input [dx,dy,dz,ax,ay,az], action index 0/1",robosuite controller relative command convention,843718496
square,18031b2ed2ee422f6e85bd8c113e199d46e0b29f3f2b2d6b4828e67449e0cf25,940009,bc,40,+x,0.25,ft_perturbed,test,B,3,1,native_success,108,128,square-seed940009-bc-b40,square-seed940009-bc-b40-m0.25,0.25,,,,,,,,,"robot0 OSC_POSE input [dx,dy,dz,ax,ay,az], action index 0/1",robosuite controller relative command convention,202389741
square,18031b2ed2ee422f6e85bd8c113e199d46e0b29f3f2b2d6b4828e67449e0cf25,940009,bc,40,+x,0.25,ft_perturbed,test,B,4,0,episode_horizon,0,236,square-seed940009-bc-b40,square-seed940009-bc-b40-m0.25,0.25,,,,,,,,,"robot0 OSC_POSE input [dx,dy,dz,ax,ay,az], action index 0/1",robosuite controller relative command convention,1162777218
square,c9e22005b58ba2524782e3068c8341554e419acf66f095e238e56df41d9a7aa3,940009,bc,40,+x,0.5,bc_perturbed,test,A,1,0,episode_horizon,0,236,square-seed940009-bc-b40,square-seed940009-bc-b40-m0.5,0.5,,,,,,,,,"robot0 OSC_POSE input [dx,dy,dz,ax,ay,az], action index 0/1",robosuite controller relative command convention,1798900255
square,c9e22005b58ba2524782e3068c8341554e419acf66f095e238e56df41d9a7aa3,940009,bc,40,+x,0.5,bc_perturbed,test,A,2,0,episode_horizon,0,236,square-seed940009-bc-b40,square-seed940009-bc-b40-m0.5,0.5,,,,,,,,,"robot0 OSC_POSE input [dx,dy,dz,ax,ay,az], action index 0/1",robosuite controller relative command convention,874636610
square,c9e22005b58ba2524782e3068c8341554e419acf66f095e238e56df41d9a7aa3,940009,bc,40,+x,0.5,bc_perturbed,test,B,3,0,episode_horizon,0,236,square-seed940009-bc-b40,square-seed940009-bc-b40-m0.5,0.5,,,,,,,,,"robot0 OSC_POSE input [dx,dy,dz,ax,ay,az], action index 0/1",robosuite controller relative command convention,1602687431
square,c9e22005b58ba2524782e3068c8341554e419acf66f095e238e56df41d9a7aa3,940009,bc,40,+x,0.5,bc_perturbed,test,B,4,0,episode_horizon,0,236,square-seed940009-bc-b40,square-seed940009-bc-b40-m0.5,0.5,,,,,,,,,"robot0 OSC_POSE input [dx,dy,dz,ax,ay,az], action index 0/1",robosuite controller relative command convention,11665315
square,18031b2ed2ee422f6e85bd8c113e199d46e0b29f3f2b2d6b4828e67449e0cf25,940009,bc,40,+x,0.5,ft_perturbed,test,A,1,0,episode_horizon,0,236,square-seed940009-bc-b40,square-seed940009-bc-b40-m0.5,0.5,,,,,,,,,"robot0 OSC_POSE input [dx,dy,dz,ax,ay,az], action index 0/1",robosuite controller relative command convention,40556341
square,18031b2ed2ee422f6e85bd8c113e199d46e0b29f3f2b2d6b4828e67449e0cf25,940009,bc,40,+x,0.5,ft_perturbed,test,A,2,1,native_success,24,212,square-seed940009-bc-b40,square-seed940009-bc-b40-m0.5,0.5,,,,,,,,,"robot0 OSC_POSE input [dx,dy,dz,ax,ay,az], action index 0/1",robosuite controller relative command convention,1818217390
square,18031b2ed2ee422f6e85bd8c113e199d46e0b29f3f2b2d6b4828e67449e0cf25,940009,bc,40,+x,0.5,ft_perturbed,test,B,3,0,episode_horizon,0,236,square-seed940009-bc-b40,square-seed940009-bc-b40-m0.5,0.5,,,,,,,,,"robot0 OSC_POSE input [dx,dy,dz,ax,ay,az], action index 0/1",robosuite controller relative command convention,1983443825
square,18031b2ed2ee422f6e85bd8c113e199d46e0b29f3f2b2d6b4828e67449e0cf25,940009,bc,40,+x,0.5,ft_perturbed,test,B,4,0,episode_horizon,0,236,square-seed940009-bc-b40,square-seed940009-bc-b40-m0.5,0.5,,,,,,,,,"robot0 OSC_POSE input [dx,dy,dz,ax,ay,az], action index 0/1",robosuite controller relative command convention,1494778202
square,c9e22005b58ba2524782e3068c8341554e419acf66f095e238e56df41d9a7aa3,940010,bc,10,-x,0.0,bc_sham,test,A,1,0,episode_horizon,0,356,square-seed940010-bc-b10,square-seed940010-bc-b10-m0,0.0,,,,,,,,,"robot0 OSC_POSE input [dx,dy,dz,ax,ay,az], action index 0/1",robosuite controller relative command convention,1607156773
square,c9e22005b58ba2524782e3068c8341554e419acf66f095e238e56df41d9a7aa3,940010,bc,10,-x,0.0,bc_sham,test,A,2,0,episode_horizon,0,356,square-seed940010-bc-b10,square-seed940010-bc-b10-m0,0.0,,,,,,,,,"robot0 OSC_POSE input [dx,dy,dz,ax,ay,az], action index 0/1",robosuite controller relative command convention,262644945
square,c9e22005b58ba2524782e3068c8341554e419acf66f095e238e56df41d9a7aa3,940010,bc,10,-x,0.0,bc_sham,test,B,3,0,episode_horizon,0,356,square-seed940010-bc-b10,square-seed940010-bc-b10-m0,0.0,,,,,,,,,"robot0 OSC_POSE input [dx,dy,dz,ax,ay,az], action index 0/1",robosuite controller relative command convention,1169180818
square,c9e22005b58ba2524782e3068c8341554e419acf66f095e238e56df41d9a7aa3,940010,bc,10,-x,0.0,bc_sham,test,B,4,0,episode_horizon,0,356,square-seed940010-bc-b10,square-seed940010-bc-b10-m0,0.0,,,,,,,,,"robot0 OSC_POSE input [dx,dy,dz,ax,ay,az], action index 0/1",robosuite controller relative command convention,1725006059
square,18031b2ed2ee422f6e85bd8c113e199d46e0b29f3f2b2d6b4828e67449e0cf25,940010,bc,10,-x,0.0,ft_sham,test,A,1,0,episode_horizon,0,356,square-seed940010-bc-b10,square-seed940010-bc-b10-m0,0.0,,,,,,,,,"robot0 OSC_POSE input [dx,dy,dz,ax,ay,az], action index 0/1",robosuite controller relative command convention,1401100
square,18031b2ed2ee422f6e85bd8c113e199d46e0b29f3f2b2d6b4828e67449e0cf25,940010,bc,10,-x,0.0,ft_sham,test,A,2,1,native_success,212,144,square-seed940010-bc-b10,square-seed940010-bc-b10-m0,0.0,,,,,,,,,"robot0 OSC_POSE input [dx,dy,dz,ax,ay,az], action index 0/1",robosuite controller relative command convention,1113922814
square,18031b2ed2ee422f6e85bd8c113e199d46e0b29f3f2b2d6b4828e67449e0cf25,940010,bc,10,-x,0.0,ft_sham,test,B,3,1,native_success,200,156,square-seed940010-bc-b10,square-seed940010-bc-b10-m0,0.0,,,,,,,,,"robot0 OSC_POSE input [dx,dy,dz,ax,ay,az], action index 0/1",robosuite controller relative command convention,1281190368
square,18031b2ed2ee422f6e85bd8c113e199d46e0b29f3f2b2d6b4828e67449e0cf25,940010,bc,10,-x,0.0,ft_sham,test,B,4,1,native_success,228,128,square-seed940010-bc-b10,square-seed940010-bc-b10-m0,0.0,,,,,,,,,"robot0 OSC_POSE input [dx,dy,dz,ax,ay,az], action index 0/1",robosuite controller relative command convention,1780219519
square,c9e22005b58ba2524782e3068c8341554e419acf66f095e238e56df41d9a7aa3,940010,bc,10,-x,0.125,bc_perturbed,test,A,1,0,episode_horizon,0,356,square-seed940010-bc-b10,square-seed940010-bc-b10-m0.125,0.125,,,,,,,,,"robot0 OSC_POSE input [dx,dy,dz,ax,ay,az], action index 0/1",robosuite controller relative command convention,667780435
square,c9e22005b58ba2524782e3068c8341554e419acf66f095e238e56df41d9a7aa3,940010,bc,10,-x,0.125,bc_perturbed,test,A,2,0,episode_horizon,0,356,square-seed940010-bc-b10,square-seed940010-bc-b10-m0.125,0.125,,,,,,,,,"robot0 OSC_POSE input [dx,dy,dz,ax,ay,az], action index 0/1",robosuite controller relative command convention,559628183
square,c9e22005b58ba2524782e3068c8341554e419acf66f095e238e56df41d9a7aa3,940010,bc,10,-x,0.125,bc_perturbed,test,B,3,0,episode_horizon,0,356,square-seed940010-bc-b10,square-seed940010-bc-b10-m0.125,0.125,,,,,,,,,"robot0 OSC_POSE input [dx,dy,dz,ax,ay,az], action index 0/1",robosuite controller relative command convention,783995846
square,c9e22005b58ba2524782e3068c8341554e419acf66f095e238e56df41d9a7aa3,940010,bc,10,-x,0.125,bc_perturbed,test,B,4,0,episode_horizon,0,356,square-seed940010-bc-b10,square-seed940010-bc-b10-m0.125,0.125,,,,,,,,,"robot0 OSC_POSE input [dx,dy,dz,ax,ay,az], action index 0/1",robosuite controller relative command convention,1524278744
square,18031b2ed2ee422f6e85bd8c113e199d46e0b29f3f2b2d6b4828e67449e0cf25,940010,bc,10,-x,0.125,ft_perturbed,test,A,1,0,episode_horizon,0,356,square-seed940010-bc-b10,square-seed940010-bc-b10-m0.125,0.125,,,,,,,,,"robot0 OSC_POSE input [dx,dy,dz,ax,ay,az], action index 0/1",robosuite controller relative command convention,1332874686
square,18031b2ed2ee422f6e85bd8c113e199d46e0b29f3f2b2d6b4828e67449e0cf25,940010,bc,10,-x,0.125,ft_perturbed,test,A,2,0,episode_horizon,0,356,square-seed940010-bc-b10,square-seed940010-bc-b10-m0.125,0.125,,,,,,,,,"robot0 OSC_POSE input [dx,dy,dz,ax,ay,az], action index 0/1",robosuite controller relative command convention,174407596
square,18031b2ed2ee422f6e85bd8c113e199d46e0b29f3f2b2d6b4828e67449e0cf25,940010,bc,10,-x,0.125,ft_perturbed,test,B,3,0,episode_horizon,0,356,square-seed940010-bc-b10,square-seed940010-bc-b10-m0.125,0.125,,,,,,,,,"robot0 OSC_POSE input [dx,dy,dz,ax,ay,az], action index 0/1",robosuite controller relative command convention,218781416
square,18031b2ed2ee422f6e85bd8c113e199d46e0b29f3f2b2d6b4828e67449e0cf25,940010,bc,10,-x,0.125,ft_perturbed,test,B,4,0,episode_horizon,0,356,square-seed940010-bc-b10,square-seed940010-bc-b10-m0.125,0.125,,,,,,,,,"robot0 OSC_POSE input [dx,dy,dz,ax,ay,az], action index 0/1",robosuite controller relative command convention,1393948721
square,c9e22005b58ba2524782e3068c8341554e419acf66f095e238e56df41d9a7aa3,940010,bc,10,-x,0.25,bc_perturbed,test,A,1,0,episode_horizon,0,356,square-seed940010-bc-b10,square-seed940010-bc-b10-m0.25,0.25,,,,,,,,,"robot0 OSC_POSE input [dx,dy,dz,ax,ay,az], action index 0/1",robosuite controller relative command convention,1323591458
square,c9e22005b58ba2524782e3068c8341554e419acf66f095e238e56df41d9a7aa3,940010,bc,10,-x,0.25,bc_perturbed,test,A,2,0,episode_horizon,0,356,square-seed940010-bc-b10,square-seed940010-bc-b10-m0.25,0.25,,,,,,,,,"robot0 OSC_POSE input [dx,dy,dz,ax,ay,az], action index 0/1",robosuite controller relative command convention,141815465
square,c9e22005b58ba2524782e3068c8341554e419acf66f095e238e56df41d9a7aa3,940010,bc,10,-x,0.25,bc_perturbed,test,B,3,0,episode_horizon,0,356,square-seed940010-bc-b10,square-seed940010-bc-b10-m0.25,0.25,,,,,,,,,"robot0 OSC_POSE input [dx,dy,dz,ax,ay,az], action index 0/1",robosuite controller relative command convention,1095324113
square,c9e22005b58ba2524782e3068c8341554e419acf66f095e238e56df41d9a7aa3,940010,bc,10,-x,0.25,bc_perturbed,test,B,4,0,episode_horizon,0,356,square-seed940010-bc-b10,square-seed940010-bc-b10-m0.25,0.25,,,,,,,,,"robot0 OSC_POSE input [dx,dy,dz,ax,ay,az], action index 0/1",robosuite controller relative command convention,1697786057
square,18031b2ed2ee422f6e85bd8c113e199d46e0b29f3f2b2d6b4828e67449e0cf25,940010,bc,10,-x,0.25,ft_perturbed,test,A,1,0,episode_horizon,0,356,square-seed940010-bc-b10,square-seed940010-bc-b10-m0.25,0.25,,,,,,,,,"robot0 OSC_POSE input [dx,dy,dz,ax,ay,az], action index 0/1",robosuite controller relative command convention,524978356
square,18031b2ed2ee422f6e85bd8c113e199d46e0b29f3f2b2d6b4828e67449e0cf25,940010,bc,10,-x,0.25,ft_perturbed,test,A,2,0,episode_horizon,0,356,square-seed940010-bc-b10,square-seed940010-bc-b10-m0.25,0.25,,,,,,,,,"robot0 OSC_POSE input [dx,dy,dz,ax,ay,az], action index 0/1",robosuite controller relative command convention,1662740351
square,18031b2ed2ee422f6e85bd8c113e199d46e0b29f3f2b2d6b4828e67449e0cf25,940010,bc,10,-x,0.25,ft_perturbed,test,B,3,0,episode_horizon,0,356,square-seed940010-bc-b10,square-seed940010-bc-b10-m0.25,0.25,,,,,,,,,"robot0 OSC_POSE input [dx,dy,dz,ax,ay,az], action index 0/1",robosuite controller relative command convention,875439454
square,18031b2ed2ee422f6e85bd8c113e199d46e0b29f3f2b2d6b4828e67449e0cf25,940010,bc,10,-x,0.25,ft_perturbed,test,B,4,1,native_success,224,132,square-seed940010-bc-b10,square-seed940010-bc-b10-m0.25,0.25,,,,,,,,,"robot0 OSC_POSE input [dx,dy,dz,ax,ay,az], action index 0/1",robosuite controller relative command convention,1421953389
square,c9e22005b58ba2524782e3068c8341554e419acf66f095e238e56df41d9a7aa3,940010,bc,10,-x,0.5,bc_perturbed,test,A,1,0,episode_horizon,0,356,square-seed940010-bc-b10,square-seed940010-bc-b10-m0.5,0.5,,,,,,,,,"robot0 OSC_POSE input [dx,dy,dz,ax,ay,az], action index 0/1",robosuite controller relative command convention,861483557
square,c9e22005b58ba2524782e3068c8341554e419acf66f095e238e56df41d9a7aa3,940010,bc,10,-x,0.5,bc_perturbed,test,A,2,0,episode_horizon,0,356,square-seed940010-bc-b10,square-seed940010-bc-b10-m0.5,0.5,,,,,,,,,"robot0 OSC_POSE input [dx,dy,dz,ax,ay,az], action index 0/1",robosuite controller relative command convention,805339417
square,c9e22005b58ba2524782e3068c8341554e419acf66f095e238e56df41d9a7aa3,940010,bc,10,-x,0.5,bc_perturbed,test,B,3,0,episode_horizon,0,356,square-seed940010-bc-b10,square-seed940010-bc-b10-m0.5,0.5,,,,,,,,,"robot0 OSC_POSE input [dx,dy,dz,ax,ay,az], action index 0/1",robosuite controller relative command convention,1293983325
square,c9e22005b58ba2524782e3068c8341554e419acf66f095e238e56df41d9a7aa3,940010,bc,10,-x,0.5,bc_perturbed,test,B,4,0,episode_horizon,0,356,square-seed940010-bc-b10,square-seed940010-bc-b10-m0.5,0.5,,,,,,,,,"robot0 OSC_POSE input [dx,dy,dz,ax,ay,az], action index 0/1",robosuite controller relative command convention,2095353512
square,18031b2ed2ee422f6e85bd8c113e199d46e0b29f3f2b2d6b4828e67449e0cf25,940010,bc,10,-x,0.5,ft_perturbed,test,A,1,0,episode_horizon,0,356,square-seed940010-bc-b10,square-seed940010-bc-b10-m0.5,0.5,,,,,,,,,"robot0 OSC_POSE input [dx,dy,dz,ax,ay,az], action index 0/1",robosuite controller relative command convention,1286305838
square,18031b2ed2ee422f6e85bd8c113e199d46e0b29f3f2b2d6b4828e67449e0cf25,940010,bc,10,-x,0.5,ft_perturbed,test,A,2,0,episode_horizon,0,356,square-seed940010-bc-b10,square-seed940010-bc-b10-m0.5,0.5,,,,,,,,,"robot0 OSC_POSE input [dx,dy,dz,ax,ay,az], action index 0/1",robosuite controller relative command convention,930241325
square,18031b2ed2ee422f6e85bd8c113e199d46e0b29f3f2b2d6b4828e67449e0cf25,940010,bc,10,-x,0.5,ft_perturbed,test,B,3,0,episode_horizon,0,356,square-seed940010-bc-b10,square-seed940010-bc-b10-m0.5,0.5,,,,,,,,,"robot0 OSC_POSE input [dx,dy,dz,ax,ay,az], action index 0/1",robosuite controller relative command convention,1852827479
square,18031b2ed2ee422f6e85bd8c113e199d46e0b29f3f2b2d6b4828e67449e0cf25,940010,bc,10,-x,0.5,ft_perturbed,test,B,4,1,native_success,224,132,square-seed940010-bc-b10,square-seed940010-bc-b10-m0.5,0.5,,,,,,,,,"robot0 OSC_POSE input [dx,dy,dz,ax,ay,az], action index 0/1",robosuite controller relative command convention,980775869
square,c9e22005b58ba2524782e3068c8341554e419acf66f095e238e56df41d9a7aa3,940010,ft,10,-x,0.0,bc_sham,test,A,1,1,native_success,292,64,square-seed940010-ft-b10,square-seed940010-ft-b10-m0,0.0,,,,,,,,,"robot0 OSC_POSE input [dx,dy,dz,ax,ay,az], action index 0/1",robosuite controller relative command convention,1709813981
square,c9e22005b58ba2524782e3068c8341554e419acf66f095e238e56df41d9a7aa3,940010,ft,10,-x,0.0,bc_sham,test,A,2,1,native_success,296,60,square-seed940010-ft-b10,square-seed940010-ft-b10-m0,0.0,,,,,,,,,"robot0 OSC_POSE input [dx,dy,dz,ax,ay,az], action index 0/1",robosuite controller relative command convention,2095142729
square,c9e22005b58ba2524782e3068c8341554e419acf66f095e238e56df41d9a7aa3,940010,ft,10,-x,0.0,bc_sham,test,B,3,0,episode_horizon,0,356,square-seed940010-ft-b10,square-seed940010-ft-b10-m0,0.0,,,,,,,,,"robot0 OSC_POSE input [dx,dy,dz,ax,ay,az], action index 0/1",robosuite controller relative command convention,2126592660
square,c9e22005b58ba2524782e3068c8341554e419acf66f095e238e56df41d9a7aa3,940010,ft,10,-x,0.0,bc_sham,test,B,4,1,native_success,284,72,square-seed940010-ft-b10,square-seed940010-ft-b10-m0,0.0,,,,,,,,,"robot0 OSC_POSE input [dx,dy,dz,ax,ay,az], action index 0/1",robosuite controller relative command convention,431342266
square,18031b2ed2ee422f6e85bd8c113e199d46e0b29f3f2b2d6b4828e67449e0cf25,940010,ft,10,-x,0.0,ft_sham,test,A,1,1,native_success,292,64,square-seed940010-ft-b10,square-seed940010-ft-b10-m0,0.0,,,,,,,,,"robot0 OSC_POSE input [dx,dy,dz,ax,ay,az], action index 0/1",robosuite controller relative command convention,764995439
square,18031b2ed2ee422f6e85bd8c113e199d46e0b29f3f2b2d6b4828e67449e0cf25,940010,ft,10,-x,0.0,ft_sham,test,A,2,1,native_success,292,64,square-seed940010-ft-b10,square-seed940010-ft-b10-m0,0.0,,,,,,,,,"robot0 OSC_POSE input [dx,dy,dz,ax,ay,az], action index 0/1",robosuite controller relative command convention,1455096957
square,18031b2ed2ee422f6e85bd8c113e199d46e0b29f3f2b2d6b4828e67449e0cf25,940010,ft,10,-x,0.0,ft_sham,test,B,3,1,native_success,296,60,square-seed940010-ft-b10,square-seed940010-ft-b10-m0,0.0,,,,,,,,,"robot0 OSC_POSE input [dx,dy,dz,ax,ay,az], action index 0/1",robosuite controller relative command convention,936999725
square,18031b2ed2ee422f6e85bd8c113e199d46e0b29f3f2b2d6b4828e67449e0cf25,940010,ft,10,-x,0.0,ft_sham,test,B,4,1,native_success,296,60,square-seed940010-ft-b10,square-seed940010-ft-b10-m0,0.0,,,,,,,,,"robot0 OSC_POSE input [dx,dy,dz,ax,ay,az], action index 0/1",robosuite controller relative command convention,1666635736
square,c9e22005b58ba2524782e3068c8341554e419acf66f095e238e56df41d9a7aa3,940010,ft,10,-x,0.125,bc_perturbed,test,A,1,1,native_success,292,64,square-seed940010-ft-b10,square-seed940010-ft-b10-m0.125,0.125,,,,,,,,,"robot0 OSC_POSE input [dx,dy,dz,ax,ay,az], action index 0/1",robosuite controller relative command convention,1691760375
square,c9e22005b58ba2524782e3068c8341554e419acf66f095e238e56df41d9a7aa3,940010,ft,10,-x,0.125,bc_perturbed,test,A,2,0,episode_horizon,0,356,square-seed940010-ft-b10,square-seed940010-ft-b10-m0.125,0.125,,,,,,,,,"robot0 OSC_POSE input [dx,dy,dz,ax,ay,az], action index 0/1",robosuite controller relative command convention,1822209122
square,c9e22005b58ba2524782e3068c8341554e419acf66f095e238e56df41d9a7aa3,940010,ft,10,-x,0.125,bc_perturbed,test,B,3,1,native_success,244,112,square-seed940010-ft-b10,square-seed940010-ft-b10-m0.125,0.125,,,,,,,,,"robot0 OSC_POSE input [dx,dy,dz,ax,ay,az], action index 0/1",robosuite controller relative command convention,1881870329
square,c9e22005b58ba2524782e3068c8341554e419acf66f095e238e56df41d9a7aa3,940010,ft,10,-x,0.125,bc_perturbed,test,B,4,1,native_success,292,64,square-seed940010-ft-b10,square-seed940010-ft-b10-m0.125,0.125,,,,,,,,,"robot0 OSC_POSE input [dx,dy,dz,ax,ay,az], action index 0/1",robosuite controller relative command convention,1215148666
square,18031b2ed2ee422f6e85bd8c113e199d46e0b29f3f2b2d6b4828e67449e0cf25,940010,ft,10,-x,0.125,ft_perturbed,test,A,1,1,native_success,296,60,square-seed940010-ft-b10,square-seed940010-ft-b10-m0.125,0.125,,,,,,,,,"robot0 OSC_POSE input [dx,dy,dz,ax,ay,az], action index 0/1",robosuite controller relative command convention,525525048
square,18031b2ed2ee422f6e85bd8c113e199d46e0b29f3f2b2d6b4828e67449e0cf25,940010,ft,10,-x,0.125,ft_perturbed,test,A,2,1,native_success,296,60,square-seed940010-ft-b10,square-seed940010-ft-b10-m0.125,0.125,,,,,,,,,"robot0 OSC_POSE input [dx,dy,dz,ax,ay,az], action index 0/1",robosuite controller relative command convention,1461906580
square,18031b2ed2ee422f6e85bd8c113e199d46e0b29f3f2b2d6b4828e67449e0cf25,940010,ft,10,-x,0.125,ft_perturbed,test,B,3,1,native_success,292,64,square-seed940010-ft-b10,square-seed940010-ft-b10-m0.125,0.125,,,,,,,,,"robot0 OSC_POSE input [dx,dy,dz,ax,ay,az], action index 0/1",robosuite controller relative command convention,589540979
square,18031b2ed2ee422f6e85bd8c113e199d46e0b29f3f2b2d6b4828e67449e0cf25,940010,ft,10,-x,0.125,ft_perturbed,test,B,4,1,native_success,296,60,square-seed940010-ft-b10,square-seed940010-ft-b10-m0.125,0.125,,,,,,,,,"robot0 OSC_POSE input [dx,dy,dz,ax,ay,az], action index 0/1",robosuite controller relative command convention,1597372100
square,c9e22005b58ba2524782e3068c8341554e419acf66f095e238e56df41d9a7aa3,940010,ft,10,-x,0.25,bc_perturbed,test,A,1,1,native_success,276,80,square-seed940010-ft-b10,square-seed940010-ft-b10-m0.25,0.25,,,,,,,,,"robot0 OSC_POSE input [dx,dy,dz,ax,ay,az], action index 0/1",robosuite controller relative command convention,495025278
square,c9e22005b58ba2524782e3068c8341554e419acf66f095e238e56df41d9a7aa3,940010,ft,10,-x,0.25,bc_perturbed,test,A,2,0,episode_horizon,0,356,square-seed940010-ft-b10,square-seed940010-ft-b10-m0.25,0.25,,,,,,,,,"robot0 OSC_POSE input [dx,dy,dz,ax,ay,az], action index 0/1",robosuite controller relative command convention,1902878064
square,c9e22005b58ba2524782e3068c8341554e419acf66f095e238e56df41d9a7aa3,940010,ft,10,-x,0.25,bc_perturbed,test,B,3,1,native_success,296,60,square-seed940010-ft-b10,square-seed940010-ft-b10-m0.25,0.25,,,,,,,,,"robot0 OSC_POSE input [dx,dy,dz,ax,ay,az], action index 0/1",robosuite controller relative command convention,186598979
square,c9e22005b58ba2524782e3068c8341554e419acf66f095e238e56df41d9a7aa3,940010,ft,10,-x,0.25,bc_perturbed,test,B,4,1,native_success,288,68,square-seed940010-ft-b10,square-seed940010-ft-b10-m0.25,0.25,,,,,,,,,"robot0 OSC_POSE input [dx,dy,dz,ax,ay,az], action index 0/1",robosuite controller relative command convention,1461185128
square,18031b2ed2ee422f6e85bd8c113e199d46e0b29f3f2b2d6b4828e67449e0cf25,940010,ft,10,-x,0.25,ft_perturbed,test,A,1,1,native_success,292,64,square-seed940010-ft-b10,square-seed940010-ft-b10-m0.25,0.25,,,,,,,,,"robot0 OSC_POSE input [dx,dy,dz,ax,ay,az], action index 0/1",robosuite controller relative command convention,1108441950
square,18031b2ed2ee422f6e85bd8c113e199d46e0b29f3f2b2d6b4828e67449e0cf25,940010,ft,10,-x,0.25,ft_perturbed,test,A,2,1,native_success,296,60,square-seed940010-ft-b10,square-seed940010-ft-b10-m0.25,0.25,,,,,,,,,"robot0 OSC_POSE input [dx,dy,dz,ax,ay,az], action index 0/1",robosuite controller relative command convention,362079035
square,18031b2ed2ee422f6e85bd8c113e199d46e0b29f3f2b2d6b4828e67449e0cf25,940010,ft,10,-x,0.25,ft_perturbed,test,B,3,1,native_success,296,60,square-seed940010-ft-b10,square-seed940010-ft-b10-m0.25,0.25,,,,,,,,,"robot0 OSC_POSE input [dx,dy,dz,ax,ay,az], action index 0/1",robosuite controller relative command convention,407833581
square,18031b2ed2ee422f6e85bd8c113e199d46e0b29f3f2b2d6b4828e67449e0cf25,940010,ft,10,-x,0.25,ft_perturbed,test,B,4,1,native_success,296,60,square-seed940010-ft-b10,square-seed940010-ft-b10-m0.25,0.25,,,,,,,,,"robot0 OSC_POSE input [dx,dy,dz,ax,ay,az], action index 0/1",robosuite controller relative command convention,1100348221
square,c9e22005b58ba2524782e3068c8341554e419acf66f095e238e56df41d9a7aa3,940010,ft,10,-x,0.5,bc_perturbed,test,A,1,1,native_success,280,76,square-seed940010-ft-b10,square-seed940010-ft-b10-m0.5,0.5,,,,,,,,,"robot0 OSC_POSE input [dx,dy,dz,ax,ay,az], action index 0/1",robosuite controller relative command convention,1158344761
square,c9e22005b58ba2524782e3068c8341554e419acf66f095e238e56df41d9a7aa3,940010,ft,10,-x,0.5,bc_perturbed,test,A,2,1,native_success,292,64,square-seed940010-ft-b10,square-seed940010-ft-b10-m0.5,0.5,,,,,,,,,"robot0 OSC_POSE input [dx,dy,dz,ax,ay,az], action index 0/1",robosuite controller relative command convention,155467493
square,c9e22005b58ba2524782e3068c8341554e419acf66f095e238e56df41d9a7aa3,940010,ft,10,-x,0.5,bc_perturbed,test,B,3,1,native_success,292,64,square-seed940010-ft-b10,square-seed940010-ft-b10-m0.5,0.5,,,,,,,,,"robot0 OSC_POSE input [dx,dy,dz,ax,ay,az], action index 0/1",robosuite controller relative command convention,111194874
square,c9e22005b58ba2524782e3068c8341554e419acf66f095e238e56df41d9a7aa3,940010,ft,10,-x,0.5,bc_perturbed,test,B,4,1,native_success,280,76,square-seed940010-ft-b10,square-seed940010-ft-b10-m0.5,0.5,,,,,,,,,"robot0 OSC_POSE input [dx,dy,dz,ax,ay,az], action index 0/1",robosuite controller relative command convention,1912132090
square,18031b2ed2ee422f6e85bd8c113e199d46e0b29f3f2b2d6b4828e67449e0cf25,940010,ft,10,-x,0.5,ft_perturbed,test,A,1,1,native_success,288,68,square-seed940010-ft-b10,square-seed940010-ft-b10-m0.5,0.5,,,,,,,,,"robot0 OSC_POSE input [dx,dy,dz,ax,ay,az], action index 0/1",robosuite controller relative command convention,1983685146
square,18031b2ed2ee422f6e85bd8c113e199d46e0b29f3f2b2d6b4828e67449e0cf25,940010,ft,10,-x,0.5,ft_perturbed,test,A,2,1,native_success,292,64,square-seed940010-ft-b10,square-seed940010-ft-b10-m0.5,0.5,,,,,,,,,"robot0 OSC_POSE input [dx,dy,dz,ax,ay,az], action index 0/1",robosuite controller relative command convention,113436021
square,18031b2ed2ee422f6e85bd8c113e199d46e0b29f3f2b2d6b4828e67449e0cf25,940010,ft,10,-x,0.5,ft_perturbed,test,B,3,1,native_success,284,72,square-seed940010-ft-b10,square-seed940010-ft-b10-m0.5,0.5,,,,,,,,,"robot0 OSC_POSE input [dx,dy,dz,ax,ay,az], action index 0/1",robosuite controller relative command convention,1950044594
square,18031b2ed2ee422f6e85bd8c113e199d46e0b29f3f2b2d6b4828e67449e0cf25,940010,ft,10,-x,0.5,ft_perturbed,test,B,4,1,native_success,284,72,square-seed940010-ft-b10,square-seed940010-ft-b10-m0.5,0.5,,,,,,,,,"robot0 OSC_POSE input [dx,dy,dz,ax,ay,az], action index 0/1",robosuite controller relative command convention,175772645
square,c9e22005b58ba2524782e3068c8341554e419acf66f095e238e56df41d9a7aa3,940011,bc,20,+y,0.0,bc_sham,test,A,1,0,episode_horizon,0,316,square-seed940011-bc-b20,square-seed940011-bc-b20-m0,0.0,,,,,,,,,"robot0 OSC_POSE input [dx,dy,dz,ax,ay,az], action index 0/1",robosuite controller relative command convention,179784751
square,c9e22005b58ba2524782e3068c8341554e419acf66f095e238e56df41d9a7aa3,940011,bc,20,+y,0.0,bc_sham,test,A,2,1,native_success,104,212,square-seed940011-bc-b20,square-seed940011-bc-b20-m0,0.0,,,,,,,,,"robot0 OSC_POSE input [dx,dy,dz,ax,ay,az], action index 0/1",robosuite controller relative command convention,1908464663
square,c9e22005b58ba2524782e3068c8341554e419acf66f095e238e56df41d9a7aa3,940011,bc,20,+y,0.0,bc_sham,test,B,3,0,episode_horizon,0,316,square-seed940011-bc-b20,square-seed940011-bc-b20-m0,0.0,,,,,,,,,"robot0 OSC_POSE input [dx,dy,dz,ax,ay,az], action index 0/1",robosuite controller relative command convention,506234921
square,c9e22005b58ba2524782e3068c8341554e419acf66f095e238e56df41d9a7aa3,940011,bc,20,+y,0.0,bc_sham,test,B,4,0,episode_horizon,0,316,square-seed940011-bc-b20,square-seed940011-bc-b20-m0,0.0,,,,,,,,,"robot0 OSC_POSE input [dx,dy,dz,ax,ay,az], action index 0/1",robosuite controller relative command convention,1189326376
square,18031b2ed2ee422f6e85bd8c113e199d46e0b29f3f2b2d6b4828e67449e0cf25,940011,bc,20,+y,0.0,ft_sham,test,A,1,1,native_success,196,120,square-seed940011-bc-b20,square-seed940011-bc-b20-m0,0.0,,,,,,,,,"robot0 OSC_POSE input [dx,dy,dz,ax,ay,az], action index 0/1",robosuite controller relative command convention,1253137698
square,18031b2ed2ee422f6e85bd8c113e199d46e0b29f3f2b2d6b4828e67449e0cf25,940011,bc,20,+y,0.0,ft_sham,test,A,2,1,native_success,232,84,square-seed940011-bc-b20,square-seed940011-bc-b20-m0,0.0,,,,,,,,,"robot0 OSC_POSE input [dx,dy,dz,ax,ay,az], action index 0/1",robosuite controller relative command convention,1922938377
square,18031b2ed2ee422f6e85bd8c113e199d46e0b29f3f2b2d6b4828e67449e0cf25,940011,bc,20,+y,0.0,ft_sham,test,B,3,1,native_success,232,84,square-seed940011-bc-b20,square-seed940011-bc-b20-m0,0.0,,,,,,,,,"robot0 OSC_POSE input [dx,dy,dz,ax,ay,az], action index 0/1",robosuite controller relative command convention,497711888
square,18031b2ed2ee422f6e85bd8c113e199d46e0b29f3f2b2d6b4828e67449e0cf25,940011,bc,20,+y,0.0,ft_sham,test,B,4,1,native_success,224,92,square-seed940011-bc-b20,square-seed940011-bc-b20-m0,0.0,,,,,,,,,"robot0 OSC_POSE input [dx,dy,dz,ax,ay,az], action index 0/1",robosuite controller relative command convention,964380372
square,c9e22005b58ba2524782e3068c8341554e419acf66f095e238e56df41d9a7aa3,940011,bc,20,+y,0.125,bc_perturbed,test,A,1,0,episode_horizon,0,316,square-seed940011-bc-b20,square-seed940011-bc-b20-m0.125,0.125,,,,,,,,,"robot0 OSC_POSE input [dx,dy,dz,ax,ay,az], action index 0/1",robosuite controller relative command convention,1531038279
square,c9e22005b58ba2524782e3068c8341554e419acf66f095e238e56df41d9a7aa3,940011,bc,20,+y,0.125,bc_perturbed,test,A,2,1,native_success,260,56,square-seed940011-bc-b20,square-seed940011-bc-b20-m0.125,0.125,,,,,,,,,"robot0 OSC_POSE input [dx,dy,dz,ax,ay,az], action index 0/1",robosuite controller relative command convention,97674182
square,c9e22005b58ba2524782e3068c8341554e419acf66f095e238e56df41d9a7aa3,940011,bc,20,+y,0.125,bc_perturbed,test,B,3,1,native_success,260,56,square-seed940011-bc-b20,square-seed940011-bc-b20-m0.125,0.125,,,,,,,,,"robot0 OSC_POSE input [dx,dy,dz,ax,ay,az], action index 0/1",robosuite controller relative command convention,678846249
square,c9e22005b58ba2524782e3068c8341554e419acf66f095e238e56df41d9a7aa3,940011,bc,20,+y,0.125,bc_perturbed,test,B,4,0,episode_horizon,0,316,square-seed940011-bc-b20,square-seed940011-bc-b20-m0.125,0.125,,,,,,,,,"robot0 OSC_POSE input [dx,dy,dz,ax,ay,az], action index 0/1",robosuite controller relative command convention,893176034
square,18031b2ed2ee422f6e85bd8c113e199d46e0b29f3f2b2d6b4828e67449e0cf25,940011,bc,20,+y,0.125,ft_perturbed,test,A,1,1,native_success,268,48,square-seed940011-bc-b20,square-seed940011-bc-b20-m0.125,0.125,,,,,,,,,"robot0 OSC_POSE input [dx,dy,dz,ax,ay,az], action index 0/1",robosuite controller relative command convention,1906189103
square,18031b2ed2ee422f6e85bd8c113e199d46e0b29f3f2b2d6b4828e67449e0cf25,940011,bc,20,+y,0.125,ft_perturbed,test,A,2,0,episode_horizon,0,316,square-seed940011-bc-b20,square-seed940011-bc-b20-m0.125,0.125,,,,,,,,,"robot0 OSC_POSE input [dx,dy,dz,ax,ay,az], action index 0/1",robosuite controller relative command convention,1040643475
square,18031b2ed2ee422f6e85bd8c113e199d46e0b29f3f2b2d6b4828e67449e0cf25,940011,bc,20,+y,0.125,ft_perturbed,test,B,3,1,native_success,268,48,square-seed940011-bc-b20,square-seed940011-bc-b20-m0.125,0.125,,,,,,,,,"robot0 OSC_POSE input [dx,dy,dz,ax,ay,az], action index 0/1",robosuite controller relative command convention,1746301930
square,18031b2ed2ee422f6e85bd8c113e199d46e0b29f3f2b2d6b4828e67449e0cf25,940011,bc,20,+y,0.125,ft_perturbed,test,B,4,0,episode_horizon,0,316,square-seed940011-bc-b20,square-seed940011-bc-b20-m0.125,0.125,,,,,,,,,"robot0 OSC_POSE input [dx,dy,dz,ax,ay,az], action index 0/1",robosuite controller relative command convention,522647373
square,c9e22005b58ba2524782e3068c8341554e419acf66f095e238e56df41d9a7aa3,940011,bc,20,+y,0.25,bc_perturbed,test,A,1,1,native_success,212,104,square-seed940011-bc-b20,square-seed940011-bc-b20-m0.25,0.25,,,,,,,,,"robot0 OSC_POSE input [dx,dy,dz,ax,ay,az], action index 0/1",robosuite controller relative command convention,1603915523
square,c9e22005b58ba2524782e3068c8341554e419acf66f095e238e56df41d9a7aa3,940011,bc,20,+y,0.25,bc_perturbed,test,A,2,0,episode_horizon,0,316,square-seed940011-bc-b20,square-seed940011-bc-b20-m0.25,0.25,,,,,,,,,"robot0 OSC_POSE input [dx,dy,dz,ax,ay,az], action index 0/1",robosuite controller relative command convention,1020323699
square,c9e22005b58ba2524782e3068c8341554e419acf66f095e238e56df41d9a7aa3,940011,bc,20,+y,0.25,bc_perturbed,test,B,3,1,native_success,228,88,square-seed940011-bc-b20,square-seed940011-bc-b20-m0.25,0.25,,,,,,,,,"robot0 OSC_POSE input [dx,dy,dz,ax,ay,az], action index 0/1",robosuite controller relative command convention,844524115
square,c9e22005b58ba2524782e3068c8341554e419acf66f095e238e56df41d9a7aa3,940011,bc,20,+y,0.25,bc_perturbed,test,B,4,0,episode_horizon,0,316,square-seed940011-bc-b20,square-seed940011-bc-b20-m0.25,0.25,,,,,,,,,"robot0 OSC_POSE input [dx,dy,dz,ax,ay,az], action index 0/1",robosuite controller relative command convention,592569224
square,18031b2ed2ee422f6e85bd8c113e199d46e0b29f3f2b2d6b4828e67449e0cf25,940011,bc,20,+y,0.25,ft_perturbed,test,A,1,1,native_success,268,48,square-seed940011-bc-b20,square-seed940011-bc-b20-m0.25,0.25,,,,,,,,,"robot0 OSC_POSE input [dx,dy,dz,ax,ay,az], action index 0/1",robosuite controller relative command convention,297923601
square,18031b2ed2ee422f6e85bd8c113e199d46e0b29f3f2b2d6b4828e67449e0cf25,940011,bc,20,+y,0.25,ft_perturbed,test,A,2,0,episode_horizon,0,316,square-seed940011-bc-b20,square-seed940011-bc-b20-m0.25,0.25,,,,,,,,,"robot0 OSC_POSE input [dx,dy,dz,ax,ay,az], action index 0/1",robosuite controller relative command convention,764420821
square,18031b2ed2ee422f6e85bd8c113e199d46e0b29f3f2b2d6b4828e67449e0cf25,940011,bc,20,+y,0.25,ft_perturbed,test,B,3,1,native_success,268,48,square-seed940011-bc-b20,square-seed940011-bc-b20-m0.25,0.25,,,,,,,,,"robot0 OSC_POSE input [dx,dy,dz,ax,ay,az], action index 0/1",robosuite controller relative command convention,557315483
square,18031b2ed2ee422f6e85bd8c113e199d46e0b29f3f2b2d6b4828e67449e0cf25,940011,bc,20,+y,0.25,ft_perturbed,test,B,4,0,episode_horizon,0,316,square-seed940011-bc-b20,square-seed940011-bc-b20-m0.25,0.25,,,,,,,,,"robot0 OSC_POSE input [dx,dy,dz,ax,ay,az], action index 0/1",robosuite controller relative command convention,867397965
square,c9e22005b58ba2524782e3068c8341554e419acf66f095e238e56df41d9a7aa3,940011,bc,20,+y,0.5,bc_perturbed,test,A,1,0,episode_horizon,0,316,square-seed940011-bc-b20,square-seed940011-bc-b20-m0.5,0.5,,,,,,,,,"robot0 OSC_POSE input [dx,dy,dz,ax,ay,az], action index 0/1",robosuite controller relative command convention,1575461049
square,c9e22005b58ba2524782e3068c8341554e419acf66f095e238e56df41d9a7aa3,940011,bc,20,+y,0.5,bc_perturbed,test,A,2,1,native_success,260,56,square-seed940011-bc-b20,square-seed940011-bc-b20-m0.5,0.5,,,,,,,,,"robot0 OSC_POSE input [dx,dy,dz,ax,ay,az], action index 0/1",robosuite controller relative command convention,319654965
square,c9e22005b58ba2524782e3068c8341554e419acf66f095e238e56df41d9a7aa3,940011,bc,20,+y,0.5,bc_perturbed,test,B,3,0,episode_horizon,0,316,square-seed940011-bc-b20,square-seed940011-bc-b20-m0.5,0.5,,,,,,,,,"robot0 OSC_POSE input [dx,dy,dz,ax,ay,az], action index 0/1",robosuite controller relative command convention,949978533
square,c9e22005b58ba2524782e3068c8341554e419acf66f095e238e56df41d9a7aa3,940011,bc,20,+y,0.5,bc_perturbed,test,B,4,1,native_success,256,60,square-seed940011-bc-b20,square-seed940011-bc-b20-m0.5,0.5,,,,,,,,,"robot0 OSC_POSE input [dx,dy,dz,ax,ay,az], action index 0/1",robosuite controller relative command convention,1902763112
square,18031b2ed2ee422f6e85bd8c113e199d46e0b29f3f2b2d6b4828e67449e0cf25,940011,bc,20,+y,0.5,ft_perturbed,test,A,1,0,episode_horizon,0,316,square-seed940011-bc-b20,square-seed940011-bc-b20-m0.5,0.5,,,,,,,,,"robot0 OSC_POSE input [dx,dy,dz,ax,ay,az], action index 0/1",robosuite controller relative command convention,1357221500
square,18031b2ed2ee422f6e85bd8c113e199d46e0b29f3f2b2d6b4828e67449e0cf25,940011,bc,20,+y,0.5,ft_perturbed,test,A,2,1,native_success,268,48,square-seed940011-bc-b20,square-seed940011-bc-b20-m0.5,0.5,,,,,,,,,"robot0 OSC_POSE input [dx,dy,dz,ax,ay,az], action index 0/1",robosuite controller relative command convention,1397284400
square,18031b2ed2ee422f6e85bd8c113e199d46e0b29f3f2b2d6b4828e67449e0cf25,940011,bc,20,+y,0.5,ft_perturbed,test,B,3,0,episode_horizon,0,316,square-seed940011-bc-b20,square-seed940011-bc-b20-m0.5,0.5,,,,,,,,,"robot0 OSC_POSE input [dx,dy,dz,ax,ay,az], action index 0/1",robosuite controller relative command convention,1263001062
square,18031b2ed2ee422f6e85bd8c113e199d46e0b29f3f2b2d6b4828e67449e0cf25,940011,bc,20,+y,0.5,ft_perturbed,test,B,4,1,native_success,268,48,square-seed940011-bc-b20,square-seed940011-bc-b20-m0.5,0.5,,,,,,,,,"robot0 OSC_POSE input [dx,dy,dz,ax,ay,az], action index 0/1",robosuite controller relative command convention,505005513
square,c9e22005b58ba2524782e3068c8341554e419acf66f095e238e56df41d9a7aa3,940011,ft,20,+y,0.0,bc_sham,test,A,1,1,native_success,32,284,square-seed940011-ft-b20,square-seed940011-ft-b20-m0,0.0,,,,,,,,,"robot0 OSC_POSE input [dx,dy,dz,ax,ay,az], action index 0/1",robosuite controller relative command convention,1208723081
square,c9e22005b58ba2524782e3068c8341554e419acf66f095e238e56df41d9a7aa3,940011,ft,20,+y,0.0,bc_sham,test,A,2,0,episode_horizon,0,316,square-seed940011-ft-b20,square-seed940011-ft-b20-m0,0.0,,,,,,,,,"robot0 OSC_POSE input [dx,dy,dz,ax,ay,az], action index 0/1",robosuite controller relative command convention,861773329
square,c9e22005b58ba2524782e3068c8341554e419acf66f095e238e56df41d9a7aa3,940011,ft,20,+y,0.0,bc_sham,test,B,3,0,episode_horizon,0,316,square-seed940011-ft-b20,square-seed940011-ft-b20-m0,0.0,,,,,,,,,"robot0 OSC_POSE input [dx,dy,dz,ax,ay,az], action index 0/1",robosuite controller relative command convention,1271032563
square,c9e22005b58ba2524782e3068c8341554e419acf66f095e238e56df41d9a7aa3,940011,ft,20,+y,0.0,bc_sham,test,B,4,0,episode_horizon,0,316,square-seed940011-ft-b20,square-seed940011-ft-b20-m0,0.0,,,,,,,,,"robot0 OSC_POSE input [dx,dy,dz,ax,ay,az], action index 0/1",robosuite controller relative command convention,806168314
square,18031b2ed2ee422f6e85bd8c113e199d46e0b29f3f2b2d6b4828e67449e0cf25,940011,ft,20,+y,0.0,ft_sham,test,A,1,1,native_success,76,240,square-seed940011-ft-b20,square-seed940011-ft-b20-m0,0.0,,,,,,,,,"robot0 OSC_POSE input [dx,dy,dz,ax,ay,az], action index 0/1",robosuite controller relative command convention,680130218
square,18031b2ed2ee422f6e85bd8c113e199d46e0b29f3f2b2d6b4828e67449e0cf25,940011,ft,20,+y,0.0,ft_sham,test,A,2,0,episode_horizon,0,316,square-seed940011-ft-b20,square-seed940011-ft-b20-m0,0.0,,,,,,,,,"robot0 OSC_POSE input [dx,dy,dz,ax,ay,az], action index 0/1",robosuite controller relative command convention,1276065347
square,18031b2ed2ee422f6e85bd8c113e199d46e0b29f3f2b2d6b4828e67449e0cf25,940011,ft,20,+y,0.0,ft_sham,test,B,3,0,episode_horizon,0,316,square-seed940011-ft-b20,square-seed940011-ft-b20-m0,0.0,,,,,,,,,"robot0 OSC_POSE input [dx,dy,dz,ax,ay,az], action index 0/1",robosuite controller relative command convention,445419199
square,18031b2ed2ee422f6e85bd8c113e199d46e0b29f3f2b2d6b4828e67449e0cf25,940011,ft,20,+y,0.0,ft_sham,test,B,4,0,episode_horizon,0,316,square-seed940011-ft-b20,square-seed940011-ft-b20-m0,0.0,,,,,,,,,"robot0 OSC_POSE input [dx,dy,dz,ax,ay,az], action index 0/1",robosuite controller relative command convention,1183844501
square,c9e22005b58ba2524782e3068c8341554e419acf66f095e238e56df41d9a7aa3,940011,ft,20,+y,0.125,bc_perturbed,test,A,1,1,native_success,312,4,square-seed940011-ft-b20,square-seed940011-ft-b20-m0.125,0.125,,,,,,,,,"robot0 OSC_POSE input [dx,dy,dz,ax,ay,az], action index 0/1",robosuite controller relative command convention,1667735064
square,c9e22005b58ba2524782e3068c8341554e419acf66f095e238e56df41d9a7aa3,940011,ft,20,+y,0.125,bc_perturbed,test,A,2,1,native_success,288,28,square-seed940011-ft-b20,square-seed940011-ft-b20-m0.125,0.125,,,,,,,,,"robot0 OSC_POSE input [dx,dy,dz,ax,ay,az], action index 0/1",robosuite controller relative command convention,410041484
square,c9e22005b58ba2524782e3068c8341554e419acf66f095e238e56df41d9a7aa3,940011,ft,20,+y,0.125,bc_perturbed,test,B,3,1,native_success,312,4,square-seed940011-ft-b20,square-seed940011-ft-b20-m0.125,0.125,,,,,,,,,"robot0 OSC_POSE input [dx,dy,dz,ax,ay,az], action index 0/1",robosuite controller relative command convention,1781628976
square,c9e22005b58ba2524782e3068c8341554e419acf66f095e238e56df41d9a7aa3,940011,ft,20,+y,0.125,bc_perturbed,test,B,4,1,native_success,288,28,square-seed940011-ft-b20,square-seed940011-ft-b20-m0.125,0.125,,,,,,,,,"robot0 OSC_POSE input [dx,dy,dz,ax,ay,az], action index 0/1",robosuite controller relative command convention,1060039449
square,18031b2ed2ee422f6e85bd8c113e199d46e0b29f3f2b2d6b4828e67449e0cf25,940011,ft,20,+y,0.125,ft_perturbed,test,A,1,1,native_success,312,4,square-seed940011-ft-b20,square-seed940011-ft-b20-m0.125,0.125,,,,,,,,,"robot0 OSC_POSE input [dx,dy,dz,ax,ay,az], action index 0/1",robosuite controller relative command convention,1605405344
square,18031b2ed2ee422f6e85bd8c113e199d46e0b29f3f2b2d6b4828e67449e0cf25,940011,ft,20,+y,0.125,ft_perturbed,test,A,2,1,native_success,300,16,square-seed940011-ft-b20,square-seed940011-ft-b20-m0.125,0.125,,,,,,,,,"robot0 OSC_POSE input [dx,dy,dz,ax,ay,az], action index 0/1",robosuite controller relative command convention,375415999
square,18031b2ed2ee422f6e85bd8c113e199d46e0b29f3f2b2d6b4828e67449e0cf25,940011,ft,20,+y,0.125,ft_perturbed,test,B,3,1,native_success,312,4,square-seed940011-ft-b20,square-seed940011-ft-b20-m0.125,0.125,,,,,,,,,"robot0 OSC_POSE input [dx,dy,dz,ax,ay,az], action index 0/1",robosuite controller relative command convention,1802658498
square,18031b2ed2ee422f6e85bd8c113e199d46e0b29f3f2b2d6b4828e67449e0cf25,940011,ft,20,+y,0.125,ft_perturbed,test,B,4,1,native_success,300,16,square-seed940011-ft-b20,square-seed940011-ft-b20-m0.125,0.125,,,,,,,,,"robot0 OSC_POSE input [dx,dy,dz,ax,ay,az], action index 0/1",robosuite controller relative command convention,2134554558
square,c9e22005b58ba2524782e3068c8341554e419acf66f095e238e56df41d9a7aa3,940011,ft,20,+y,0.25,bc_perturbed,test,A,1,1,native_success,312,4,square-seed940011-ft-b20,square-seed940011-ft-b20-m0.25,0.25,,,,,,,,,"robot0 OSC_POSE input [dx,dy,dz,ax,ay,az], action index 0/1",robosuite controller relative command convention,806059330
square,c9e22005b58ba2524782e3068c8341554e419acf66f095e238e56df41d9a7aa3,940011,ft,20,+y,0.25,bc_perturbed,test,A,2,1,native_success,284,32,square-seed940011-ft-b20,square-seed940011-ft-b20-m0.25,0.25,,,,,,,,,"robot0 OSC_POSE input [dx,dy,dz,ax,ay,az], action index 0/1",robosuite controller relative command convention,1600306968
square,c9e22005b58ba2524782e3068c8341554e419acf66f095e238e56df41d9a7aa3,940011,ft,20,+y,0.25,bc_perturbed,test,B,3,1,native_success,312,4,square-seed940011-ft-b20,square-seed940011-ft-b20-m0.25,0.25,,,,,,,,,"robot0 OSC_POSE input [dx,dy,dz,ax,ay,az], action index 0/1",robosuite controller relative command convention,475896808
square,c9e22005b58ba2524782e3068c8341554e419acf66f095e238e56df41d9a7aa3,940011,ft,20,+y,0.25,bc_perturbed,test,B,4,1,native_success,280,36,square-seed940011-ft-b20,square-seed940011-ft-b20-m0.25,0.25,,,,,,,,,"robot0 OSC_POSE input [dx,dy,dz,ax,ay,az], action index 0/1",robosuite controller relative command convention,1276400874
square,18031b2ed2ee422f6e85bd8c113e199d46e0b29f3f2b2d6b4828e67449e0cf25,940011,ft,20,+y,0.25,ft_perturbed,test,A,1,1,native_success,312,4,square-seed940011-ft-b20,square-seed940011-ft-b20-m0.25,0.25,,,,,,,,,"robot0 OSC_POSE input [dx,dy,dz,ax,ay,az], action index 0/1",robosuite controller relative command convention,659982294
square,18031b2ed2ee422f6e85bd8c113e199d46e0b29f3f2b2d6b4828e67449e0cf25,940011,ft,20,+y,0.25,ft_perturbed,test,A,2,1,native_success,300,16,square-seed940011-ft-b20,square-seed940011-ft-b20-m0.25,0.25,,,,,,,,,"robot0 OSC_POSE input [dx,dy,dz,ax,ay,az], action index 0/1",robosuite controller relative command convention,1764325341
square,18031b2ed2ee422f6e85bd8c113e199d46e0b29f3f2b2d6b4828e67449e0cf25,940011,ft,20,+y,0.25,ft_perturbed,test,B,3,1,native_success,312,4,square-seed940011-ft-b20,square-seed940011-ft-b20-m0.25,0.25,,,,,,,,,"robot0 OSC_POSE input [dx,dy,dz,ax,ay,az], action index 0/1",robosuite controller relative command convention,494725005
square,18031b2ed2ee422f6e85bd8c113e199d46e0b29f3f2b2d6b4828e67449e0cf25,940011,ft,20,+y,0.25,ft_perturbed,test,B,4,1,native_success,296,20,square-seed940011-ft-b20,square-seed940011-ft-b20-m0.25,0.25,,,,,,,,,"robot0 OSC_POSE input [dx,dy,dz,ax,ay,az], action index 0/1",robosuite controller relative command convention,1207636716
square,c9e22005b58ba2524782e3068c8341554e419acf66f095e238e56df41d9a7aa3,940011,ft,20,+y,0.5,bc_perturbed,test,A,1,0,episode_horizon,0,316,square-seed940011-ft-b20,square-seed940011-ft-b20-m0.5,0.5,,,,,,,,,"robot0 OSC_POSE input [dx,dy,dz,ax,ay,az], action index 0/1",robosuite controller relative command convention,849469174
square,c9e22005b58ba2524782e3068c8341554e419acf66f095e238e56df41d9a7aa3,940011,ft,20,+y,0.5,bc_perturbed,test,A,2,0,episode_horizon,0,316,square-seed940011-ft-b20,square-seed940011-ft-b20-m0.5,0.5,,,,,,,,,"robot0 OSC_POSE input [dx,dy,dz,ax,ay,az], action index 0/1",robosuite controller relative command convention,33599650
square,c9e22005b58ba2524782e3068c8341554e419acf66f095e238e56df41d9a7aa3,940011,ft,20,+y,0.5,bc_perturbed,test,B,3,0,episode_horizon,0,316,square-seed940011-ft-b20,square-seed940011-ft-b20-m0.5,0.5,,,,,,,,,"robot0 OSC_POSE input [dx,dy,dz,ax,ay,az], action index 0/1",robosuite controller relative command convention,814153124
square,c9e22005b58ba2524782e3068c8341554e419acf66f095e238e56df41d9a7aa3,940011,ft,20,+y,0.5,bc_perturbed,test,B,4,0,episode_horizon,0,316,square-seed940011-ft-b20,square-seed940011-ft-b20-m0.5,0.5,,,,,,,,,"robot0 OSC_POSE input [dx,dy,dz,ax,ay,az], action index 0/1",robosuite controller relative command convention,1408225893
square,18031b2ed2ee422f6e85bd8c113e199d46e0b29f3f2b2d6b4828e67449e0cf25,940011,ft,20,+y,0.5,ft_perturbed,test,A,1,0,episode_horizon,0,316,square-seed940011-ft-b20,square-seed940011-ft-b20-m0.5,0.5,,,,,,,,,"robot0 OSC_POSE input [dx,dy,dz,ax,ay,az], action index 0/1",robosuite controller relative command convention,365088916
square,18031b2ed2ee422f6e85bd8c113e199d46e0b29f3f2b2d6b4828e67449e0cf25,940011,ft,20,+y,0.5,ft_perturbed,test,A,2,1,native_success,248,68,square-seed940011-ft-b20,square-seed940011-ft-b20-m0.5,0.5,,,,,,,,,"robot0 OSC_POSE input [dx,dy,dz,ax,ay,az], action index 0/1",robosuite controller relative command convention,1928196587
square,18031b2ed2ee422f6e85bd8c113e199d46e0b29f3f2b2d6b4828e67449e0cf25,940011,ft,20,+y,0.5,ft_perturbed,test,B,3,0,episode_horizon,0,316,square-seed940011-ft-b20,square-seed940011-ft-b20-m0.5,0.5,,,,,,,,,"robot0 OSC_POSE input [dx,dy,dz,ax,ay,az], action index 0/1",robosuite controller relative command convention,1948874520
square,18031b2ed2ee422f6e85bd8c113e199d46e0b29f3f2b2d6b4828e67449e0cf25,940011,ft,20,+y,0.5,ft_perturbed,test,B,4,1,native_success,264,52,square-seed940011-ft-b20,square-seed940011-ft-b20-m0.5,0.5,,,,,,,,,"robot0 OSC_POSE input [dx,dy,dz,ax,ay,az], action index 0/1",robosuite controller relative command convention,815613076
square,c9e22005b58ba2524782e3068c8341554e419acf66f095e238e56df41d9a7aa3,940012,bc,40,-y,0.0,bc_sham,test,A,1,0,episode_horizon,0,236,square-seed940012-bc-b40,square-seed940012-bc-b40-m0,0.0,,,,,,,,,"robot0 OSC_POSE input [dx,dy,dz,ax,ay,az], action index 0/1",robosuite controller relative command convention,1707607602
square,c9e22005b58ba2524782e3068c8341554e419acf66f095e238e56df41d9a7aa3,940012,bc,40,-y,0.0,bc_sham,test,A,2,0,episode_horizon,0,236,square-seed940012-bc-b40,square-seed940012-bc-b40-m0,0.0,,,,,,,,,"robot0 OSC_POSE input [dx,dy,dz,ax,ay,az], action index 0/1",robosuite controller relative command convention,1183376422
square,c9e22005b58ba2524782e3068c8341554e419acf66f095e238e56df41d9a7aa3,940012,bc,40,-y,0.0,bc_sham,test,B,3,0,episode_horizon,0,236,square-seed940012-bc-b40,square-seed940012-bc-b40-m0,0.0,,,,,,,,,"robot0 OSC_POSE input [dx,dy,dz,ax,ay,az], action index 0/1",robosuite controller relative command convention,1643157142
square,c9e22005b58ba2524782e3068c8341554e419acf66f095e238e56df41d9a7aa3,940012,bc,40,-y,0.0,bc_sham,test,B,4,0,episode_horizon,0,236,square-seed940012-bc-b40,square-seed940012-bc-b40-m0,0.0,,,,,,,,,"robot0 OSC_POSE input [dx,dy,dz,ax,ay,az], action index 0/1",robosuite controller relative command convention,1640980349
square,18031b2ed2ee422f6e85bd8c113e199d46e0b29f3f2b2d6b4828e67449e0cf25,940012,bc,40,-y,0.0,ft_sham,test,A,1,0,episode_horizon,0,236,square-seed940012-bc-b40,square-seed940012-bc-b40-m0,0.0,,,,,,,,,"robot0 OSC_POSE input [dx,dy,dz,ax,ay,az], action index 0/1",robosuite controller relative command convention,241378881
square,18031b2ed2ee422f6e85bd8c113e199d46e0b29f3f2b2d6b4828e67449e0cf25,940012,bc,40,-y,0.0,ft_sham,test,A,2,0,episode_horizon,0,236,square-seed940012-bc-b40,square-seed940012-bc-b40-m0,0.0,,,,,,,,,"robot0 OSC_POSE input [dx,dy,dz,ax,ay,az], action index 0/1",robosuite controller relative command convention,1675856948
square,18031b2ed2ee422f6e85bd8c113e199d46e0b29f3f2b2d6b4828e67449e0cf25,940012,bc,40,-y,0.0,ft_sham,test,B,3,0,episode_horizon,0,236,square-seed940012-bc-b40,square-seed940012-bc-b40-m0,0.0,,,,,,,,,"robot0 OSC_POSE input [dx,dy,dz,ax,ay,az], action index 0/1",robosuite controller relative command convention,685003772
square,18031b2ed2ee422f6e85bd8c113e199d46e0b29f3f2b2d6b4828e67449e0cf25,940012,bc,40,-y,0.0,ft_sham,test,B,4,0,episode_horizon,0,236,square-seed940012-bc-b40,square-seed940012-bc-b40-m0,0.0,,,,,,,,,"robot0 OSC_POSE input [dx,dy,dz,ax,ay,az], action index 0/1",robosuite controller relative command convention,2063793535
square,c9e22005b58ba2524782e3068c8341554e419acf66f095e238e56df41d9a7aa3,940012,bc,40,-y,0.125,bc_perturbed,test,A,1,0,episode_horizon,0,236,square-seed940012-bc-b40,square-seed940012-bc-b40-m0.125,0.125,,,,,,,,,"robot0 OSC_POSE input [dx,dy,dz,ax,ay,az], action index 0/1",robosuite controller relative command convention,78675307
square,c9e22005b58ba2524782e3068c8341554e419acf66f095e238e56df41d9a7aa3,940012,bc,40,-y,0.125,bc_perturbed,test,A,2,0,episode_horizon,0,236,square-seed940012-bc-b40,square-seed940012-bc-b40-m0.125,0.125,,,,,,,,,"robot0 OSC_POSE input [dx,dy,dz,ax,ay,az], action index 0/1",robosuite controller relative command convention,1566519056
square,c9e22005b58ba2524782e3068c8341554e419acf66f095e238e56df41d9a7aa3,940012,bc,40,-y,0.125,bc_perturbed,test,B,3,0,episode_horizon,0,236,square-seed940012-bc-b40,square-seed940012-bc-b40-m0.125,0.125,,,,,,,,,"robot0 OSC_POSE input [dx,dy,dz,ax,ay,az], action index 0/1",robosuite controller relative command convention,1591239806
square,c9e22005b58ba2524782e3068c8341554e419acf66f095e238e56df41d9a7aa3,940012,bc,40,-y,0.125,bc_perturbed,test,B,4,0,episode_horizon,0,236,square-seed940012-bc-b40,square-seed940012-bc-b40-m0.125,0.125,,,,,,,,,"robot0 OSC_POSE input [dx,dy,dz,ax,ay,az], action index 0/1",robosuite controller relative command convention,631398713
square,18031b2ed2ee422f6e85bd8c113e199d46e0b29f3f2b2d6b4828e67449e0cf25,940012,bc,40,-y,0.125,ft_perturbed,test,A,1,0,episode_horizon,0,236,square-seed940012-bc-b40,square-seed940012-bc-b40-m0.125,0.125,,,,,,,,,"robot0 OSC_POSE input [dx,dy,dz,ax,ay,az], action index 0/1",robosuite controller relative command convention,891520362
square,18031b2ed2ee422f6e85bd8c113e199d46e0b29f3f2b2d6b4828e67449e0cf25,940012,bc,40,-y,0.125,ft_perturbed,test,A,2,0,episode_horizon,0,236,square-seed940012-bc-b40,square-seed940012-bc-b40-m0.125,0.125,,,,,,,,,"robot0 OSC_POSE input [dx,dy,dz,ax,ay,az], action index 0/1",robosuite controller relative command convention,28364858
square,18031b2ed2ee422f6e85bd8c113e199d46e0b29f3f2b2d6b4828e67449e0cf25,940012,bc,40,-y,0.125,ft_perturbed,test,B,3,0,episode_horizon,0,236,square-seed940012-bc-b40,square-seed940012-bc-b40-m0.125,0.125,,,,,,,,,"robot0 OSC_POSE input [dx,dy,dz,ax,ay,az], action index 0/1",robosuite controller relative command convention,1324590519
square,18031b2ed2ee422f6e85bd8c113e199d46e0b29f3f2b2d6b4828e67449e0cf25,940012,bc,40,-y,0.125,ft_perturbed,test,B,4,0,episode_horizon,0,236,square-seed940012-bc-b40,square-seed940012-bc-b40-m0.125,0.125,,,,,,,,,"robot0 OSC_POSE input [dx,dy,dz,ax,ay,az], action index 0/1",robosuite controller relative command convention,287689946
square,c9e22005b58ba2524782e3068c8341554e419acf66f095e238e56df41d9a7aa3,940012,bc,40,-y,0.25,bc_perturbed,test,A,1,0,episode_horizon,0,236,square-seed940012-bc-b40,square-seed940012-bc-b40-m0.25,0.25,,,,,,,,,"robot0 OSC_POSE input [dx,dy,dz,ax,ay,az], action index 0/1",robosuite controller relative command convention,340665141
square,c9e22005b58ba2524782e3068c8341554e419acf66f095e238e56df41d9a7aa3,940012,bc,40,-y,0.25,bc_perturbed,test,A,2,0,episode_horizon,0,236,square-seed940012-bc-b40,square-seed940012-bc-b40-m0.25,0.25,,,,,,,,,"robot0 OSC_POSE input [dx,dy,dz,ax,ay,az], action index 0/1",robosuite controller relative command convention,1324120549
square,c9e22005b58ba2524782e3068c8341554e419acf66f095e238e56df41d9a7aa3,940012,bc,40,-y,0.25,bc_perturbed,test,B,3,0,episode_horizon,0,236,square-seed940012-bc-b40,square-seed940012-bc-b40-m0.25,0.25,,,,,,,,,"robot0 OSC_POSE input [dx,dy,dz,ax,ay,az], action index 0/1",robosuite controller relative command convention,1784424365
square,c9e22005b58ba2524782e3068c8341554e419acf66f095e238e56df41d9a7aa3,940012,bc,40,-y,0.25,bc_perturbed,test,B,4,0,episode_horizon,0,236,square-seed940012-bc-b40,square-seed940012-bc-b40-m0.25,0.25,,,,,,,,,"robot0 OSC_POSE input [dx,dy,dz,ax,ay,az], action index 0/1",robosuite controller relative command convention,1564809874
square,18031b2ed2ee422f6e85bd8c113e199d46e0b29f3f2b2d6b4828e67449e0cf25,940012,bc,40,-y,0.25,ft_perturbed,test,A,1,0,episode_horizon,0,236,square-seed940012-bc-b40,square-seed940012-bc-b40-m0.25,0.25,,,,,,,,,"robot0 OSC_POSE input [dx,dy,dz,ax,ay,az], action index 0/1",robosuite controller relative command convention,694782519
square,18031b2ed2ee422f6e85bd8c113e199d46e0b29f3f2b2d6b4828e67449e0cf25,940012,bc,40,-y,0.25,ft_perturbed,test,A,2,0,episode_horizon,0,236,square-seed940012-bc-b40,square-seed940012-bc-b40-m0.25,0.25,,,,,,,,,"robot0 OSC_POSE input [dx,dy,dz,ax,ay,az], action index 0/1",robosuite controller relative command convention,2134151748
square,18031b2ed2ee422f6e85bd8c113e199d46e0b29f3f2b2d6b4828e67449e0cf25,940012,bc,40,-y,0.25,ft_perturbed,test,B,3,0,episode_horizon,0,236,square-seed940012-bc-b40,square-seed940012-bc-b40-m0.25,0.25,,,,,,,,,"robot0 OSC_POSE input [dx,dy,dz,ax,ay,az], action index 0/1",robosuite controller relative command convention,1748276501
square,18031b2ed2ee422f6e85bd8c113e199d46e0b29f3f2b2d6b4828e67449e0cf25,940012,bc,40,-y,0.25,ft_perturbed,test,B,4,0,episode_horizon,0,236,square-seed940012-bc-b40,square-seed940012-bc-b40-m0.25,0.25,,,,,,,,,"robot0 OSC_POSE input [dx,dy,dz,ax,ay,az], action index 0/1",robosuite controller relative command convention,707899949
square,c9e22005b58ba2524782e3068c8341554e419acf66f095e238e56df41d9a7aa3,940012,bc,40,-y,0.5,bc_perturbed,test,A,1,0,episode_horizon,0,236,square-seed940012-bc-b40,square-seed940012-bc-b40-m0.5,0.5,,,,,,,,,"robot0 OSC_POSE input [dx,dy,dz,ax,ay,az], action index 0/1",robosuite controller relative command convention,91723680
square,c9e22005b58ba2524782e3068c8341554e419acf66f095e238e56df41d9a7aa3,940012,bc,40,-y,0.5,bc_perturbed,test,A,2,0,episode_horizon,0,236,square-seed940012-bc-b40,square-seed940012-bc-b40-m0.5,0.5,,,,,,,,,"robot0 OSC_POSE input [dx,dy,dz,ax,ay,az], action index 0/1",robosuite controller relative command convention,1433591612
square,c9e22005b58ba2524782e3068c8341554e419acf66f095e238e56df41d9a7aa3,940012,bc,40,-y,0.5,bc_perturbed,test,B,3,0,episode_horizon,0,236,square-seed940012-bc-b40,square-seed940012-bc-b40-m0.5,0.5,,,,,,,,,"robot0 OSC_POSE input [dx,dy,dz,ax,ay,az], action index 0/1",robosuite controller relative command convention,1885031654
square,c9e22005b58ba2524782e3068c8341554e419acf66f095e238e56df41d9a7aa3,940012,bc,40,-y,0.5,bc_perturbed,test,B,4,0,episode_horizon,0,236,square-seed940012-bc-b40,square-seed940012-bc-b40-m0.5,0.5,,,,,,,,,"robot0 OSC_POSE input [dx,dy,dz,ax,ay,az], action index 0/1",robosuite controller relative command convention,1069214660
square,18031b2ed2ee422f6e85bd8c113e199d46e0b29f3f2b2d6b4828e67449e0cf25,940012,bc,40,-y,0.5,ft_perturbed,test,A,1,0,episode_horizon,0,236,square-seed940012-bc-b40,square-seed940012-bc-b40-m0.5,0.5,,,,,,,,,"robot0 OSC_POSE input [dx,dy,dz,ax,ay,az], action index 0/1",robosuite controller relative command convention,279559466
square,18031b2ed2ee422f6e85bd8c113e199d46e0b29f3f2b2d6b4828e67449e0cf25,940012,bc,40,-y,0.5,ft_perturbed,test,A,2,0,episode_horizon,0,236,square-seed940012-bc-b40,square-seed940012-bc-b40-m0.5,0.5,,,,,,,,,"robot0 OSC_POSE input [dx,dy,dz,ax,ay,az], action index 0/1",robosuite controller relative command convention,786359802
square,18031b2ed2ee422f6e85bd8c113e199d46e0b29f3f2b2d6b4828e67449e0cf25,940012,bc,40,-y,0.5,ft_perturbed,test,B,3,0,episode_horizon,0,236,square-seed940012-bc-b40,square-seed940012-bc-b40-m0.5,0.5,,,,,,,,,"robot0 OSC_POSE input [dx,dy,dz,ax,ay,az], action index 0/1",robosuite controller relative command convention,1362939702
square,18031b2ed2ee422f6e85bd8c113e199d46e0b29f3f2b2d6b4828e67449e0cf25,940012,bc,40,-y,0.5,ft_perturbed,test,B,4,0,episode_horizon,0,236,square-seed940012-bc-b40,square-seed940012-bc-b40-m0.5,0.5,,,,,,,,,"robot0 OSC_POSE input [dx,dy,dz,ax,ay,az], action index 0/1",robosuite controller relative command convention,630280181
square,c9e22005b58ba2524782e3068c8341554e419acf66f095e238e56df41d9a7aa3,940013,bc,10,+x,0.0,bc_sham,test,A,1,0,episode_horizon,0,356,square-seed940013-bc-b10,square-seed940013-bc-b10-m0,0.0,,,,,,,,,"robot0 OSC_POSE input [dx,dy,dz,ax,ay,az], action index 0/1",robosuite controller relative command convention,2127737104
square,c9e22005b58ba2524782e3068c8341554e419acf66f095e238e56df41d9a7aa3,940013,bc,10,+x,0.0,bc_sham,test,A,2,0,episode_horizon,0,356,square-seed940013-bc-b10,square-seed940013-bc-b10-m0,0.0,,,,,,,,,"robot0 OSC_POSE input [dx,dy,dz,ax,ay,az], action index 0/1",robosuite controller relative command convention,1639972936
square,c9e22005b58ba2524782e3068c8341554e419acf66f095e238e56df41d9a7aa3,940013,bc,10,+x,0.0,bc_sham,test,B,3,1,native_success,124,232,square-seed940013-bc-b10,square-seed940013-bc-b10-m0,0.0,,,,,,,,,"robot0 OSC_POSE input [dx,dy,dz,ax,ay,az], action index 0/1",robosuite controller relative command convention,547358128
square,c9e22005b58ba2524782e3068c8341554e419acf66f095e238e56df41d9a7aa3,940013,bc,10,+x,0.0,bc_sham,test,B,4,1,native_success,8,348,square-seed940013-bc-b10,square-seed940013-bc-b10-m0,0.0,,,,,,,,,"robot0 OSC_POSE input [dx,dy,dz,ax,ay,az], action index 0/1",robosuite controller relative command convention,1832275407
square,18031b2ed2ee422f6e85bd8c113e199d46e0b29f3f2b2d6b4828e67449e0cf25,940013,bc,10,+x,0.0,ft_sham,test,A,1,1,native_success,276,80,square-seed940013-bc-b10,square-seed940013-bc-b10-m0,0.0,,,,,,,,,"robot0 OSC_POSE input [dx,dy,dz,ax,ay,az], action index 0/1",robosuite controller relative command convention,2077441552
square,18031b2ed2ee422f6e85bd8c113e199d46e0b29f3f2b2d6b4828e67449e0cf25,940013,bc,10,+x,0.0,ft_sham,test,A,2,1,native_success,272,84,square-seed940013-bc-b10,square-seed940013-bc-b10-m0,0.0,,,,,,,,,"robot0 OSC_POSE input [dx,dy,dz,ax,ay,az], action index 0/1",robosuite controller relative command convention,371705838
square,18031b2ed2ee422f6e85bd8c113e199d46e0b29f3f2b2d6b4828e67449e0cf25,940013,bc,10,+x,0.0,ft_sham,test,B,3,1,native_success,280,76,square-seed940013-bc-b10,square-seed940013-bc-b10-m0,0.0,,,,,,,,,"robot0 OSC_POSE input [dx,dy,dz,ax,ay,az], action index 0/1",robosuite controller relative command convention,1111822423
square,18031b2ed2ee422f6e85bd8c113e199d46e0b29f3f2b2d6b4828e67449e0cf25,940013,bc,10,+x,0.0,ft_sham,test,B,4,1,native_success,276,80,square-seed940013-bc-b10,square-seed940013-bc-b10-m0,0.0,,,,,,,,,"robot0 OSC_POSE input [dx,dy,dz,ax,ay,az], action index 0/1",robosuite controller relative command convention,1324776072
square,c9e22005b58ba2524782e3068c8341554e419acf66f095e238e56df41d9a7aa3,940013,bc,10,+x,0.125,bc_perturbed,test,A,1,0,episode_horizon,0,356,square-seed940013-bc-b10,square-seed940013-bc-b10-m0.125,0.125,,,,,,,,,"robot0 OSC_POSE input [dx,dy,dz,ax,ay,az], action index 0/1",robosuite controller relative command convention,1133058433
square,c9e22005b58ba2524782e3068c8341554e419acf66f095e238e56df41d9a7aa3,940013,bc,10,+x,0.125,bc_perturbed,test,A,2,1,native_success,92,264,square-seed940013-bc-b10,square-seed940013-bc-b10-m0.125,0.125,,,,,,,,,"robot0 OSC_POSE input [dx,dy,dz,ax,ay,az], action index 0/1",robosuite controller relative command convention,1355065337
square,c9e22005b58ba2524782e3068c8341554e419acf66f095e238e56df41d9a7aa3,940013,bc,10,+x,0.125,bc_perturbed,test,B,3,0,episode_horizon,0,356,square-seed940013-bc-b10,square-seed940013-bc-b10-m0.125,0.125,,,,,,,,,"robot0 OSC_POSE input [dx,dy,dz,ax,ay,az], action index 0/1",robosuite controller relative command convention,1348783364
square,c9e22005b58ba2524782e3068c8341554e419acf66f095e238e56df41d9a7aa3,940013,bc,10,+x,0.125,bc_perturbed,test,B,4,0,episode_horizon,0,356,square-seed940013-bc-b10,square-seed940013-bc-b10-m0.125,0.125,,,,,,,,,"robot0 OSC_POSE input [dx,dy,dz,ax,ay,az], action index 0/1",robosuite controller relative command convention,1327042089
square,18031b2ed2ee422f6e85bd8c113e199d46e0b29f3f2b2d6b4828e67449e0cf25,940013,bc,10,+x,0.125,ft_perturbed,test,A,1,1,native_success,272,84,square-seed940013-bc-b10,square-seed940013-bc-b10-m0.125,0.125,,,,,,,,,"robot0 OSC_POSE input [dx,dy,dz,ax,ay,az], action index 0/1",robosuite controller relative command convention,1613507219
square,18031b2ed2ee422f6e85bd8c113e199d46e0b29f3f2b2d6b4828e67449e0cf25,940013,bc,10,+x,0.125,ft_perturbed,test,A,2,1,native_success,280,76,square-seed940013-bc-b10,square-seed940013-bc-b10-m0.125,0.125,,,,,,,,,"robot0 OSC_POSE input [dx,dy,dz,ax,ay,az], action index 0/1",robosuite controller relative command convention,1679143645
square,18031b2ed2ee422f6e85bd8c113e199d46e0b29f3f2b2d6b4828e67449e0cf25,940013,bc,10,+x,0.125,ft_perturbed,test,B,3,1,native_success,280,76,square-seed940013-bc-b10,square-seed940013-bc-b10-m0.125,0.125,,,,,,,,,"robot0 OSC_POSE input [dx,dy,dz,ax,ay,az], action index 0/1",robosuite controller relative command convention,870448906
square,18031b2ed2ee422f6e85bd8c113e199d46e0b29f3f2b2d6b4828e67449e0cf25,940013,bc,10,+x,0.125,ft_perturbed,test,B,4,1,native_success,276,80,square-seed940013-bc-b10,square-seed940013-bc-b10-m0.125,0.125,,,,,,,,,"robot0 OSC_POSE input [dx,dy,dz,ax,ay,az], action index 0/1",robosuite controller relative command convention,1242772868
square,c9e22005b58ba2524782e3068c8341554e419acf66f095e238e56df41d9a7aa3,940013,bc,10,+x,0.25,bc_perturbed,test,A,1,1,native_success,200,156,square-seed940013-bc-b10,square-seed940013-bc-b10-m0.25,0.25,,,,,,,,,"robot0 OSC_POSE input [dx,dy,dz,ax,ay,az], action index 0/1",robosuite controller relative command convention,1635928511
square,c9e22005b58ba2524782e3068c8341554e419acf66f095e238e56df41d9a7aa3,940013,bc,10,+x,0.25,bc_perturbed,test,A,2,1,native_success,152,204,square-seed940013-bc-b10,square-seed940013-bc-b10-m0.25,0.25,,,,,,,,,"robot0 OSC_POSE input [dx,dy,dz,ax,ay,az], action index 0/1",robosuite controller relative command convention,1934016770
square,c9e22005b58ba2524782e3068c8341554e419acf66f095e238e56df41d9a7aa3,940013,bc,10,+x,0.25,bc_perturbed,test,B,3,1,native_success,152,204,square-seed940013-bc-b10,square-seed940013-bc-b10-m0.25,0.25,,,,,,,,,"robot0 OSC_POSE input [dx,dy,dz,ax,ay,az], action index 0/1",robosuite controller relative command convention,808211475
square,c9e22005b58ba2524782e3068c8341554e419acf66f095e238e56df41d9a7aa3,940013,bc,10,+x,0.25,bc_perturbed,test,B,4,0,episode_horizon,0,356,square-seed940013-bc-b10,square-seed940013-bc-b10-m0.25,0.25,,,,,,,,,"robot0 OSC_POSE input [dx,dy,dz,ax,ay,az], action index 0/1",robosuite controller relative command convention,1001126500
square,18031b2ed2ee422f6e85bd8c113e199d46e0b29f3f2b2d6b4828e67449e0cf25,940013,bc,10,+x,0.25,ft_perturbed,test,A,1,1,native_success,276,80,square-seed940013-bc-b10,square-seed940013-bc-b10-m0.25,0.25,,,,,,,,,"robot0 OSC_POSE input [dx,dy,dz,ax,ay,az], action index 0/1",robosuite controller relative command convention,1540440258
square,18031b2ed2ee422f6e85bd8c113e199d46e0b29f3f2b2d6b4828e67449e0cf25,940013,bc,10,+x,0.25,ft_perturbed,test,A,2,1,native_success,280,76,square-seed940013-bc-b10,square-seed940013-bc-b10-m0.25,0.25,,,,,,,,,"robot0 OSC_POSE input [dx,dy,dz,ax,ay,az], action index 0/1",robosuite controller relative command convention,460482826
square,18031b2ed2ee422f6e85bd8c113e199d46e0b29f3f2b2d6b4828e67449e0cf25,940013,bc,10,+x,0.25,ft_perturbed,test,B,3,1,native_success,272,84,square-seed940013-bc-b10,square-seed940013-bc-b10-m0.25,0.25,,,,,,,,,"robot0 OSC_POSE input [dx,dy,dz,ax,ay,az], action index 0/1",robosuite controller relative command convention,732621068
square,18031b2ed2ee422f6e85bd8c113e199d46e0b29f3f2b2d6b4828e67449e0cf25,940013,bc,10,+x,0.25,ft_perturbed,test,B,4,1,native_success,268,88,square-seed940013-bc-b10,square-seed940013-bc-b10-m0.25,0.25,,,,,,,,,"robot0 OSC_POSE input [dx,dy,dz,ax,ay,az], action index 0/1",robosuite controller relative command convention,820973650
square,c9e22005b58ba2524782e3068c8341554e419acf66f095e238e56df41d9a7aa3,940013,bc,10,+x,0.5,bc_perturbed,test,A,1,0,episode_horizon,0,356,square-seed940013-bc-b10,square-seed940013-bc-b10-m0.5,0.5,,,,,,,,,"robot0 OSC_POSE input [dx,dy,dz,ax,ay,az], action index 0/1",robosuite controller relative command convention,1220180951
square,c9e22005b58ba2524782e3068c8341554e419acf66f095e238e56df41d9a7aa3,940013,bc,10,+x,0.5,bc_perturbed,test,A,2,0,episode_horizon,0,356,square-seed940013-bc-b10,square-seed940013-bc-b10-m0.5,0.5,,,,,,,,,"robot0 OSC_POSE input [dx,dy,dz,ax,ay,az], action index 0/1",robosuite controller relative command convention,1143176651
square,c9e22005b58ba2524782e3068c8341554e419acf66f095e238e56df41d9a7aa3,940013,bc,10,+x,0.5,bc_perturbed,test,B,3,0,episode_horizon,0,356,square-seed940013-bc-b10,square-seed940013-bc-b10-m0.5,0.5,,,,,,,,,"robot0 OSC_POSE input [dx,dy,dz,ax,ay,az], action index 0/1",robosuite controller relative command convention,13052989
square,c9e22005b58ba2524782e3068c8341554e419acf66f095e238e56df41d9a7aa3,940013,bc,10,+x,0.5,bc_perturbed,test,B,4,1,native_success,100,256,square-seed940013-bc-b10,square-seed940013-bc-b10-m0.5,0.5,,,,,,,,,"robot0 OSC_POSE input [dx,dy,dz,ax,ay,az], action index 0/1",robosuite controller relative command convention,651909047
square,18031b2ed2ee422f6e85bd8c113e199d46e0b29f3f2b2d6b4828e67449e0cf25,940013,bc,10,+x,0.5,ft_perturbed,test,A,1,1,native_success,280,76,square-seed940013-bc-b10,square-seed940013-bc-b10-m0.5,0.5,,,,,,,,,"robot0 OSC_POSE input [dx,dy,dz,ax,ay,az], action index 0/1",robosuite controller relative command convention,68027973
square,18031b2ed2ee422f6e85bd8c113e199d46e0b29f3f2b2d6b4828e67449e0cf25,940013,bc,10,+x,0.5,ft_perturbed,test,A,2,1,native_success,276,80,square-seed940013-bc-b10,square-seed940013-bc-b10-m0.5,0.5,,,,,,,,,"robot0 OSC_POSE input [dx,dy,dz,ax,ay,az], action index 0/1",robosuite controller relative command convention,1020193745
square,18031b2ed2ee422f6e85bd8c113e199d46e0b29f3f2b2d6b4828e67449e0cf25,940013,bc,10,+x,0.5,ft_perturbed,test,B,3,1,native_success,276,80,square-seed940013-bc-b10,square-seed940013-bc-b10-m0.5,0.5,,,,,,,,,"robot0 OSC_POSE input [dx,dy,dz,ax,ay,az], action index 0/1",robosuite controller relative command convention,1677837018
square,18031b2ed2ee422f6e85bd8c113e199d46e0b29f3f2b2d6b4828e67449e0cf25,940013,bc,10,+x,0.5,ft_perturbed,test,B,4,1,native_success,280,76,square-seed940013-bc-b10,square-seed940013-bc-b10-m0.5,0.5,,,,,,,,,"robot0 OSC_POSE input [dx,dy,dz,ax,ay,az], action index 0/1",robosuite controller relative command convention,1459555901
square,c9e22005b58ba2524782e3068c8341554e419acf66f095e238e56df41d9a7aa3,940013,ft,10,+x,0.0,bc_sham,test,A,1,1,native_success,268,88,square-seed940013-ft-b10,square-seed940013-ft-b10-m0,0.0,,,,,,,,,"robot0 OSC_POSE input [dx,dy,dz,ax,ay,az], action index 0/1",robosuite controller relative command convention,1083144281
square,c9e22005b58ba2524782e3068c8341554e419acf66f095e238e56df41d9a7aa3,940013,ft,10,+x,0.0,bc_sham,test,A,2,1,native_success,224,132,square-seed940013-ft-b10,square-seed940013-ft-b10-m0,0.0,,,,,,,,,"robot0 OSC_POSE input [dx,dy,dz,ax,ay,az], action index 0/1",robosuite controller relative command convention,1526685827
square,c9e22005b58ba2524782e3068c8341554e419acf66f095e238e56df41d9a7aa3,940013,ft,10,+x,0.0,bc_sham,test,B,3,1,native_success,256,100,square-seed940013-ft-b10,square-seed940013-ft-b10-m0,0.0,,,,,,,,,"robot0 OSC_POSE input [dx,dy,dz,ax,ay,az], action index 0/1",robosuite controller relative command convention,86281890
square,c9e22005b58ba2524782e3068c8341554e419acf66f095e238e56df41d9a7aa3,940013,ft,10,+x,0.0,bc_sham,test,B,4,1,native_success,272,84,square-seed940013-ft-b10,square-seed940013-ft-b10-m0,0.0,,,,,,,,,"robot0 OSC_POSE input [dx,dy,dz,ax,ay,az], action index 0/1",robosuite controller relative command convention,1465700489
square,18031b2ed2ee422f6e85bd8c113e199d46e0b29f3f2b2d6b4828e67449e0cf25,940013,ft,10,+x,0.0,ft_sham,test,A,1,1,native_success,300,56,square-seed940013-ft-b10,square-seed940013-ft-b10-m0,0.0,,,,,,,,,"robot0 OSC_POSE input [dx,dy,dz,ax,ay,az], action index 0/1",robosuite controller relative command convention,244349570
square,18031b2ed2ee422f6e85bd8c113e199d46e0b29f3f2b2d6b4828e67449e0cf25,940013,ft,10,+x,0.0,ft_sham,test,A,2,1,native_success,300,56,square-seed940013-ft-b10,square-seed940013-ft-b10-m0,0.0,,,,,,,,,"robot0 OSC_POSE input [dx,dy,dz,ax,ay,az], action index 0/1",robosuite controller relative command convention,1504335631
square,18031b2ed2ee422f6e85bd8c113e199d46e0b29f3f2b2d6b4828e67449e0cf25,940013,ft,10,+x,0.0,ft_sham,test,B,3,1,native_success,300,56,square-seed940013-ft-b10,square-seed940013-ft-b10-m0,0.0,,,,,,,,,"robot0 OSC_POSE input [dx,dy,dz,ax,ay,az], action index 0/1",robosuite controller relative command convention,1853703107
square,18031b2ed2ee422f6e85bd8c113e199d46e0b29f3f2b2d6b4828e67449e0cf25,940013,ft,10,+x,0.0,ft_sham,test,B,4,1,native_success,296,60,square-seed940013-ft-b10,square-seed940013-ft-b10-m0,0.0,,,,,,,,,"robot0 OSC_POSE input [dx,dy,dz,ax,ay,az], action index 0/1",robosuite controller relative command convention,1123586880
square,c9e22005b58ba2524782e3068c8341554e419acf66f095e238e56df41d9a7aa3,940013,ft,10,+x,0.125,bc_perturbed,test,A,1,0,episode_horizon,0,356,square-seed940013-ft-b10,square-seed940013-ft-b10-m0.125,0.125,,,,,,,,,"robot0 OSC_POSE input [dx,dy,dz,ax,ay,az], action index 0/1",robosuite controller relative command convention,1117300579
square,c9e22005b58ba2524782e3068c8341554e419acf66f095e238e56df41d9a7aa3,940013,ft,10,+x,0.125,bc_perturbed,test,A,2,1,native_success,260,96,square-seed940013-ft-b10,square-seed940013-ft-b10-m0.125,0.125,,,,,,,,,"robot0 OSC_POSE input [dx,dy,dz,ax,ay,az], action index 0/1",robosuite controller relative command convention,569460669
square,c9e22005b58ba2524782e3068c8341554e419acf66f095e238e56df41d9a7aa3,940013,ft,10,+x,0.125,bc_perturbed,test,B,3,1,native_success,272,84,square-seed940013-ft-b10,square-seed940013-ft-b10-m0.125,0.125,,,,,,,,,"robot0 OSC_POSE input [dx,dy,dz,ax,ay,az], action index 0/1",robosuite controller relative command convention,1653307433
square,c9e22005b58ba2524782e3068c8341554e419acf66f095e238e56df41d9a7aa3,940013,ft,10,+x,0.125,bc_perturbed,test,B,4,1,native_success,248,108,square-seed940013-ft-b10,square-seed940013-ft-b10-m0.125,0.125,,,,,,,,,"robot0 OSC_POSE input [dx,dy,dz,ax,ay,az], action index 0/1",robosuite controller relative command convention,1798645116
square,18031b2ed2ee422f6e85bd8c113e199d46e0b29f3f2b2d6b4828e67449e0cf25,940013,ft,10,+x,0.125,ft_perturbed,test,A,1,1,native_success,304,52,square-seed940013-ft-b10,square-seed940013-ft-b10-m0.125,0.125,,,,,,,,,"robot0 OSC_POSE input [dx,dy,dz,ax,ay,az], action index 0/1",robosuite controller relative command convention,1849139807
square,18031b2ed2ee422f6e85bd8c113e199d46e0b29f3f2b2d6b4828e67449e0cf25,940013,ft,10,+x,0.125,ft_perturbed,test,A,2,1,native_success,300,56,square-seed940013-ft-b10,square-seed940013-ft-b10-m0.125,0.125,,,,,,,,,"robot0 OSC_POSE input [dx,dy,dz,ax,ay,az], action index 0/1",robosuite controller relative command convention,1480735552
square,18031b2ed2ee422f6e85bd8c113e199d46e0b29f3f2b2d6b4828e67449e0cf25,940013,ft,10,+x,0.125,ft_perturbed,test,B,3,1,native_success,304,52,square-seed940013-ft-b10,square-seed940013-ft-b10-m0.125,0.125,,,,,,,,,"robot0 OSC_POSE input [dx,dy,dz,ax,ay,az], action index 0/1",robosuite controller relative command convention,885732462
square,18031b2ed2ee422f6e85bd8c113e199d46e0b29f3f2b2d6b4828e67449e0cf25,940013,ft,10,+x,0.125,ft_perturbed,test,B,4,1,native_success,304,52,square-seed940013-ft-b10,square-seed940013-ft-b10-m0.125,0.125,,,,,,,,,"robot0 OSC_POSE input [dx,dy,dz,ax,ay,az], action index 0/1",robosuite controller relative command convention,2036543227
square,c9e22005b58ba2524782e3068c8341554e419acf66f095e238e56df41d9a7aa3,940013,ft,10,+x,0.25,bc_perturbed,test,A,1,0,episode_horizon,0,356,square-seed940013-ft-b10,square-seed940013-ft-b10-m0.25,0.25,,,,,,,,,"robot0 OSC_POSE input [dx,dy,dz,ax,ay,az], action index 0/1",robosuite controller relative command convention,229351909
square,c9e22005b58ba2524782e3068c8341554e419acf66f095e238e56df41d9a7aa3,940013,ft,10,+x,0.25,bc_perturbed,test,A,2,0,episode_horizon,0,356,square-seed940013-ft-b10,square-seed940013-ft-b10-m0.25,0.25,,,,,,,,,"robot0 OSC_POSE input [dx,dy,dz,ax,ay,az], action index 0/1",robosuite controller relative command convention,1850701925
square,c9e22005b58ba2524782e3068c8341554e419acf66f095e238e56df41d9a7aa3,940013,ft,10,+x,0.25,bc_perturbed,test,B,3,0,episode_horizon,0,356,square-seed940013-ft-b10,square-seed940013-ft-b10-m0.25,0.25,,,,,,,,,"robot0 OSC_POSE input [dx,dy,dz,ax,ay,az], action index 0/1",robosuite controller relative command convention,1136386630
square,c9e22005b58ba2524782e3068c8341554e419acf66f095e238e56df41d9a7aa3,940013,ft,10,+x,0.25,bc_perturbed,test,B,4,0,episode_horizon,0,356,square-seed940013-ft-b10,square-seed940013-ft-b10-m0.25,0.25,,,,,,,,,"robot0 OSC_POSE input [dx,dy,dz,ax,ay,az], action index 0/1",robosuite controller relative command convention,1062117908
square,18031b2ed2ee422f6e85bd8c113e199d46e0b29f3f2b2d6b4828e67449e0cf25,940013,ft,10,+x,0.25,ft_perturbed,test,A,1,1,native_success,304,52,square-seed940013-ft-b10,square-seed940013-ft-b10-m0.25,0.25,,,,,,,,,"robot0 OSC_POSE input [dx,dy,dz,ax,ay,az], action index 0/1",robosuite controller relative command convention,1829706821
square,18031b2ed2ee422f6e85bd8c113e199d46e0b29f3f2b2d6b4828e67449e0cf25,940013,ft,10,+x,0.25,ft_perturbed,test,A,2,1,native_success,300,56,square-seed940013-ft-b10,square-seed940013-ft-b10-m0.25,0.25,,,,,,,,,"robot0 OSC_POSE input [dx,dy,dz,ax,ay,az], action index 0/1",robosuite controller relative command convention,632501001
square,18031b2ed2ee422f6e85bd8c113e199d46e0b29f3f2b2d6b4828e67449e0cf25,940013,ft,10,+x,0.25,ft_perturbed,test,B,3,1,native_success,308,48,square-seed940013-ft-b10,square-seed940013-ft-b10-m0.25,0.25,,,,,,,,,"robot0 OSC_POSE input [dx,dy,dz,ax,ay,az], action index 0/1",robosuite controller relative command convention,914734639
square,18031b2ed2ee422f6e85bd8c113e199d46e0b29f3f2b2d6b4828e67449e0cf25,940013,ft,10,+x,0.25,ft_perturbed,test,B,4,1,native_success,304,52,square-seed940013-ft-b10,square-seed940013-ft-b10-m0.25,0.25,,,,,,,,,"robot0 OSC_POSE input [dx,dy,dz,ax,ay,az], action index 0/1",robosuite controller relative command convention,280114492
square,c9e22005b58ba2524782e3068c8341554e419acf66f095e238e56df41d9a7aa3,940013,ft,10,+x,0.5,bc_perturbed,test,A,1,0,episode_horizon,0,356,square-seed940013-ft-b10,square-seed940013-ft-b10-m0.5,0.5,,,,,,,,,"robot0 OSC_POSE input [dx,dy,dz,ax,ay,az], action index 0/1",robosuite controller relative command convention,2073508786
square,c9e22005b58ba2524782e3068c8341554e419acf66f095e238e56df41d9a7aa3,940013,ft,10,+x,0.5,bc_perturbed,test,A,2,1,native_success,212,144,square-seed940013-ft-b10,square-seed940013-ft-b10-m0.5,0.5,,,,,,,,,"robot0 OSC_POSE input [dx,dy,dz,ax,ay,az], action index 0/1",robosuite controller relative command convention,1604478339
square,c9e22005b58ba2524782e3068c8341554e419acf66f095e238e56df41d9a7aa3,940013,ft,10,+x,0.5,bc_perturbed,test,B,3,0,episode_horizon,0,356,square-seed940013-ft-b10,square-seed940013-ft-b10-m0.5,0.5,,,,,,,,,"robot0 OSC_POSE input [dx,dy,dz,ax,ay,az], action index 0/1",robosuite controller relative command convention,1486985722
square,c9e22005b58ba2524782e3068c8341554e419acf66f095e238e56df41d9a7aa3,940013,ft,10,+x,0.5,bc_perturbed,test,B,4,1,native_success,276,80,square-seed940013-ft-b10,square-seed940013-ft-b10-m0.5,0.5,,,,,,,,,"robot0 OSC_POSE input [dx,dy,dz,ax,ay,az], action index 0/1",robosuite controller relative command convention,83984
square,18031b2ed2ee422f6e85bd8c113e199d46e0b29f3f2b2d6b4828e67449e0cf25,940013,ft,10,+x,0.5,ft_perturbed,test,A,1,1,native_success,296,60,square-seed940013-ft-b10,square-seed940013-ft-b10-m0.5,0.5,,,,,,,,,"robot0 OSC_POSE input [dx,dy,dz,ax,ay,az], action index 0/1",robosuite controller relative command convention,417487481
square,18031b2ed2ee422f6e85bd8c113e199d46e0b29f3f2b2d6b4828e67449e0cf25,940013,ft,10,+x,0.5,ft_perturbed,test,A,2,1,native_success,300,56,square-seed940013-ft-b10,square-seed940013-ft-b10-m0.5,0.5,,,,,,,,,"robot0 OSC_POSE input [dx,dy,dz,ax,ay,az], action index 0/1",robosuite controller relative command convention,115540331
square,18031b2ed2ee422f6e85bd8c113e199d46e0b29f3f2b2d6b4828e67449e0cf25,940013,ft,10,+x,0.5,ft_perturbed,test,B,3,1,native_success,300,56,square-seed940013-ft-b10,square-seed940013-ft-b10-m0.5,0.5,,,,,,,,,"robot0 OSC_POSE input [dx,dy,dz,ax,ay,az], action index 0/1",robosuite controller relative command convention,514586021
square,18031b2ed2ee422f6e85bd8c113e199d46e0b29f3f2b2d6b4828e67449e0cf25,940013,ft,10,+x,0.5,ft_perturbed,test,B,4,1,native_success,304,52,square-seed940013-ft-b10,square-seed940013-ft-b10-m0.5,0.5,,,,,,,,,"robot0 OSC_POSE input [dx,dy,dz,ax,ay,az], action index 0/1",robosuite controller relative command convention,1364363622
square,c9e22005b58ba2524782e3068c8341554e419acf66f095e238e56df41d9a7aa3,940014,bc,20,-x,0.0,bc_sham,test,A,1,0,episode_horizon,0,316,square-seed940014-bc-b20,square-seed940014-bc-b20-m0,0.0,,,,,,,,,"robot0 OSC_POSE input [dx,dy,dz,ax,ay,az], action index 0/1",robosuite controller relative command convention,715351193
square,c9e22005b58ba2524782e3068c8341554e419acf66f095e238e56df41d9a7aa3,940014,bc,20,-x,0.0,bc_sham,test,A,2,0,episode_horizon,0,316,square-seed940014-bc-b20,square-seed940014-bc-b20-m0,0.0,,,,,,,,,"robot0 OSC_POSE input [dx,dy,dz,ax,ay,az], action index 0/1",robosuite controller relative command convention,660034712
square,c9e22005b58ba2524782e3068c8341554e419acf66f095e238e56df41d9a7aa3,940014,bc,20,-x,0.0,bc_sham,test,B,3,0,episode_horizon,0,316,square-seed940014-bc-b20,square-seed940014-bc-b20-m0,0.0,,,,,,,,,"robot0 OSC_POSE input [dx,dy,dz,ax,ay,az], action index 0/1",robosuite controller relative command convention,1260106574
square,c9e22005b58ba2524782e3068c8341554e419acf66f095e238e56df41d9a7aa3,940014,bc,20,-x,0.0,bc_sham,test,B,4,0,episode_horizon,0,316,square-seed940014-bc-b20,square-seed940014-bc-b20-m0,0.0,,,,,,,,,"robot0 OSC_POSE input [dx,dy,dz,ax,ay,az], action index 0/1",robosuite controller relative command convention,308587188
square,18031b2ed2ee422f6e85bd8c113e199d46e0b29f3f2b2d6b4828e67449e0cf25,940014,bc,20,-x,0.0,ft_sham,test,A,1,1,native_success,216,100,square-seed940014-bc-b20,square-seed940014-bc-b20-m0,0.0,,,,,,,,,"robot0 OSC_POSE input [dx,dy,dz,ax,ay,az], action index 0/1",robosuite controller relative command convention,1424732694
square,18031b2ed2ee422f6e85bd8c113e199d46e0b29f3f2b2d6b4828e67449e0cf25,940014,bc,20,-x,0.0,ft_sham,test,A,2,1,native_success,220,96,square-seed940014-bc-b20,square-seed940014-bc-b20-m0,0.0,,,,,,,,,"robot0 OSC_POSE input [dx,dy,dz,ax,ay,az], action index 0/1",robosuite controller relative command convention,1989570458
square,18031b2ed2ee422f6e85bd8c113e199d46e0b29f3f2b2d6b4828e67449e0cf25,940014,bc,20,-x,0.0,ft_sham,test,B,3,1,native_success,220,96,square-seed940014-bc-b20,square-seed940014-bc-b20-m0,0.0,,,,,,,,,"robot0 OSC_POSE input [dx,dy,dz,ax,ay,az], action index 0/1",robosuite controller relative command convention,757680050
square,18031b2ed2ee422f6e85bd8c113e199d46e0b29f3f2b2d6b4828e67449e0cf25,940014,bc,20,-x,0.0,ft_sham,test,B,4,1,native_success,224,92,square-seed940014-bc-b20,square-seed940014-bc-b20-m0,0.0,,,,,,,,,"robot0 OSC_POSE input [dx,dy,dz,ax,ay,az], action index 0/1",robosuite controller relative command convention,509312940
square,c9e22005b58ba2524782e3068c8341554e419acf66f095e238e56df41d9a7aa3,940014,bc,20,-x,0.125,bc_perturbed,test,A,1,0,episode_horizon,0,316,square-seed940014-bc-b20,square-seed940014-bc-b20-m0.125,0.125,,,,,,,,,"robot0 OSC_POSE input [dx,dy,dz,ax,ay,az], action index 0/1",robosuite controller relative command convention,516539238
square,c9e22005b58ba2524782e3068c8341554e419acf66f095e238e56df41d9a7aa3,940014,bc,20,-x,0.125,bc_perturbed,test,A,2,0,episode_horizon,0,316,square-seed940014-bc-b20,square-seed940014-bc-b20-m0.125,0.125,,,,,,,,,"robot0 OSC_POSE input [dx,dy,dz,ax,ay,az], action index 0/1",robosuite controller relative command convention,535167524
square,c9e22005b58ba2524782e3068c8341554e419acf66f095e238e56df41d9a7aa3,940014,bc,20,-x,0.125,bc_perturbed,test,B,3,1,native_success,80,236,square-seed940014-bc-b20,square-seed940014-bc-b20-m0.125,0.125,,,,,,,,,"robot0 OSC_POSE input [dx,dy,dz,ax,ay,az], action index 0/1",robosuite controller relative command convention,1062203954
square,c9e22005b58ba2524782e3068c8341554e419acf66f095e238e56df41d9a7aa3,940014,bc,20,-x,0.125,bc_perturbed,test,B,4,0,episode_horizon,0,316,square-seed940014-bc-b20,square-seed940014-bc-b20-m0.125,0.125,,,,,,,,,"robot0 OSC_POSE input [dx,dy,dz,ax,ay,az], action index 0/1",robosuite controller relative command convention,1371142708
square,18031b2ed2ee422f6e85bd8c113e199d46e0b29f3f2b2d6b4828e67449e0cf25,940014,bc,20,-x,0.125,ft_perturbed,test,A,1,1,native_success,236,80,square-seed940014-bc-b20,square-seed940014-bc-b20-m0.125,0.125,,,,,,,,,"robot0 OSC_POSE input [dx,dy,dz,ax,ay,az], action index 0/1",robosuite controller relative command convention,1543881084
square,18031b2ed2ee422f6e85bd8c113e199d46e0b29f3f2b2d6b4828e67449e0cf25,940014,bc,20,-x,0.125,ft_perturbed,test,A,2,0,episode_horizon,0,316,square-seed940014-bc-b20,square-seed940014-bc-b20-m0.125,0.125,,,,,,,,,"robot0 OSC_POSE input [dx,dy,dz,ax,ay,az], action index 0/1",robosuite controller relative command convention,1185657875
square,18031b2ed2ee422f6e85bd8c113e199d46e0b29f3f2b2d6b4828e67449e0cf25,940014,bc,20,-x,0.125,ft_perturbed,test,B,3,1,native_success,212,104,square-seed940014-bc-b20,square-seed940014-bc-b20-m0.125,0.125,,,,,,,,,"robot0 OSC_POSE input [dx,dy,dz,ax,ay,az], action index 0/1",robosuite controller relative command convention,1852083584
square,18031b2ed2ee422f6e85bd8c113e199d46e0b29f3f2b2d6b4828e67449e0cf25,940014,bc,20,-x,0.125,ft_perturbed,test,B,4,1,native_success,244,72,square-seed940014-bc-b20,square-seed940014-bc-b20-m0.125,0.125,,,,,,,,,"robot0 OSC_POSE input [dx,dy,dz,ax,ay,az], action index 0/1",robosuite controller relative command convention,1861100190
square,c9e22005b58ba2524782e3068c8341554e419acf66f095e238e56df41d9a7aa3,940014,bc,20,-x,0.25,bc_perturbed,test,A,1,0,episode_horizon,0,316,square-seed940014-bc-b20,square-seed940014-bc-b20-m0.25,0.25,,,,,,,,,"robot0 OSC_POSE input [dx,dy,dz,ax,ay,az], action index 0/1",robosuite controller relative command convention,2055010052
square,c9e22005b58ba2524782e3068c8341554e419acf66f095e238e56df41d9a7aa3,940014,bc,20,-x,0.25,bc_perturbed,test,A,2,1,native_success,28,288,square-seed940014-bc-b20,square-seed940014-bc-b20-m0.25,0.25,,,,,,,,,"robot0 OSC_POSE input [dx,dy,dz,ax,ay,az], action index 0/1",robosuite controller relative command convention,194426957
square,c9e22005b58ba2524782e3068c8341554e419acf66f095e238e56df41d9a7aa3,940014,bc,20,-x,0.25,bc_perturbed,test,B,3,0,episode_horizon,0,316,square-seed940014-bc-b20,square-seed940014-bc-b20-m0.25,0.25,,,,,,,,,"robot0 OSC_POSE input [dx,dy,dz,ax,ay,az], action index 0/1",robosuite controller relative command convention,98661728
square,c9e22005b58ba2524782e3068c8341554e419acf66f095e238e56df41d9a7aa3,940014,bc,20,-x,0.25,bc_perturbed,test,B,4,0,episode_horizon,0,316,square-seed940014-bc-b20,square-seed940014-bc-b20-m0.25,0.25,,,,,,,,,"robot0 OSC_POSE input [dx,dy,dz,ax,ay,az], action index 0/1",robosuite controller relative command convention,572621032
square,18031b2ed2ee422f6e85bd8c113e199d46e0b29f3f2b2d6b4828e67449e0cf25,940014,bc,20,-x,0.25,ft_perturbed,test,A,1,1,native_success,216,100,square-seed940014-bc-b20,square-seed940014-bc-b20-m0.25,0.25,,,,,,,,,"robot0 OSC_POSE input [dx,dy,dz,ax,ay,az], action index 0/1",robosuite controller relative command convention,430315713
square,18031b2ed2ee422f6e85bd8c113e199d46e0b29f3f2b2d6b4828e67449e0cf25,940014,bc,20,-x,0.25,ft_perturbed,test,A,2,1,native_success,244,72,square-seed940014-bc-b20,square-seed940014-bc-b20-m0.25,0.25,,,,,,,,,"robot0 OSC_POSE input [dx,dy,dz,ax,ay,az], action index 0/1",robosuite controller relative command convention,1171028231
square,18031b2ed2ee422f6e85bd8c113e199d46e0b29f3f2b2d6b4828e67449e0cf25,940014,bc,20,-x,0.25,ft_perturbed,test,B,3,0,episode_horizon,0,316,square-seed940014-bc-b20,square-seed940014-bc-b20-m0.25,0.25,,,,,,,,,"robot0 OSC_POSE input [dx,dy,dz,ax,ay,az], action index 0/1",robosuite controller relative command convention,69963372
square,18031b2ed2ee422f6e85bd8c113e199d46e0b29f3f2b2d6b4828e67449e0cf25,940014,bc,20,-x,0.25,ft_perturbed,test,B,4,0,episode_horizon,0,316,square-seed940014-bc-b20,square-seed940014-bc-b20-m0.25,0.25,,,,,,,,,"robot0 OSC_POSE input [dx,dy,dz,ax,ay,az], action index 0/1",robosuite controller relative command convention,1387143103
square,c9e22005b58ba2524782e3068c8341554e419acf66f095e238e56df41d9a7aa3,940014,bc,20,-x,0.5,bc_perturbed,test,A,1,0,episode_horizon,0,316,square-seed940014-bc-b20,square-seed940014-bc-b20-m0.5,0.5,,,,,,,,,"robot0 OSC_POSE input [dx,dy,dz,ax,ay,az], action index 0/1",robosuite controller relative command convention,486966005
square,c9e22005b58ba2524782e3068c8341554e419acf66f095e238e56df41d9a7aa3,940014,bc,20,-x,0.5,bc_perturbed,test,A,2,0,episode_horizon,0,316,square-seed940014-bc-b20,square-seed940014-bc-b20-m0.5,0.5,,,,,,,,,"robot0 OSC_POSE input [dx,dy,dz,ax,ay,az], action index 0/1",robosuite controller relative command convention,237970655
square,c9e22005b58ba2524782e3068c8341554e419acf66f095e238e56df41d9a7aa3,940014,bc,20,-x,0.5,bc_perturbed,test,B,3,0,episode_horizon,0,316,square-seed940014-bc-b20,square-seed940014-bc-b20-m0.5,0.5,,,,,,,,,"robot0 OSC_POSE input [dx,dy,dz,ax,ay,az], action index 0/1",robosuite controller relative command convention,1337181479
square,c9e22005b58ba2524782e3068c8341554e419acf66f095e238e56df41d9a7aa3,940014,bc,20,-x,0.5,bc_perturbed,test,B,4,0,episode_horizon,0,316,square-seed940014-bc-b20,square-seed940014-bc-b20-m0.5,0.5,,,,,,,,,"robot0 OSC_POSE input [dx,dy,dz,ax,ay,az], action index 0/1",robosuite controller relative command convention,1152856136
square,18031b2ed2ee422f6e85bd8c113e199d46e0b29f3f2b2d6b4828e67449e0cf25,940014,bc,20,-x,0.5,ft_perturbed,test,A,1,1,native_success,144,172,square-seed940014-bc-b20,square-seed940014-bc-b20-m0.5,0.5,,,,,,,,,"robot0 OSC_POSE input [dx,dy,dz,ax,ay,az], action index 0/1",robosuite controller relative command convention,865273468
square,18031b2ed2ee422f6e85bd8c113e199d46e0b29f3f2b2d6b4828e67449e0cf25,940014,bc,20,-x,0.5,ft_perturbed,test,A,2,0,episode_horizon,0,316,square-seed940014-bc-b20,square-seed940014-bc-b20-m0.5,0.5,,,,,,,,,"robot0 OSC_POSE input [dx,dy,dz,ax,ay,az], action index 0/1",robosuite controller relative command convention,1951966862
square,18031b2ed2ee422f6e85bd8c113e199d46e0b29f3f2b2d6b4828e67449e0cf25,940014,bc,20,-x,0.5,ft_perturbed,test,B,3,0,episode_horizon,0,316,square-seed940014-bc-b20,square-seed940014-bc-b20-m0.5,0.5,,,,,,,,,"robot0 OSC_POSE input [dx,dy,dz,ax,ay,az], action index 0/1",robosuite controller relative command convention,1973264826
square,18031b2ed2ee422f6e85bd8c113e199d46e0b29f3f2b2d6b4828e67449e0cf25,940014,bc,20,-x,0.5,ft_perturbed,test,B,4,0,episode_horizon,0,316,square-seed940014-bc-b20,square-seed940014-bc-b20-m0.5,0.5,,,,,,,,,"robot0 OSC_POSE input [dx,dy,dz,ax,ay,az], action index 0/1",robosuite controller relative command convention,1071293933
square,c9e22005b58ba2524782e3068c8341554e419acf66f095e238e56df41d9a7aa3,940014,ft,20,-x,0.0,bc_sham,test,A,1,0,episode_horizon,0,316,square-seed940014-ft-b20,square-seed940014-ft-b20-m0,0.0,,,,,,,,,"robot0 OSC_POSE input [dx,dy,dz,ax,ay,az], action index 0/1",robosuite controller relative command convention,1516232873
square,c9e22005b58ba2524782e3068c8341554e419acf66f095e238e56df41d9a7aa3,940014,ft,20,-x,0.0,bc_sham,test,A,2,0,episode_horizon,0,316,square-seed940014-ft-b20,square-seed940014-ft-b20-m0,0.0,,,,,,,,,"robot0 OSC_POSE input [dx,dy,dz,ax,ay,az], action index 0/1",robosuite controller relative command convention,865511376
square,c9e22005b58ba2524782e3068c8341554e419acf66f095e238e56df41d9a7aa3,940014,ft,20,-x,0.0,bc_sham,test,B,3,0,episode_horizon,0,316,square-seed940014-ft-b20,square-seed940014-ft-b20-m0,0.0,,,,,,,,,"robot0 OSC_POSE input [dx,dy,dz,ax,ay,az], action index 0/1",robosuite controller relative command convention,366326454
square,c9e22005b58ba2524782e3068c8341554e419acf66f095e238e56df41d9a7aa3,940014,ft,20,-x,0.0,bc_sham,test,B,4,0,episode_horizon,0,316,square-seed940014-ft-b20,square-seed940014-ft-b20-m0,0.0,,,,,,,,,"robot0 OSC_POSE input [dx,dy,dz,ax,ay,az], action index 0/1",robosuite controller relative command convention,2003840528
square,18031b2ed2ee422f6e85bd8c113e199d46e0b29f3f2b2d6b4828e67449e0cf25,940014,ft,20,-x,0.0,ft_sham,test,A,1,0,episode_horizon,0,316,square-seed940014-ft-b20,square-seed940014-ft-b20-m0,0.0,,,,,,,,,"robot0 OSC_POSE input [dx,dy,dz,ax,ay,az], action index 0/1",robosuite controller relative command convention,77122937
square,18031b2ed2ee422f6e85bd8c113e199d46e0b29f3f2b2d6b4828e67449e0cf25,940014,ft,20,-x,0.0,ft_sham,test,A,2,0,episode_horizon,0,316,square-seed940014-ft-b20,square-seed940014-ft-b20-m0,0.0,,,,,,,,,"robot0 OSC_POSE input [dx,dy,dz,ax,ay,az], action index 0/1",robosuite controller relative command convention,2070913965
square,18031b2ed2ee422f6e85bd8c113e199d46e0b29f3f2b2d6b4828e67449e0cf25,940014,ft,20,-x,0.0,ft_sham,test,B,3,0,episode_horizon,0,316,square-seed940014-ft-b20,square-seed940014-ft-b20-m0,0.0,,,,,,,,,"robot0 OSC_POSE input [dx,dy,dz,ax,ay,az], action index 0/1",robosuite controller relative command convention,1742561073
square,18031b2ed2ee422f6e85bd8c113e199d46e0b29f3f2b2d6b4828e67449e0cf25,940014,ft,20,-x,0.0,ft_sham,test,B,4,0,episode_horizon,0,316,square-seed940014-ft-b20,square-seed940014-ft-b20-m0,0.0,,,,,,,,,"robot0 OSC_POSE input [dx,dy,dz,ax,ay,az], action index 0/1",robosuite controller relative command convention,406710155
square,c9e22005b58ba2524782e3068c8341554e419acf66f095e238e56df41d9a7aa3,940014,ft,20,-x,0.125,bc_perturbed,test,A,1,0,episode_horizon,0,316,square-seed940014-ft-b20,square-seed940014-ft-b20-m0.125,0.125,,,,,,,,,"robot0 OSC_POSE input [dx,dy,dz,ax,ay,az], action index 0/1",robosuite controller relative command convention,467559021
square,c9e22005b58ba2524782e3068c8341554e419acf66f095e238e56df41d9a7aa3,940014,ft,20,-x,0.125,bc_perturbed,test,A,2,0,episode_horizon,0,316,square-seed940014-ft-b20,square-seed940014-ft-b20-m0.125,0.125,,,,,,,,,"robot0 OSC_POSE input [dx,dy,dz,ax,ay,az], action index 0/1",robosuite controller relative command convention,446921372
square,c9e22005b58ba2524782e3068c8341554e419acf66f095e238e56df41d9a7aa3,940014,ft,20,-x,0.125,bc_perturbed,test,B,3,0,episode_horizon,0,316,square-seed940014-ft-b20,square-seed940014-ft-b20-m0.125,0.125,,,,,,,,,"robot0 OSC_POSE input [dx,dy,dz,ax,ay,az], action index 0/1",robosuite controller relative command convention,1894929621
square,c9e22005b58ba2524782e3068c8341554e419acf66f095e238e56df41d9a7aa3,940014,ft,20,-x,0.125,bc_perturbed,test,B,4,0,episode_horizon,0,316,square-seed940014-ft-b20,square-seed940014-ft-b20-m0.125,0.125,,,,,,,,,"robot0 OSC_POSE input [dx,dy,dz,ax,ay,az], action index 0/1",robosuite controller relative command convention,306856188
square,18031b2ed2ee422f6e85bd8c113e199d46e0b29f3f2b2d6b4828e67449e0cf25,940014,ft,20,-x,0.125,ft_perturbed,test,A,1,0,episode_horizon,0,316,square-seed940014-ft-b20,square-seed940014-ft-b20-m0.125,0.125,,,,,,,,,"robot0 OSC_POSE input [dx,dy,dz,ax,ay,az], action index 0/1",robosuite controller relative command convention,347674623
square,18031b2ed2ee422f6e85bd8c113e199d46e0b29f3f2b2d6b4828e67449e0cf25,940014,ft,20,-x,0.125,ft_perturbed,test,A,2,0,episode_horizon,0,316,square-seed940014-ft-b20,square-seed940014-ft-b20-m0.125,0.125,,,,,,,,,"robot0 OSC_POSE input [dx,dy,dz,ax,ay,az], action index 0/1",robosuite controller relative command convention,1088955130
square,18031b2ed2ee422f6e85bd8c113e199d46e0b29f3f2b2d6b4828e67449e0cf25,940014,ft,20,-x,0.125,ft_perturbed,test,B,3,0,episode_horizon,0,316,square-seed940014-ft-b20,square-seed940014-ft-b20-m0.125,0.125,,,,,,,,,"robot0 OSC_POSE input [dx,dy,dz,ax,ay,az], action index 0/1",robosuite controller relative command convention,1837790468
square,18031b2ed2ee422f6e85bd8c113e199d46e0b29f3f2b2d6b4828e67449e0cf25,940014,ft,20,-x,0.125,ft_perturbed,test,B,4,0,episode_horizon,0,316,square-seed940014-ft-b20,square-seed940014-ft-b20-m0.125,0.125,,,,,,,,,"robot0 OSC_POSE input [dx,dy,dz,ax,ay,az], action index 0/1",robosuite controller relative command convention,1442106685
square,c9e22005b58ba2524782e3068c8341554e419acf66f095e238e56df41d9a7aa3,940014,ft,20,-x,0.25,bc_perturbed,test,A,1,0,episode_horizon,0,316,square-seed940014-ft-b20,square-seed940014-ft-b20-m0.25,0.25,,,,,,,,,"robot0 OSC_POSE input [dx,dy,dz,ax,ay,az], action index 0/1",robosuite controller relative command convention,1585742293
square,c9e22005b58ba2524782e3068c8341554e419acf66f095e238e56df41d9a7aa3,940014,ft,20,-x,0.25,bc_perturbed,test,A,2,0,episode_horizon,0,316,square-seed940014-ft-b20,square-seed940014-ft-b20-m0.25,0.25,,,,,,,,,"robot0 OSC_POSE input [dx,dy,dz,ax,ay,az], action index 0/1",robosuite controller relative command convention,2089622551
square,c9e22005b58ba2524782e3068c8341554e419acf66f095e238e56df41d9a7aa3,940014,ft,20,-x,0.25,bc_perturbed,test,B,3,0,episode_horizon,0,316,square-seed940014-ft-b20,square-seed940014-ft-b20-m0.25,0.25,,,,,,,,,"robot0 OSC_POSE input [dx,dy,dz,ax,ay,az], action index 0/1",robosuite controller relative command convention,1685959857
square,c9e22005b58ba2524782e3068c8341554e419acf66f095e238e56df41d9a7aa3,940014,ft,20,-x,0.25,bc_perturbed,test,B,4,0,episode_horizon,0,316,square-seed940014-ft-b20,square-seed940014-ft-b20-m0.25,0.25,,,,,,,,,"robot0 OSC_POSE input [dx,dy,dz,ax,ay,az], action index 0/1",robosuite controller relative command convention,144780502
square,18031b2ed2ee422f6e85bd8c113e199d46e0b29f3f2b2d6b4828e67449e0cf25,940014,ft,20,-x,0.25,ft_perturbed,test,A,1,0,episode_horizon,0,316,square-seed940014-ft-b20,square-seed940014-ft-b20-m0.25,0.25,,,,,,,,,"robot0 OSC_POSE input [dx,dy,dz,ax,ay,az], action index 0/1",robosuite controller relative command convention,2045817417
square,18031b2ed2ee422f6e85bd8c113e199d46e0b29f3f2b2d6b4828e67449e0cf25,940014,ft,20,-x,0.25,ft_perturbed,test,A,2,0,episode_horizon,0,316,square-seed940014-ft-b20,square-seed940014-ft-b20-m0.25,0.25,,,,,,,,,"robot0 OSC_POSE input [dx,dy,dz,ax,ay,az], action index 0/1",robosuite controller relative command convention,878803123
square,18031b2ed2ee422f6e85bd8c113e199d46e0b29f3f2b2d6b4828e67449e0cf25,940014,ft,20,-x,0.25,ft_perturbed,test,B,3,0,episode_horizon,0,316,square-seed940014-ft-b20,square-seed940014-ft-b20-m0.25,0.25,,,,,,,,,"robot0 OSC_POSE input [dx,dy,dz,ax,ay,az], action index 0/1",robosuite controller relative command convention,852701400
square,18031b2ed2ee422f6e85bd8c113e199d46e0b29f3f2b2d6b4828e67449e0cf25,940014,ft,20,-x,0.25,ft_perturbed,test,B,4,0,episode_horizon,0,316,square-seed940014-ft-b20,square-seed940014-ft-b20-m0.25,0.25,,,,,,,,,"robot0 OSC_POSE input [dx,dy,dz,ax,ay,az], action index 0/1",robosuite controller relative command convention,257689995
square,c9e22005b58ba2524782e3068c8341554e419acf66f095e238e56df41d9a7aa3,940014,ft,20,-x,0.5,bc_perturbed,test,A,1,0,episode_horizon,0,316,square-seed940014-ft-b20,square-seed940014-ft-b20-m0.5,0.5,,,,,,,,,"robot0 OSC_POSE input [dx,dy,dz,ax,ay,az], action index 0/1",robosuite controller relative command convention,271870779
square,c9e22005b58ba2524782e3068c8341554e419acf66f095e238e56df41d9a7aa3,940014,ft,20,-x,0.5,bc_perturbed,test,A,2,0,episode_horizon,0,316,square-seed940014-ft-b20,square-seed940014-ft-b20-m0.5,0.5,,,,,,,,,"robot0 OSC_POSE input [dx,dy,dz,ax,ay,az], action index 0/1",robosuite controller relative command convention,241036314
square,c9e22005b58ba2524782e3068c8341554e419acf66f095e238e56df41d9a7aa3,940014,ft,20,-x,0.5,bc_perturbed,test,B,3,0,episode_horizon,0,316,square-seed940014-ft-b20,square-seed940014-ft-b20-m0.5,0.5,,,,,,,,,"robot0 OSC_POSE input [dx,dy,dz,ax,ay,az], action index 0/1",robosuite controller relative command convention,181425173
square,c9e22005b58ba2524782e3068c8341554e419acf66f095e238e56df41d9a7aa3,940014,ft,20,-x,0.5,bc_perturbed,test,B,4,0,episode_horizon,0,316,square-seed940014-ft-b20,square-seed940014-ft-b20-m0.5,0.5,,,,,,,,,"robot0 OSC_POSE input [dx,dy,dz,ax,ay,az], action index 0/1",robosuite controller relative command convention,152040779
square,18031b2ed2ee422f6e85bd8c113e199d46e0b29f3f2b2d6b4828e67449e0cf25,940014,ft,20,-x,0.5,ft_perturbed,test,A,1,0,episode_horizon,0,316,square-seed940014-ft-b20,square-seed940014-ft-b20-m0.5,0.5,,,,,,,,,"robot0 OSC_POSE input [dx,dy,dz,ax,ay,az], action index 0/1",robosuite controller relative command convention,512994597
square,18031b2ed2ee422f6e85bd8c113e199d46e0b29f3f2b2d6b4828e67449e0cf25,940014,ft,20,-x,0.5,ft_perturbed,test,A,2,1,native_success,296,20,square-seed940014-ft-b20,square-seed940014-ft-b20-m0.5,0.5,,,,,,,,,"robot0 OSC_POSE input [dx,dy,dz,ax,ay,az], action index 0/1",robosuite controller relative command convention,1034580957
square,18031b2ed2ee422f6e85bd8c113e199d46e0b29f3f2b2d6b4828e67449e0cf25,940014,ft,20,-x,0.5,ft_perturbed,test,B,3,0,episode_horizon,0,316,square-seed940014-ft-b20,square-seed940014-ft-b20-m0.5,0.5,,,,,,,,,"robot0 OSC_POSE input [dx,dy,dz,ax,ay,az], action index 0/1",robosuite controller relative command convention,48435859
square,18031b2ed2ee422f6e85bd8c113e199d46e0b29f3f2b2d6b4828e67449e0cf25,940014,ft,20,-x,0.5,ft_perturbed,test,B,4,1,native_success,296,20,square-seed940014-ft-b20,square-seed940014-ft-b20-m0.5,0.5,,,,,,,,,"robot0 OSC_POSE input [dx,dy,dz,ax,ay,az], action index 0/1",robosuite controller relative command convention,2091856918
square,c9e22005b58ba2524782e3068c8341554e419acf66f095e238e56df41d9a7aa3,940015,bc,40,+y,0.0,bc_sham,test,A,1,0,episode_horizon,0,236,square-seed940015-bc-b40,square-seed940015-bc-b40-m0,0.0,,,,,,,,,"robot0 OSC_POSE input [dx,dy,dz,ax,ay,az], action index 0/1",robosuite controller relative command convention,78186087
square,c9e22005b58ba2524782e3068c8341554e419acf66f095e238e56df41d9a7aa3,940015,bc,40,+y,0.0,bc_sham,test,A,2,0,episode_horizon,0,236,square-seed940015-bc-b40,square-seed940015-bc-b40-m0,0.0,,,,,,,,,"robot0 OSC_POSE input [dx,dy,dz,ax,ay,az], action index 0/1",robosuite controller relative command convention,282277250
square,c9e22005b58ba2524782e3068c8341554e419acf66f095e238e56df41d9a7aa3,940015,bc,40,+y,0.0,bc_sham,test,B,3,0,episode_horizon,0,236,square-seed940015-bc-b40,square-seed940015-bc-b40-m0,0.0,,,,,,,,,"robot0 OSC_POSE input [dx,dy,dz,ax,ay,az], action index 0/1",robosuite controller relative command convention,697817267
square,c9e22005b58ba2524782e3068c8341554e419acf66f095e238e56df41d9a7aa3,940015,bc,40,+y,0.0,bc_sham,test,B,4,0,episode_horizon,0,236,square-seed940015-bc-b40,square-seed940015-bc-b40-m0,0.0,,,,,,,,,"robot0 OSC_POSE input [dx,dy,dz,ax,ay,az], action index 0/1",robosuite controller relative command convention,1420574330
square,18031b2ed2ee422f6e85bd8c113e199d46e0b29f3f2b2d6b4828e67449e0cf25,940015,bc,40,+y,0.0,ft_sham,test,A,1,0,episode_horizon,0,236,square-seed940015-bc-b40,square-seed940015-bc-b40-m0,0.0,,,,,,,,,"robot0 OSC_POSE input [dx,dy,dz,ax,ay,az], action index 0/1",robosuite controller relative command convention,49567187
square,18031b2ed2ee422f6e85bd8c113e199d46e0b29f3f2b2d6b4828e67449e0cf25,940015,bc,40,+y,0.0,ft_sham,test,A,2,1,native_success,88,148,square-seed940015-bc-b40,square-seed940015-bc-b40-m0,0.0,,,,,,,,,"robot0 OSC_POSE input [dx,dy,dz,ax,ay,az], action index 0/1",robosuite controller relative command convention,284713757
square,18031b2ed2ee422f6e85bd8c113e199d46e0b29f3f2b2d6b4828e67449e0cf25,940015,bc,40,+y,0.0,ft_sham,test,B,3,1,native_success,40,196,square-seed940015-bc-b40,square-seed940015-bc-b40-m0,0.0,,,,,,,,,"robot0 OSC_POSE input [dx,dy,dz,ax,ay,az], action index 0/1",robosuite controller relative command convention,1686376808
square,18031b2ed2ee422f6e85bd8c113e199d46e0b29f3f2b2d6b4828e67449e0cf25,940015,bc,40,+y,0.0,ft_sham,test,B,4,1,native_success,140,96,square-seed940015-bc-b40,square-seed940015-bc-b40-m0,0.0,,,,,,,,,"robot0 OSC_POSE input [dx,dy,dz,ax,ay,az], action index 0/1",robosuite controller relative command convention,767381936
square,c9e22005b58ba2524782e3068c8341554e419acf66f095e238e56df41d9a7aa3,940015,bc,40,+y,0.125,bc_perturbed,test,A,1,0,episode_horizon,0,236,square-seed940015-bc-b40,square-seed940015-bc-b40-m0.125,0.125,,,,,,,,,"robot0 OSC_POSE input [dx,dy,dz,ax,ay,az], action index 0/1",robosuite controller relative command convention,616659059
square,c9e22005b58ba2524782e3068c8341554e419acf66f095e238e56df41d9a7aa3,940015,bc,40,+y,0.125,bc_perturbed,test,A,2,0,episode_horizon,0,236,square-seed940015-bc-b40,square-seed940015-bc-b40-m0.125,0.125,,,,,,,,,"robot0 OSC_POSE input [dx,dy,dz,ax,ay,az], action index 0/1",robosuite controller relative command convention,1223053178
square,c9e22005b58ba2524782e3068c8341554e419acf66f095e238e56df41d9a7aa3,940015,bc,40,+y,0.125,bc_perturbed,test,B,3,0,episode_horizon,0,236,square-seed940015-bc-b40,square-seed940015-bc-b40-m0.125,0.125,,,,,,,,,"robot0 OSC_POSE input [dx,dy,dz,ax,ay,az], action index 0/1",robosuite controller relative command convention,1390395017
square,c9e22005b58ba2524782e3068c8341554e419acf66f095e238e56df41d9a7aa3,940015,bc,40,+y,0.125,bc_perturbed,test,B,4,0,episode_horizon,0,236,square-seed940015-bc-b40,square-seed940015-bc-b40-m0.125,0.125,,,,,,,,,"robot0 OSC_POSE input [dx,dy,dz,ax,ay,az], action index 0/1",robosuite controller relative command convention,1648490180
square,18031b2ed2ee422f6e85bd8c113e199d46e0b29f3f2b2d6b4828e67449e0cf25,940015,bc,40,+y,0.125,ft_perturbed,test,A,1,1,native_success,92,144,square-seed940015-bc-b40,square-seed940015-bc-b40-m0.125,0.125,,,,,,,,,"robot0 OSC_POSE input [dx,dy,dz,ax,ay,az], action index 0/1",robosuite controller relative command convention,1497525116
square,18031b2ed2ee422f6e85bd8c113e199d46e0b29f3f2b2d6b4828e67449e0cf25,940015,bc,40,+y,0.125,ft_perturbed,test,A,2,1,native_success,80,156,square-seed940015-bc-b40,square-seed940015-bc-b40-m0.125,0.125,,,,,,,,,"robot0 OSC_POSE input [dx,dy,dz,ax,ay,az], action index 0/1",robosuite controller relative command convention,2002895489
square,18031b2ed2ee422f6e85bd8c113e199d46e0b29f3f2b2d6b4828e67449e0cf25,940015,bc,40,+y,0.125,ft_perturbed,test,B,3,1,native_success,116,120,square-seed940015-bc-b40,square-seed940015-bc-b40-m0.125,0.125,,,,,,,,,"robot0 OSC_POSE input [dx,dy,dz,ax,ay,az], action index 0/1",robosuite controller relative command convention,1558808757
square,18031b2ed2ee422f6e85bd8c113e199d46e0b29f3f2b2d6b4828e67449e0cf25,940015,bc,40,+y,0.125,ft_perturbed,test,B,4,0,episode_horizon,0,236,square-seed940015-bc-b40,square-seed940015-bc-b40-m0.125,0.125,,,,,,,,,"robot0 OSC_POSE input [dx,dy,dz,ax,ay,az], action index 0/1",robosuite controller relative command convention,814507463
square,c9e22005b58ba2524782e3068c8341554e419acf66f095e238e56df41d9a7aa3,940015,bc,40,+y,0.25,bc_perturbed,test,A,1,0,episode_horizon,0,236,square-seed940015-bc-b40,square-seed940015-bc-b40-m0.25,0.25,,,,,,,,,"robot0 OSC_POSE input [dx,dy,dz,ax,ay,az], action index 0/1",robosuite controller relative command convention,1259849214
square,c9e22005b58ba2524782e3068c8341554e419acf66f095e238e56df41d9a7aa3,940015,bc,40,+y,0.25,bc_perturbed,test,A,2,0,episode_horizon,0,236,square-seed940015-bc-b40,square-seed940015-bc-b40-m0.25,0.25,,,,,,,,,"robot0 OSC_POSE input [dx,dy,dz,ax,ay,az], action index 0/1",robosuite controller relative command convention,2083204068
square,c9e22005b58ba2524782e3068c8341554e419acf66f095e238e56df41d9a7aa3,940015,bc,40,+y,0.25,bc_perturbed,test,B,3,0,episode_horizon,0,236,square-seed940015-bc-b40,square-seed940015-bc-b40-m0.25,0.25,,,,,,,,,"robot0 OSC_POSE input [dx,dy,dz,ax,ay,az], action index 0/1",robosuite controller relative command convention,212283737
square,c9e22005b58ba2524782e3068c8341554e419acf66f095e238e56df41d9a7aa3,940015,bc,40,+y,0.25,bc_perturbed,test,B,4,0,episode_horizon,0,236,square-seed940015-bc-b40,square-seed940015-bc-b40-m0.25,0.25,,,,,,,,,"robot0 OSC_POSE input [dx,dy,dz,ax,ay,az], action index 0/1",robosuite controller relative command convention,531926101
square,18031b2ed2ee422f6e85bd8c113e199d46e0b29f3f2b2d6b4828e67449e0cf25,940015,bc,40,+y,0.25,ft_perturbed,test,A,1,1,native_success,80,156,square-seed940015-bc-b40,square-seed940015-bc-b40-m0.25,0.25,,,,,,,,,"robot0 OSC_POSE input [dx,dy,dz,ax,ay,az], action index 0/1",robosuite controller relative command convention,2059858817
square,18031b2ed2ee422f6e85bd8c113e199d46e0b29f3f2b2d6b4828e67449e0cf25,940015,bc,40,+y,0.25,ft_perturbed,test,A,2,1,native_success,84,152,square-seed940015-bc-b40,square-seed940015-bc-b40-m0.25,0.25,,,,,,,,,"robot0 OSC_POSE input [dx,dy,dz,ax,ay,az], action index 0/1",robosuite controller relative command convention,1968210097
square,18031b2ed2ee422f6e85bd8c113e199d46e0b29f3f2b2d6b4828e67449e0cf25,940015,bc,40,+y,0.25,ft_perturbed,test,B,3,1,native_success,80,156,square-seed940015-bc-b40,square-seed940015-bc-b40-m0.25,0.25,,,,,,,,,"robot0 OSC_POSE input [dx,dy,dz,ax,ay,az], action index 0/1",robosuite controller relative command convention,1784736580
square,18031b2ed2ee422f6e85bd8c113e199d46e0b29f3f2b2d6b4828e67449e0cf25,940015,bc,40,+y,0.25,ft_perturbed,test,B,4,1,native_success,124,112,square-seed940015-bc-b40,square-seed940015-bc-b40-m0.25,0.25,,,,,,,,,"robot0 OSC_POSE input [dx,dy,dz,ax,ay,az], action index 0/1",robosuite controller relative command convention,1347187432
square,c9e22005b58ba2524782e3068c8341554e419acf66f095e238e56df41d9a7aa3,940015,bc,40,+y,0.5,bc_perturbed,test,A,1,0,episode_horizon,0,236,square-seed940015-bc-b40,square-seed940015-bc-b40-m0.5,0.5,,,,,,,,,"robot0 OSC_POSE input [dx,dy,dz,ax,ay,az], action index 0/1",robosuite controller relative command convention,828779902
square,c9e22005b58ba2524782e3068c8341554e419acf66f095e238e56df41d9a7aa3,940015,bc,40,+y,0.5,bc_perturbed,test,A,2,0,episode_horizon,0,236,square-seed940015-bc-b40,square-seed940015-bc-b40-m0.5,0.5,,,,,,,,,"robot0 OSC_POSE input [dx,dy,dz,ax,ay,az], action index 0/1",robosuite controller relative command convention,540751973
square,c9e22005b58ba2524782e3068c8341554e419acf66f095e238e56df41d9a7aa3,940015,bc,40,+y,0.5,bc_perturbed,test,B,3,0,episode_horizon,0,236,square-seed940015-bc-b40,square-seed940015-bc-b40-m0.5,0.5,,,,,,,,,"robot0 OSC_POSE input [dx,dy,dz,ax,ay,az], action index 0/1",robosuite controller relative command convention,1681963698
square,c9e22005b58ba2524782e3068c8341554e419acf66f095e238e56df41d9a7aa3,940015,bc,40,+y,0.5,bc_perturbed,test,B,4,0,episode_horizon,0,236,square-seed940015-bc-b40,square-seed940015-bc-b40-m0.5,0.5,,,,,,,,,"robot0 OSC_POSE input [dx,dy,dz,ax,ay,az], action index 0/1",robosuite controller relative command convention,1012608970
square,18031b2ed2ee422f6e85bd8c113e199d46e0b29f3f2b2d6b4828e67449e0cf25,940015,bc,40,+y,0.5,ft_perturbed,test,A,1,1,native_success,116,120,square-seed940015-bc-b40,square-seed940015-bc-b40-m0.5,0.5,,,,,,,,,"robot0 OSC_POSE input [dx,dy,dz,ax,ay,az], action index 0/1",robosuite controller relative command convention,1018195170
square,18031b2ed2ee422f6e85bd8c113e199d46e0b29f3f2b2d6b4828e67449e0cf25,940015,bc,40,+y,0.5,ft_perturbed,test,A,2,1,native_success,128,108,square-seed940015-bc-b40,square-seed940015-bc-b40-m0.5,0.5,,,,,,,,,"robot0 OSC_POSE input [dx,dy,dz,ax,ay,az], action index 0/1",robosuite controller relative command convention,2054132423
square,18031b2ed2ee422f6e85bd8c113e199d46e0b29f3f2b2d6b4828e67449e0cf25,940015,bc,40,+y,0.5,ft_perturbed,test,B,3,1,native_success,88,148,square-seed940015-bc-b40,square-seed940015-bc-b40-m0.5,0.5,,,,,,,,,"robot0 OSC_POSE input [dx,dy,dz,ax,ay,az], action index 0/1",robosuite controller relative command convention,808067746
square,18031b2ed2ee422f6e85bd8c113e199d46e0b29f3f2b2d6b4828e67449e0cf25,940015,bc,40,+y,0.5,ft_perturbed,test,B,4,0,episode_horizon,0,236,square-seed940015-bc-b40,square-seed940015-bc-b40-m0.5,0.5,,,,,,,,,"robot0 OSC_POSE input [dx,dy,dz,ax,ay,az], action index 0/1",robosuite controller relative command convention,1416799238
square,c9e22005b58ba2524782e3068c8341554e419acf66f095e238e56df41d9a7aa3,940016,bc,10,-y,0.0,bc_sham,test,A,1,0,episode_horizon,0,356,square-seed940016-bc-b10,square-seed940016-bc-b10-m0,0.0,,,,,,,,,"robot0 OSC_POSE input [dx,dy,dz,ax,ay,az], action index 0/1",robosuite controller relative command convention,447541226
square,c9e22005b58ba2524782e3068c8341554e419acf66f095e238e56df41d9a7aa3,940016,bc,10,-y,0.0,bc_sham,test,A,2,0,episode_horizon,0,356,square-seed940016-bc-b10,square-seed940016-bc-b10-m0,0.0,,,,,,,,,"robot0 OSC_POSE input [dx,dy,dz,ax,ay,az], action index 0/1",robosuite controller relative command convention,711649769
square,c9e22005b58ba2524782e3068c8341554e419acf66f095e238e56df41d9a7aa3,940016,bc,10,-y,0.0,bc_sham,test,B,3,0,episode_horizon,0,356,square-seed940016-bc-b10,square-seed940016-bc-b10-m0,0.0,,,,,,,,,"robot0 OSC_POSE input [dx,dy,dz,ax,ay,az], action index 0/1",robosuite controller relative command convention,973512536
square,c9e22005b58ba2524782e3068c8341554e419acf66f095e238e56df41d9a7aa3,940016,bc,10,-y,0.0,bc_sham,test,B,4,0,episode_horizon,0,356,square-seed940016-bc-b10,square-seed940016-bc-b10-m0,0.0,,,,,,,,,"robot0 OSC_POSE input [dx,dy,dz,ax,ay,az], action index 0/1",robosuite controller relative command convention,11907221
square,18031b2ed2ee422f6e85bd8c113e199d46e0b29f3f2b2d6b4828e67449e0cf25,940016,bc,10,-y,0.0,ft_sham,test,A,1,1,native_success,224,132,square-seed940016-bc-b10,square-seed940016-bc-b10-m0,0.0,,,,,,,,,"robot0 OSC_POSE input [dx,dy,dz,ax,ay,az], action index 0/1",robosuite controller relative command convention,1958838496
square,18031b2ed2ee422f6e85bd8c113e199d46e0b29f3f2b2d6b4828e67449e0cf25,940016,bc,10,-y,0.0,ft_sham,test,A,2,1,native_success,244,112,square-seed940016-bc-b10,square-seed940016-bc-b10-m0,0.0,,,,,,,,,"robot0 OSC_POSE input [dx,dy,dz,ax,ay,az], action index 0/1",robosuite controller relative command convention,1704586719
square,18031b2ed2ee422f6e85bd8c113e199d46e0b29f3f2b2d6b4828e67449e0cf25,940016,bc,10,-y,0.0,ft_sham,test,B,3,1,native_success,236,120,square-seed940016-bc-b10,square-seed940016-bc-b10-m0,0.0,,,,,,,,,"robot0 OSC_POSE input [dx,dy,dz,ax,ay,az], action index 0/1",robosuite controller relative command convention,410303611
square,18031b2ed2ee422f6e85bd8c113e199d46e0b29f3f2b2d6b4828e67449e0cf25,940016,bc,10,-y,0.0,ft_sham,test,B,4,0,episode_horizon,0,356,square-seed940016-bc-b10,square-seed940016-bc-b10-m0,0.0,,,,,,,,,"robot0 OSC_POSE input [dx,dy,dz,ax,ay,az], action index 0/1",robosuite controller relative command convention,322294963
square,c9e22005b58ba2524782e3068c8341554e419acf66f095e238e56df41d9a7aa3,940016,bc,10,-y,0.125,bc_perturbed,test,A,1,0,episode_horizon,0,356,square-seed940016-bc-b10,square-seed940016-bc-b10-m0.125,0.125,,,,,,,,,"robot0 OSC_POSE input [dx,dy,dz,ax,ay,az], action index 0/1",robosuite controller relative command convention,749968273
square,c9e22005b58ba2524782e3068c8341554e419acf66f095e238e56df41d9a7aa3,940016,bc,10,-y,0.125,bc_perturbed,test,A,2,0,episode_horizon,0,356,square-seed940016-bc-b10,square-seed940016-bc-b10-m0.125,0.125,,,,,,,,,"robot0 OSC_POSE input [dx,dy,dz,ax,ay,az], action index 0/1",robosuite controller relative command convention,842522539
square,c9e22005b58ba2524782e3068c8341554e419acf66f095e238e56df41d9a7aa3,940016,bc,10,-y,0.125,bc_perturbed,test,B,3,0,episode_horizon,0,356,square-seed940016-bc-b10,square-seed940016-bc-b10-m0.125,0.125,,,,,,,,,"robot0 OSC_POSE input [dx,dy,dz,ax,ay,az], action index 0/1",robosuite controller relative command convention,1885934437
square,c9e22005b58ba2524782e3068c8341554e419acf66f095e238e56df41d9a7aa3,940016,bc,10,-y,0.125,bc_perturbed,test,B,4,0,episode_horizon,0,356,square-seed940016-bc-b10,square-seed940016-bc-b10-m0.125,0.125,,,,,,,,,"robot0 OSC_POSE input [dx,dy,dz,ax,ay,az], action index 0/1",robosuite controller relative command convention,279365176
square,18031b2ed2ee422f6e85bd8c113e199d46e0b29f3f2b2d6b4828e67449e0cf25,940016,bc,10,-y,0.125,ft_perturbed,test,A,1,1,native_success,220,136,square-seed940016-bc-b10,square-seed940016-bc-b10-m0.125,0.125,,,,,,,,,"robot0 OSC_POSE input [dx,dy,dz,ax,ay,az], action index 0/1",robosuite controller relative command convention,631485787
square,18031b2ed2ee422f6e85bd8c113e199d46e0b29f3f2b2d6b4828e67449e0cf25,940016,bc,10,-y,0.125,ft_perturbed,test,A,2,1,native_success,232,124,square-seed940016-bc-b10,square-seed940016-bc-b10-m0.125,0.125,,,,,,,,,"robot0 OSC_POSE input [dx,dy,dz,ax,ay,az], action index 0/1",robosuite controller relative command convention,1183338244
square,18031b2ed2ee422f6e85bd8c113e199d46e0b29f3f2b2d6b4828e67449e0cf25,940016,bc,10,-y,0.125,ft_perturbed,test,B,3,1,native_success,224,132,square-seed940016-bc-b10,square-seed940016-bc-b10-m0.125,0.125,,,,,,,,,"robot0 OSC_POSE input [dx,dy,dz,ax,ay,az], action index 0/1",robosuite controller relative command convention,1357870586
square,18031b2ed2ee422f6e85bd8c113e199d46e0b29f3f2b2d6b4828e67449e0cf25,940016,bc,10,-y,0.125,ft_perturbed,test,B,4,1,native_success,212,144,square-seed940016-bc-b10,square-seed940016-bc-b10-m0.125,0.125,,,,,,,,,"robot0 OSC_POSE input [dx,dy,dz,ax,ay,az], action index 0/1",robosuite controller relative command convention,715908255
square,c9e22005b58ba2524782e3068c8341554e419acf66f095e238e56df41d9a7aa3,940016,bc,10,-y,0.25,bc_perturbed,test,A,1,1,native_success,84,272,square-seed940016-bc-b10,square-seed940016-bc-b10-m0.25,0.25,,,,,,,,,"robot0 OSC_POSE input [dx,dy,dz,ax,ay,az], action index 0/1",robosuite controller relative command convention,1692820130
square,c9e22005b58ba2524782e3068c8341554e419acf66f095e238e56df41d9a7aa3,940016,bc,10,-y,0.25,bc_perturbed,test,A,2,1,native_success,0,356,square-seed940016-bc-b10,square-seed940016-bc-b10-m0.25,0.25,,,,,,,,,"robot0 OSC_POSE input [dx,dy,dz,ax,ay,az], action index 0/1",robosuite controller relative command convention,1468796524
square,c9e22005b58ba2524782e3068c8341554e419acf66f095e238e56df41d9a7aa3,940016,bc,10,-y,0.25,bc_perturbed,test,B,3,0,episode_horizon,0,356,square-seed940016-bc-b10,square-seed940016-bc-b10-m0.25,0.25,,,,,,,,,"robot0 OSC_POSE input [dx,dy,dz,ax,ay,az], action index 0/1",robosuite controller relative command convention,146285704
square,c9e22005b58ba2524782e3068c8341554e419acf66f095e238e56df41d9a7aa3,940016,bc,10,-y,0.25,bc_perturbed,test,B,4,0,episode_horizon,0,356,square-seed940016-bc-b10,square-seed940016-bc-b10-m0.25,0.25,,,,,,,,,"robot0 OSC_POSE input [dx,dy,dz,ax,ay,az], action index 0/1",robosuite controller relative command convention,915058933
square,18031b2ed2ee422f6e85bd8c113e199d46e0b29f3f2b2d6b4828e67449e0cf25,940016,bc,10,-y,0.25,ft_perturbed,test,A,1,1,native_success,224,132,square-seed940016-bc-b10,square-seed940016-bc-b10-m0.25,0.25,,,,,,,,,"robot0 OSC_POSE input [dx,dy,dz,ax,ay,az], action index 0/1",robosuite controller relative command convention,398338447
square,18031b2ed2ee422f6e85bd8c113e199d46e0b29f3f2b2d6b4828e67449e0cf25,940016,bc,10,-y,0.25,ft_perturbed,test,A,2,1,native_success,252,104,square-seed940016-bc-b10,square-seed940016-bc-b10-m0.25,0.25,,,,,,,,,"robot0 OSC_POSE input [dx,dy,dz,ax,ay,az], action index 0/1",robosuite controller relative command convention,1679244662
square,18031b2ed2ee422f6e85bd8c113e199d46e0b29f3f2b2d6b4828e67449e0cf25,940016,bc,10,-y,0.25,ft_perturbed,test,B,3,1,native_success,220,136,square-seed940016-bc-b10,square-seed940016-bc-b10-m0.25,0.25,,,,,,,,,"robot0 OSC_POSE input [dx,dy,dz,ax,ay,az], action index 0/1",robosuite controller relative command convention,284315363
square,18031b2ed2ee422f6e85bd8c113e199d46e0b29f3f2b2d6b4828e67449e0cf25,940016,bc,10,-y,0.25,ft_perturbed,test,B,4,1,native_success,244,112,square-seed940016-bc-b10,square-seed940016-bc-b10-m0.25,0.25,,,,,,,,,"robot0 OSC_POSE input [dx,dy,dz,ax,ay,az], action index 0/1",robosuite controller relative command convention,762744706
square,c9e22005b58ba2524782e3068c8341554e419acf66f095e238e56df41d9a7aa3,940016,bc,10,-y,0.5,bc_perturbed,test,A,1,0,episode_horizon,0,356,square-seed940016-bc-b10,square-seed940016-bc-b10-m0.5,0.5,,,,,,,,,"robot0 OSC_POSE input [dx,dy,dz,ax,ay,az], action index 0/1",robosuite controller relative command convention,2021018850
square,c9e22005b58ba2524782e3068c8341554e419acf66f095e238e56df41d9a7aa3,940016,bc,10,-y,0.5,bc_perturbed,test,A,2,0,episode_horizon,0,356,square-seed940016-bc-b10,square-seed940016-bc-b10-m0.5,0.5,,,,,,,,,"robot0 OSC_POSE input [dx,dy,dz,ax,ay,az], action index 0/1",robosuite controller relative command convention,479884643
square,c9e22005b58ba2524782e3068c8341554e419acf66f095e238e56df41d9a7aa3,940016,bc,10,-y,0.5,bc_perturbed,test,B,3,1,native_success,180,176,square-seed940016-bc-b10,square-seed940016-bc-b10-m0.5,0.5,,,,,,,,,"robot0 OSC_POSE input [dx,dy,dz,ax,ay,az], action index 0/1",robosuite controller relative command convention,375274981
square,c9e22005b58ba2524782e3068c8341554e419acf66f095e238e56df41d9a7aa3,940016,bc,10,-y,0.5,bc_perturbed,test,B,4,0,episode_horizon,0,356,square-seed940016-bc-b10,square-seed940016-bc-b10-m0.5,0.5,,,,,,,,,"robot0 OSC_POSE input [dx,dy,dz,ax,ay,az], action index 0/1",robosuite controller relative command convention,305649730
square,18031b2ed2ee422f6e85bd8c113e199d46e0b29f3f2b2d6b4828e67449e0cf25,940016,bc,10,-y,0.5,ft_perturbed,test,A,1,1,native_success,224,132,square-seed940016-bc-b10,square-seed940016-bc-b10-m0.5,0.5,,,,,,,,,"robot0 OSC_POSE input [dx,dy,dz,ax,ay,az], action index 0/1",robosuite controller relative command convention,678704608
square,18031b2ed2ee422f6e85bd8c113e199d46e0b29f3f2b2d6b4828e67449e0cf25,940016,bc,10,-y,0.5,ft_perturbed,test,A,2,1,native_success,212,144,square-seed940016-bc-b10,square-seed940016-bc-b10-m0.5,0.5,,,,,,,,,"robot0 OSC_POSE input [dx,dy,dz,ax,ay,az], action index 0/1",robosuite controller relative command convention,122112795
square,18031b2ed2ee422f6e85bd8c113e199d46e0b29f3f2b2d6b4828e67449e0cf25,940016,bc,10,-y,0.5,ft_perturbed,test,B,3,1,native_success,220,136,square-seed940016-bc-b10,square-seed940016-bc-b10-m0.5,0.5,,,,,,,,,"robot0 OSC_POSE input [dx,dy,dz,ax,ay,az], action index 0/1",robosuite controller relative command convention,1617504697
square,18031b2ed2ee422f6e85bd8c113e199d46e0b29f3f2b2d6b4828e67449e0cf25,940016,bc,10,-y,0.5,ft_perturbed,test,B,4,1,native_success,236,120,square-seed940016-bc-b10,square-seed940016-bc-b10-m0.5,0.5,,,,,,,,,"robot0 OSC_POSE input [dx,dy,dz,ax,ay,az], action index 0/1",robosuite controller relative command convention,438619
square,c9e22005b58ba2524782e3068c8341554e419acf66f095e238e56df41d9a7aa3,940016,ft,10,-y,0.0,bc_sham,test,A,1,0,episode_horizon,0,356,square-seed940016-ft-b10,square-seed940016-ft-b10-m0,0.0,,,,,,,,,"robot0 OSC_POSE input [dx,dy,dz,ax,ay,az], action index 0/1",robosuite controller relative command convention,1258608014
square,c9e22005b58ba2524782e3068c8341554e419acf66f095e238e56df41d9a7aa3,940016,ft,10,-y,0.0,bc_sham,test,A,2,0,episode_horizon,0,356,square-seed940016-ft-b10,square-seed940016-ft-b10-m0,0.0,,,,,,,,,"robot0 OSC_POSE input [dx,dy,dz,ax,ay,az], action index 0/1",robosuite controller relative command convention,360139530
square,c9e22005b58ba2524782e3068c8341554e419acf66f095e238e56df41d9a7aa3,940016,ft,10,-y,0.0,bc_sham,test,B,3,0,episode_horizon,0,356,square-seed940016-ft-b10,square-seed940016-ft-b10-m0,0.0,,,,,,,,,"robot0 OSC_POSE input [dx,dy,dz,ax,ay,az], action index 0/1",robosuite controller relative command convention,1630264595
square,c9e22005b58ba2524782e3068c8341554e419acf66f095e238e56df41d9a7aa3,940016,ft,10,-y,0.0,bc_sham,test,B,4,0,episode_horizon,0,356,square-seed940016-ft-b10,square-seed940016-ft-b10-m0,0.0,,,,,,,,,"robot0 OSC_POSE input [dx,dy,dz,ax,ay,az], action index 0/1",robosuite controller relative command convention,793017043
square,18031b2ed2ee422f6e85bd8c113e199d46e0b29f3f2b2d6b4828e67449e0cf25,940016,ft,10,-y,0.0,ft_sham,test,A,1,1,native_success,244,112,square-seed940016-ft-b10,square-seed940016-ft-b10-m0,0.0,,,,,,,,,"robot0 OSC_POSE input [dx,dy,dz,ax,ay,az], action index 0/1",robosuite controller relative command convention,1211537820
square,18031b2ed2ee422f6e85bd8c113e199d46e0b29f3f2b2d6b4828e67449e0cf25,940016,ft,10,-y,0.0,ft_sham,test,A,2,1,native_success,252,104,square-seed940016-ft-b10,square-seed940016-ft-b10-m0,0.0,,,,,,,,,"robot0 OSC_POSE input [dx,dy,dz,ax,ay,az], action index 0/1",robosuite controller relative command convention,203980505
square,18031b2ed2ee422f6e85bd8c113e199d46e0b29f3f2b2d6b4828e67449e0cf25,940016,ft,10,-y,0.0,ft_sham,test,B,3,1,native_success,248,108,square-seed940016-ft-b10,square-seed940016-ft-b10-m0,0.0,,,,,,,,,"robot0 OSC_POSE input [dx,dy,dz,ax,ay,az], action index 0/1",robosuite controller relative command convention,889198703
square,18031b2ed2ee422f6e85bd8c113e199d46e0b29f3f2b2d6b4828e67449e0cf25,940016,ft,10,-y,0.0,ft_sham,test,B,4,1,native_success,248,108,square-seed940016-ft-b10,square-seed940016-ft-b10-m0,0.0,,,,,,,,,"robot0 OSC_POSE input [dx,dy,dz,ax,ay,az], action index 0/1",robosuite controller relative command convention,494917367
square,c9e22005b58ba2524782e3068c8341554e419acf66f095e238e56df41d9a7aa3,940016,ft,10,-y,0.125,bc_perturbed,test,A,1,0,episode_horizon,0,356,square-seed940016-ft-b10,square-seed940016-ft-b10-m0.125,0.125,,,,,,,,,"robot0 OSC_POSE input [dx,dy,dz,ax,ay,az], action index 0/1",robosuite controller relative command convention,104824916
square,c9e22005b58ba2524782e3068c8341554e419acf66f095e238e56df41d9a7aa3,940016,ft,10,-y,0.125,bc_perturbed,test,A,2,0,episode_horizon,0,356,square-seed940016-ft-b10,square-seed940016-ft-b10-m0.125,0.125,,,,,,,,,"robot0 OSC_POSE input [dx,dy,dz,ax,ay,az], action index 0/1",robosuite controller relative command convention,1558383249
square,c9e22005b58ba2524782e3068c8341554e419acf66f095e238e56df41d9a7aa3,940016,ft,10,-y,0.125,bc_perturbed,test,B,3,0,episode_horizon,0,356,square-seed940016-ft-b10,square-seed940016-ft-b10-m0.125,0.125,,,,,,,,,"robot0 OSC_POSE input [dx,dy,dz,ax,ay,az], action index 0/1",robosuite controller relative command convention,1701555874
square,c9e22005b58ba2524782e3068c8341554e419acf66f095e238e56df41d9a7aa3,940016,ft,10,-y,0.125,bc_perturbed,test,B,4,0,episode_horizon,0,356,square-seed940016-ft-b10,square-seed940016-ft-b10-m0.125,0.125,,,,,,,,,"robot0 OSC_POSE input [dx,dy,dz,ax,ay,az], action index 0/1",robosuite controller relative command convention,744223413
square,18031b2ed2ee422f6e85bd8c113e199d46e0b29f3f2b2d6b4828e67449e0cf25,940016,ft,10,-y,0.125,ft_perturbed,test,A,1,1,native_success,248,108,square-seed940016-ft-b10,square-seed940016-ft-b10-m0.125,0.125,,,,,,,,,"robot0 OSC_POSE input [dx,dy,dz,ax,ay,az], action index 0/1",robosuite controller relative command convention,964797143
square,18031b2ed2ee422f6e85bd8c113e199d46e0b29f3f2b2d6b4828e67449e0cf25,940016,ft,10,-y,0.125,ft_perturbed,test,A,2,1,native_success,252,104,square-seed940016-ft-b10,square-seed940016-ft-b10-m0.125,0.125,,,,,,,,,"robot0 OSC_POSE input [dx,dy,dz,ax,ay,az], action index 0/1",robosuite controller relative command convention,155176265
square,18031b2ed2ee422f6e85bd8c113e199d46e0b29f3f2b2d6b4828e67449e0cf25,940016,ft,10,-y,0.125,ft_perturbed,test,B,3,1,native_success,244,112,square-seed940016-ft-b10,square-seed940016-ft-b10-m0.125,0.125,,,,,,,,,"robot0 OSC_POSE input [dx,dy,dz,ax,ay,az], action index 0/1",robosuite controller relative command convention,305831488
square,18031b2ed2ee422f6e85bd8c113e199d46e0b29f3f2b2d6b4828e67449e0cf25,940016,ft,10,-y,0.125,ft_perturbed,test,B,4,1,native_success,244,112,square-seed940016-ft-b10,square-seed940016-ft-b10-m0.125,0.125,,,,,,,,,"robot0 OSC_POSE input [dx,dy,dz,ax,ay,az], action index 0/1",robosuite controller relative command convention,998787971
square,c9e22005b58ba2524782e3068c8341554e419acf66f095e238e56df41d9a7aa3,940016,ft,10,-y,0.25,bc_perturbed,test,A,1,0,episode_horizon,0,356,square-seed940016-ft-b10,square-seed940016-ft-b10-m0.25,0.25,,,,,,,,,"robot0 OSC_POSE input [dx,dy,dz,ax,ay,az], action index 0/1",robosuite controller relative command convention,2096773130
square,c9e22005b58ba2524782e3068c8341554e419acf66f095e238e56df41d9a7aa3,940016,ft,10,-y,0.25,bc_perturbed,test,A,2,0,episode_horizon,0,356,square-seed940016-ft-b10,square-seed940016-ft-b10-m0.25,0.25,,,,,,,,,"robot0 OSC_POSE input [dx,dy,dz,ax,ay,az], action index 0/1",robosuite controller relative command convention,1790894175
square,c9e22005b58ba2524782e3068c8341554e419acf66f095e238e56df41d9a7aa3,940016,ft,10,-y,0.25,bc_perturbed,test,B,3,0,episode_horizon,0,356,square-seed940016-ft-b10,square-seed940016-ft-b10-m0.25,0.25,,,,,,,,,"robot0 OSC_POSE input [dx,dy,dz,ax,ay,az], action index 0/1",robosuite controller relative command convention,556172756
square,c9e22005b58ba2524782e3068c8341554e419acf66f095e238e56df41d9a7aa3,940016,ft,10,-y,0.25,bc_perturbed,test,B,4,0,episode_horizon,0,356,square-seed940016-ft-b10,square-seed940016-ft-b10-m0.25,0.25,,,,,,,,,"robot0 OSC_POSE input [dx,dy,dz,ax,ay,az], action index 0/1",robosuite controller relative command convention,1974143490
square,18031b2ed2ee422f6e85bd8c113e199d46e0b29f3f2b2d6b4828e67449e0cf25,940016,ft,10,-y,0.25,ft_perturbed,test,A,1,1,native_success,248,108,square-seed940016-ft-b10,square-seed940016-ft-b10-m0.25,0.25,,,,,,,,,"robot0 OSC_POSE input [dx,dy,dz,ax,ay,az], action index 0/1",robosuite controller relative command convention,1737110561
square,18031b2ed2ee422f6e85bd8c113e199d46e0b29f3f2b2d6b4828e67449e0cf25,940016,ft,10,-y,0.25,ft_perturbed,test,A,2,1,native_success,248,108,square-seed940016-ft-b10,square-seed940016-ft-b10-m0.25,0.25,,,,,,,,,"robot0 OSC_POSE input [dx,dy,dz,ax,ay,az], action index 0/1",robosuite controller relative command convention,261156669
square,18031b2ed2ee422f6e85bd8c113e199d46e0b29f3f2b2d6b4828e67449e0cf25,940016,ft,10,-y,0.25,ft_perturbed,test,B,3,1,native_success,244,112,square-seed940016-ft-b10,square-seed940016-ft-b10-m0.25,0.25,,,,,,,,,"robot0 OSC_POSE input [dx,dy,dz,ax,ay,az], action index 0/1",robosuite controller relative command convention,484315733
square,18031b2ed2ee422f6e85bd8c113e199d46e0b29f3f2b2d6b4828e67449e0cf25,940016,ft,10,-y,0.25,ft_perturbed,test,B,4,1,native_success,244,112,square-seed940016-ft-b10,square-seed940016-ft-b10-m0.25,0.25,,,,,,,,,"robot0 OSC_POSE input [dx,dy,dz,ax,ay,az], action index 0/1",robosuite controller relative command convention,2004138825
square,c9e22005b58ba2524782e3068c8341554e419acf66f095e238e56df41d9a7aa3,940016,ft,10,-y,0.5,bc_perturbed,test,A,1,0,episode_horizon,0,356,square-seed940016-ft-b10,square-seed940016-ft-b10-m0.5,0.5,,,,,,,,,"robot0 OSC_POSE input [dx,dy,dz,ax,ay,az], action index 0/1",robosuite controller relative command convention,797345910
square,c9e22005b58ba2524782e3068c8341554e419acf66f095e238e56df41d9a7aa3,940016,ft,10,-y,0.5,bc_perturbed,test,A,2,0,episode_horizon,0,356,square-seed940016-ft-b10,square-seed940016-ft-b10-m0.5,0.5,,,,,,,,,"robot0 OSC_POSE input [dx,dy,dz,ax,ay,az], action index 0/1",robosuite controller relative command convention,1011018509
square,c9e22005b58ba2524782e3068c8341554e419acf66f095e238e56df41d9a7aa3,940016,ft,10,-y,0.5,bc_perturbed,test,B,3,0,episode_horizon,0,356,square-seed940016-ft-b10,square-seed940016-ft-b10-m0.5,0.5,,,,,,,,,"robot0 OSC_POSE input [dx,dy,dz,ax,ay,az], action index 0/1",robosuite controller relative command convention,853706541
square,c9e22005b58ba2524782e3068c8341554e419acf66f095e238e56df41d9a7aa3,940016,ft,10,-y,0.5,bc_perturbed,test,B,4,0,episode_horizon,0,356,square-seed940016-ft-b10,square-seed940016-ft-b10-m0.5,0.5,,,,,,,,,"robot0 OSC_POSE input [dx,dy,dz,ax,ay,az], action index 0/1",robosuite controller relative command convention,734812323
square,18031b2ed2ee422f6e85bd8c113e199d46e0b29f3f2b2d6b4828e67449e0cf25,940016,ft,10,-y,0.5,ft_perturbed,test,A,1,1,native_success,244,112,square-seed940016-ft-b10,square-seed940016-ft-b10-m0.5,0.5,,,,,,,,,"robot0 OSC_POSE input [dx,dy,dz,ax,ay,az], action index 0/1",robosuite controller relative command convention,249853232
square,18031b2ed2ee422f6e85bd8c113e199d46e0b29f3f2b2d6b4828e67449e0cf25,940016,ft,10,-y,0.5,ft_perturbed,test,A,2,1,native_success,248,108,square-seed940016-ft-b10,square-seed940016-ft-b10-m0.5,0.5,,,,,,,,,"robot0 OSC_POSE input [dx,dy,dz,ax,ay,az], action index 0/1",robosuite controller relative command convention,1725571463
square,18031b2ed2ee422f6e85bd8c113e199d46e0b29f3f2b2d6b4828e67449e0cf25,940016,ft,10,-y,0.5,ft_perturbed,test,B,3,1,native_success,244,112,square-seed940016-ft-b10,square-seed940016-ft-b10-m0.5,0.5,,,,,,,,,"robot0 OSC_POSE input [dx,dy,dz,ax,ay,az], action index 0/1",robosuite controller relative command convention,1842101172
square,18031b2ed2ee422f6e85bd8c113e199d46e0b29f3f2b2d6b4828e67449e0cf25,940016,ft,10,-y,0.5,ft_perturbed,test,B,4,1,native_success,244,112,square-seed940016-ft-b10,square-seed940016-ft-b10-m0.5,0.5,,,,,,,,,"robot0 OSC_POSE input [dx,dy,dz,ax,ay,az], action index 0/1",robosuite controller relative command convention,1139897625
square,c9e22005b58ba2524782e3068c8341554e419acf66f095e238e56df41d9a7aa3,940017,bc,20,+x,0.0,bc_sham,test,A,1,0,episode_horizon,0,316,square-seed940017-bc-b20,square-seed940017-bc-b20-m0,0.0,,,,,,,,,"robot0 OSC_POSE input [dx,dy,dz,ax,ay,az], action index 0/1",robosuite controller relative command convention,1259901275
square,c9e22005b58ba2524782e3068c8341554e419acf66f095e238e56df41d9a7aa3,940017,bc,20,+x,0.0,bc_sham,test,A,2,0,episode_horizon,0,316,square-seed940017-bc-b20,square-seed940017-bc-b20-m0,0.0,,,,,,,,,"robot0 OSC_POSE input [dx,dy,dz,ax,ay,az], action index 0/1",robosuite controller relative command convention,1071970689
square,c9e22005b58ba2524782e3068c8341554e419acf66f095e238e56df41d9a7aa3,940017,bc,20,+x,0.0,bc_sham,test,B,3,0,episode_horizon,0,316,square-seed940017-bc-b20,square-seed940017-bc-b20-m0,0.0,,,,,,,,,"robot0 OSC_POSE input [dx,dy,dz,ax,ay,az], action index 0/1",robosuite controller relative command convention,905871643
square,c9e22005b58ba2524782e3068c8341554e419acf66f095e238e56df41d9a7aa3,940017,bc,20,+x,0.0,bc_sham,test,B,4,0,episode_horizon,0,316,square-seed940017-bc-b20,square-seed940017-bc-b20-m0,0.0,,,,,,,,,"robot0 OSC_POSE input [dx,dy,dz,ax,ay,az], action index 0/1",robosuite controller relative command convention,408798198
square,18031b2ed2ee422f6e85bd8c113e199d46e0b29f3f2b2d6b4828e67449e0cf25,940017,bc,20,+x,0.0,ft_sham,test,A,1,1,native_success,204,112,square-seed940017-bc-b20,square-seed940017-bc-b20-m0,0.0,,,,,,,,,"robot0 OSC_POSE input [dx,dy,dz,ax,ay,az], action index 0/1",robosuite controller relative command convention,1753405226
square,18031b2ed2ee422f6e85bd8c113e199d46e0b29f3f2b2d6b4828e67449e0cf25,940017,bc,20,+x,0.0,ft_sham,test,A,2,1,native_success,208,108,square-seed940017-bc-b20,square-seed940017-bc-b20-m0,0.0,,,,,,,,,"robot0 OSC_POSE input [dx,dy,dz,ax,ay,az], action index 0/1",robosuite controller relative command convention,487157388
square,18031b2ed2ee422f6e85bd8c113e199d46e0b29f3f2b2d6b4828e67449e0cf25,940017,bc,20,+x,0.0,ft_sham,test,B,3,1,native_success,192,124,square-seed940017-bc-b20,square-seed940017-bc-b20-m0,0.0,,,,,,,,,"robot0 OSC_POSE input [dx,dy,dz,ax,ay,az], action index 0/1",robosuite controller relative command convention,415376150
square,18031b2ed2ee422f6e85bd8c113e199d46e0b29f3f2b2d6b4828e67449e0cf25,940017,bc,20,+x,0.0,ft_sham,test,B,4,1,native_success,204,112,square-seed940017-bc-b20,square-seed940017-bc-b20-m0,0.0,,,,,,,,,"robot0 OSC_POSE input [dx,dy,dz,ax,ay,az], action index 0/1",robosuite controller relative command convention,518330631
square,c9e22005b58ba2524782e3068c8341554e419acf66f095e238e56df41d9a7aa3,940017,bc,20,+x,0.125,bc_perturbed,test,A,1,0,episode_horizon,0,316,square-seed940017-bc-b20,square-seed940017-bc-b20-m0.125,0.125,,,,,,,,,"robot0 OSC_POSE input [dx,dy,dz,ax,ay,az], action index 0/1",robosuite controller relative command convention,484375212
square,c9e22005b58ba2524782e3068c8341554e419acf66f095e238e56df41d9a7aa3,940017,bc,20,+x,0.125,bc_perturbed,test,A,2,0,episode_horizon,0,316,square-seed940017-bc-b20,square-seed940017-bc-b20-m0.125,0.125,,,,,,,,,"robot0 OSC_POSE input [dx,dy,dz,ax,ay,az], action index 0/1",robosuite controller relative command convention,2139430074
square,c9e22005b58ba2524782e3068c8341554e419acf66f095e238e56df41d9a7aa3,940017,bc,20,+x,0.125,bc_perturbed,test,B,3,0,episode_horizon,0,316,square-seed940017-bc-b20,square-seed940017-bc-b20-m0.125,0.125,,,,,,,,,"robot0 OSC_POSE input [dx,dy,dz,ax,ay,az], action index 0/1",robosuite controller relative command convention,286601083
square,c9e22005b58ba2524782e3068c8341554e419acf66f095e238e56df41d9a7aa3,940017,bc,20,+x,0.125,bc_perturbed,test,B,4,0,episode_horizon,0,316,square-seed940017-bc-b20,square-seed940017-bc-b20-m0.125,0.125,,,,,,,,,"robot0 OSC_POSE input [dx,dy,dz,ax,ay,az], action index 0/1",robosuite controller relative command convention,2119747762
square,18031b2ed2ee422f6e85bd8c113e199d46e0b29f3f2b2d6b4828e67449e0cf25,940017,bc,20,+x,0.125,ft_perturbed,test,A,1,1,native_success,204,112,square-seed940017-bc-b20,square-seed940017-bc-b20-m0.125,0.125,,,,,,,,,"robot0 OSC_POSE input [dx,dy,dz,ax,ay,az], action index 0/1",robosuite controller relative command convention,1074563118
square,18031b2ed2ee422f6e85bd8c113e199d46e0b29f3f2b2d6b4828e67449e0cf25,940017,bc,20,+x,0.125,ft_perturbed,test,A,2,1,native_success,204,112,square-seed940017-bc-b20,square-seed940017-bc-b20-m0.125,0.125,,,,,,,,,"robot0 OSC_POSE input [dx,dy,dz,ax,ay,az], action index 0/1",robosuite controller relative command convention,412786449
square,18031b2ed2ee422f6e85bd8c113e199d46e0b29f3f2b2d6b4828e67449e0cf25,940017,bc,20,+x,0.125,ft_perturbed,test,B,3,1,native_success,140,176,square-seed940017-bc-b20,square-seed940017-bc-b20-m0.125,0.125,,,,,,,,,"robot0 OSC_POSE input [dx,dy,dz,ax,ay,az], action index 0/1",robosuite controller relative command convention,61956869
square,18031b2ed2ee422f6e85bd8c113e199d46e0b29f3f2b2d6b4828e67449e0cf25,940017,bc,20,+x,0.125,ft_perturbed,test,B,4,1,native_success,204,112,square-seed940017-bc-b20,square-seed940017-bc-b20-m0.125,0.125,,,,,,,,,"robot0 OSC_POSE input [dx,dy,dz,ax,ay,az], action index 0/1",robosuite controller relative command convention,982989793
square,c9e22005b58ba2524782e3068c8341554e419acf66f095e238e56df41d9a7aa3,940017,bc,20,+x,0.25,bc_perturbed,test,A,1,0,episode_horizon,0,316,square-seed940017-bc-b20,square-seed940017-bc-b20-m0.25,0.25,,,,,,,,,"robot0 OSC_POSE input [dx,dy,dz,ax,ay,az], action index 0/1",robosuite controller relative command convention,1545823526
square,c9e22005b58ba2524782e3068c8341554e419acf66f095e238e56df41d9a7aa3,940017,bc,20,+x,0.25,bc_perturbed,test,A,2,0,episode_horizon,0,316,square-seed940017-bc-b20,square-seed940017-bc-b20-m0.25,0.25,,,,,,,,,"robot0 OSC_POSE input [dx,dy,dz,ax,ay,az], action index 0/1",robosuite controller relative command convention,266702543
square,c9e22005b58ba2524782e3068c8341554e419acf66f095e238e56df41d9a7aa3,940017,bc,20,+x,0.25,bc_perturbed,test,B,3,0,episode_horizon,0,316,square-seed940017-bc-b20,square-seed940017-bc-b20-m0.25,0.25,,,,,,,,,"robot0 OSC_POSE input [dx,dy,dz,ax,ay,az], action index 0/1",robosuite controller relative command convention,1884551270
square,c9e22005b58ba2524782e3068c8341554e419acf66f095e238e56df41d9a7aa3,940017,bc,20,+x,0.25,bc_perturbed,test,B,4,0,episode_horizon,0,316,square-seed940017-bc-b20,square-seed940017-bc-b20-m0.25,0.25,,,,,,,,,"robot0 OSC_POSE input [dx,dy,dz,ax,ay,az], action index 0/1",robosuite controller relative command convention,544548267
square,18031b2ed2ee422f6e85bd8c113e199d46e0b29f3f2b2d6b4828e67449e0cf25,940017,bc,20,+x,0.25,ft_perturbed,test,A,1,0,episode_horizon,0,316,square-seed940017-bc-b20,square-seed940017-bc-b20-m0.25,0.25,,,,,,,,,"robot0 OSC_POSE input [dx,dy,dz,ax,ay,az], action index 0/1",robosuite controller relative command convention,415460734
square,18031b2ed2ee422f6e85bd8c113e199d46e0b29f3f2b2d6b4828e67449e0cf25,940017,bc,20,+x,0.25,ft_perturbed,test,A,2,1,native_success,76,240,square-seed940017-bc-b20,square-seed940017-bc-b20-m0.25,0.25,,,,,,,,,"robot0 OSC_POSE input [dx,dy,dz,ax,ay,az], action index 0/1",robosuite controller relative command convention,2075698886
square,18031b2ed2ee422f6e85bd8c113e199d46e0b29f3f2b2d6b4828e67449e0cf25,940017,bc,20,+x,0.25,ft_perturbed,test,B,3,1,native_success,204,112,square-seed940017-bc-b20,square-seed940017-bc-b20-m0.25,0.25,,,,,,,,,"robot0 OSC_POSE input [dx,dy,dz,ax,ay,az], action index 0/1",robosuite controller relative command convention,1232686172
square,18031b2ed2ee422f6e85bd8c113e199d46e0b29f3f2b2d6b4828e67449e0cf25,940017,bc,20,+x,0.25,ft_perturbed,test,B,4,1,native_success,200,116,square-seed940017-bc-b20,square-seed940017-bc-b20-m0.25,0.25,,,,,,,,,"robot0 OSC_POSE input [dx,dy,dz,ax,ay,az], action index 0/1",robosuite controller relative command convention,223485008
square,c9e22005b58ba2524782e3068c8341554e419acf66f095e238e56df41d9a7aa3,940017,bc,20,+x,0.5,bc_perturbed,test,A,1,0,episode_horizon,0,316,square-seed940017-bc-b20,square-seed940017-bc-b20-m0.5,0.5,,,,,,,,,"robot0 OSC_POSE input [dx,dy,dz,ax,ay,az], action index 0/1",robosuite controller relative command convention,631906423
square,c9e22005b58ba2524782e3068c8341554e419acf66f095e238e56df41d9a7aa3,940017,bc,20,+x,0.5,bc_perturbed,test,A,2,0,episode_horizon,0,316,square-seed940017-bc-b20,square-seed940017-bc-b20-m0.5,0.5,,,,,,,,,"robot0 OSC_POSE input [dx,dy,dz,ax,ay,az], action index 0/1",robosuite controller relative command convention,288418400
square,c9e22005b58ba2524782e3068c8341554e419acf66f095e238e56df41d9a7aa3,940017,bc,20,+x,0.5,bc_perturbed,test,B,3,0,episode_horizon,0,316,square-seed940017-bc-b20,square-seed940017-bc-b20-m0.5,0.5,,,,,,,,,"robot0 OSC_POSE input [dx,dy,dz,ax,ay,az], action index 0/1",robosuite controller relative command convention,269664658
square,c9e22005b58ba2524782e3068c8341554e419acf66f095e238e56df41d9a7aa3,940017,bc,20,+x,0.5,bc_perturbed,test,B,4,0,episode_horizon,0,316,square-seed940017-bc-b20,square-seed940017-bc-b20-m0.5,0.5,,,,,,,,,"robot0 OSC_POSE input [dx,dy,dz,ax,ay,az], action index 0/1",robosuite controller relative command convention,1946205916
square,18031b2ed2ee422f6e85bd8c113e199d46e0b29f3f2b2d6b4828e67449e0cf25,940017,bc,20,+x,0.5,ft_perturbed,test,A,1,1,native_success,84,232,square-seed940017-bc-b20,square-seed940017-bc-b20-m0.5,0.5,,,,,,,,,"robot0 OSC_POSE input [dx,dy,dz,ax,ay,az], action index 0/1",robosuite controller relative command convention,337687627
square,18031b2ed2ee422f6e85bd8c113e199d46e0b29f3f2b2d6b4828e67449e0cf25,940017,bc,20,+x,0.5,ft_perturbed,test,A,2,0,episode_horizon,0,316,square-seed940017-bc-b20,square-seed940017-bc-b20-m0.5,0.5,,,,,,,,,"robot0 OSC_POSE input [dx,dy,dz,ax,ay,az], action index 0/1",robosuite controller relative command convention,175717501
square,18031b2ed2ee422f6e85bd8c113e199d46e0b29f3f2b2d6b4828e67449e0cf25,940017,bc,20,+x,0.5,ft_perturbed,test,B,3,1,native_success,128,188,square-seed940017-bc-b20,square-seed940017-bc-b20-m0.5,0.5,,,,,,,,,"robot0 OSC_POSE input [dx,dy,dz,ax,ay,az], action index 0/1",robosuite controller relative command convention,628403166
square,18031b2ed2ee422f6e85bd8c113e199d46e0b29f3f2b2d6b4828e67449e0cf25,940017,bc,20,+x,0.5,ft_perturbed,test,B,4,0,episode_horizon,0,316,square-seed940017-bc-b20,square-seed940017-bc-b20-m0.5,0.5,,,,,,,,,"robot0 OSC_POSE input [dx,dy,dz,ax,ay,az], action index 0/1",robosuite controller relative command convention,610869077
square,c9e22005b58ba2524782e3068c8341554e419acf66f095e238e56df41d9a7aa3,940017,ft,20,+x,0.0,bc_sham,test,A,1,0,episode_horizon,0,316,square-seed940017-ft-b20,square-seed940017-ft-b20-m0,0.0,,,,,,,,,"robot0 OSC_POSE input [dx,dy,dz,ax,ay,az], action index 0/1",robosuite controller relative command convention,832446450
square,c9e22005b58ba2524782e3068c8341554e419acf66f095e238e56df41d9a7aa3,940017,ft,20,+x,0.0,bc_sham,test,A,2,0,episode_horizon,0,316,square-seed940017-ft-b20,square-seed940017-ft-b20-m0,0.0,,,,,,,,,"robot0 OSC_POSE input [dx,dy,dz,ax,ay,az], action index 0/1",robosuite controller relative command convention,1409794030
square,c9e22005b58ba2524782e3068c8341554e419acf66f095e238e56df41d9a7aa3,940017,ft,20,+x,0.0,bc_sham,test,B,3,0,episode_horizon,0,316,square-seed940017-ft-b20,square-seed940017-ft-b20-m0,0.0,,,,,,,,,"robot0 OSC_POSE input [dx,dy,dz,ax,ay,az], action index 0/1",robosuite controller relative command convention,929040873
square,c9e22005b58ba2524782e3068c8341554e419acf66f095e238e56df41d9a7aa3,940017,ft,20,+x,0.0,bc_sham,test,B,4,0,episode_horizon,0,316,square-seed940017-ft-b20,square-seed940017-ft-b20-m0,0.0,,,,,,,,,"robot0 OSC_POSE input [dx,dy,dz,ax,ay,az], action index 0/1",robosuite controller relative command convention,1937375800
square,18031b2ed2ee422f6e85bd8c113e199d46e0b29f3f2b2d6b4828e67449e0cf25,940017,ft,20,+x,0.0,ft_sham,test,A,1,1,native_success,108,208,square-seed940017-ft-b20,square-seed940017-ft-b20-m0,0.0,,,,,,,,,"robot0 OSC_POSE input [dx,dy,dz,ax,ay,az], action index 0/1",robosuite controller relative command convention,305704878
square,18031b2ed2ee422f6e85bd8c113e199d46e0b29f3f2b2d6b4828e67449e0cf25,940017,ft,20,+x,0.0,ft_sham,test,A,2,1,native_success,140,176,square-seed940017-ft-b20,square-seed940017-ft-b20-m0,0.0,,,,,,,,,"robot0 OSC_POSE input [dx,dy,dz,ax,ay,az], action index 0/1",robosuite controller relative command convention,344690979
square,18031b2ed2ee422f6e85bd8c113e199d46e0b29f3f2b2d6b4828e67449e0cf25,940017,ft,20,+x,0.0,ft_sham,test,B,3,1,native_success,76,240,square-seed940017-ft-b20,square-seed940017-ft-b20-m0,0.0,,,,,,,,,"robot0 OSC_POSE input [dx,dy,dz,ax,ay,az], action index 0/1",robosuite controller relative command convention,81362414
square,18031b2ed2ee422f6e85bd8c113e199d46e0b29f3f2b2d6b4828e67449e0cf25,940017,ft,20,+x,0.0,ft_sham,test,B,4,1,native_success,100,216,square-seed940017-ft-b20,square-seed940017-ft-b20-m0,0.0,,,,,,,,,"robot0 OSC_POSE input [dx,dy,dz,ax,ay,az], action index 0/1",robosuite controller relative command convention,2021733804
square,c9e22005b58ba2524782e3068c8341554e419acf66f095e238e56df41d9a7aa3,940017,ft,20,+x,0.125,bc_perturbed,test,A,1,0,episode_horizon,0,316,square-seed940017-ft-b20,square-seed940017-ft-b20-m0.125,0.125,,,,,,,,,"robot0 OSC_POSE input [dx,dy,dz,ax,ay,az], action index 0/1",robosuite controller relative command convention,1500944648
square,c9e22005b58ba2524782e3068c8341554e419acf66f095e238e56df41d9a7aa3,940017,ft,20,+x,0.125,bc_perturbed,test,A,2,0,episode_horizon,0,316,square-seed940017-ft-b20,square-seed940017-ft-b20-m0.125,0.125,,,,,,,,,"robot0 OSC_POSE input [dx,dy,dz,ax,ay,az], action index 0/1",robosuite controller relative command convention,2125427227
square,c9e22005b58ba2524782e3068c8341554e419acf66f095e238e56df41d9a7aa3,940017,ft,20,+x,0.125,bc_perturbed,test,B,3,0,episode_horizon,0,316,square-seed940017-ft-b20,square-seed940017-ft-b20-m0.125,0.125,,,,,,,,,"robot0 OSC_POSE input [dx,dy,dz,ax,ay,az], action index 0/1",robosuite controller relative command convention,1830394174
square,c9e22005b58ba2524782e3068c8341554e419acf66f095e238e56df41d9a7aa3,940017,ft,20,+x,0.125,bc_perturbed,test,B,4,0,episode_horizon,0,316,square-seed940017-ft-b20,square-seed940017-ft-b20-m0.125,0.125,,,,,,,,,"robot0 OSC_POSE input [dx,dy,dz,ax,ay,az], action index 0/1",robosuite controller relative command convention,1662421380
square,18031b2ed2ee422f6e85bd8c113e199d46e0b29f3f2b2d6b4828e67449e0cf25,940017,ft,20,+x,0.125,ft_perturbed,test,A,1,0,episode_horizon,0,316,square-seed940017-ft-b20,square-seed940017-ft-b20-m0.125,0.125,,,,,,,,,"robot0 OSC_POSE input [dx,dy,dz,ax,ay,az], action index 0/1",robosuite controller relative command convention,108194844
square,18031b2ed2ee422f6e85bd8c113e199d46e0b29f3f2b2d6b4828e67449e0cf25,940017,ft,20,+x,0.125,ft_perturbed,test,A,2,0,episode_horizon,0,316,square-seed940017-ft-b20,square-seed940017-ft-b20-m0.125,0.125,,,,,,,,,"robot0 OSC_POSE input [dx,dy,dz,ax,ay,az], action index 0/1",robosuite controller relative command convention,2067332771
square,18031b2ed2ee422f6e85bd8c113e199d46e0b29f3f2b2d6b4828e67449e0cf25,940017,ft,20,+x,0.125,ft_perturbed,test,B,3,0,episode_horizon,0,316,square-seed940017-ft-b20,square-seed940017-ft-b20-m0.125,0.125,,,,,,,,,"robot0 OSC_POSE input [dx,dy,dz,ax,ay,az], action index 0/1",robosuite controller relative command convention,659977468
square,18031b2ed2ee422f6e85bd8c113e199d46e0b29f3f2b2d6b4828e67449e0cf25,940017,ft,20,+x,0.125,ft_perturbed,test,B,4,0,episode_horizon,0,316,square-seed940017-ft-b20,square-seed940017-ft-b20-m0.125,0.125,,,,,,,,,"robot0 OSC_POSE input [dx,dy,dz,ax,ay,az], action index 0/1",robosuite controller relative command convention,717031534
square,c9e22005b58ba2524782e3068c8341554e419acf66f095e238e56df41d9a7aa3,940017,ft,20,+x,0.25,bc_perturbed,test,A,1,0,episode_horizon,0,316,square-seed940017-ft-b20,square-seed940017-ft-b20-m0.25,0.25,,,,,,,,,"robot0 OSC_POSE input [dx,dy,dz,ax,ay,az], action index 0/1",robosuite controller relative command convention,1604595832
square,c9e22005b58ba2524782e3068c8341554e419acf66f095e238e56df41d9a7aa3,940017,ft,20,+x,0.25,bc_perturbed,test,A,2,0,episode_horizon,0,316,square-seed940017-ft-b20,square-seed940017-ft-b20-m0.25,0.25,,,,,,,,,"robot0 OSC_POSE input [dx,dy,dz,ax,ay,az], action index 0/1",robosuite controller relative command convention,971129648
square,c9e22005b58ba2524782e3068c8341554e419acf66f095e238e56df41d9a7aa3,940017,ft,20,+x,0.25,bc_perturbed,test,B,3,0,episode_horizon,0,316,square-seed940017-ft-b20,square-seed940017-ft-b20-m0.25,0.25,,,,,,,,,"robot0 OSC_POSE input [dx,dy,dz,ax,ay,az], action index 0/1",robosuite controller relative command convention,1066582991
square,c9e22005b58ba2524782e3068c8341554e419acf66f095e238e56df41d9a7aa3,940017,ft,20,+x,0.25,bc_perturbed,test,B,4,0,episode_horizon,0,316,square-seed940017-ft-b20,square-seed940017-ft-b20-m0.25,0.25,,,,,,,,,"robot0 OSC_POSE input [dx,dy,dz,ax,ay,az], action index 0/1",robosuite controller relative command convention,1252439190
square,18031b2ed2ee422f6e85bd8c113e199d46e0b29f3f2b2d6b4828e67449e0cf25,940017,ft,20,+x,0.25,ft_perturbed,test,A,1,0,episode_horizon,0,316,square-seed940017-ft-b20,square-seed940017-ft-b20-m0.25,0.25,,,,,,,,,"robot0 OSC_POSE input [dx,dy,dz,ax,ay,az], action index 0/1",robosuite controller relative command convention,396128380
square,18031b2ed2ee422f6e85bd8c113e199d46e0b29f3f2b2d6b4828e67449e0cf25,940017,ft,20,+x,0.25,ft_perturbed,test,A,2,0,episode_horizon,0,316,square-seed940017-ft-b20,square-seed940017-ft-b20-m0.25,0.25,,,,,,,,,"robot0 OSC_POSE input [dx,dy,dz,ax,ay,az], action index 0/1",robosuite controller relative command convention,363846939
square,18031b2ed2ee422f6e85bd8c113e199d46e0b29f3f2b2d6b4828e67449e0cf25,940017,ft,20,+x,0.25,ft_perturbed,test,B,3,0,episode_horizon,0,316,square-seed940017-ft-b20,square-seed940017-ft-b20-m0.25,0.25,,,,,,,,,"robot0 OSC_POSE input [dx,dy,dz,ax,ay,az], action index 0/1",robosuite controller relative command convention,42004353
square,18031b2ed2ee422f6e85bd8c113e199d46e0b29f3f2b2d6b4828e67449e0cf25,940017,ft,20,+x,0.25,ft_perturbed,test,B,4,0,episode_horizon,0,316,square-seed940017-ft-b20,square-seed940017-ft-b20-m0.25,0.25,,,,,,,,,"robot0 OSC_POSE input [dx,dy,dz,ax,ay,az], action index 0/1",robosuite controller relative command convention,677611889
square,c9e22005b58ba2524782e3068c8341554e419acf66f095e238e56df41d9a7aa3,940017,ft,20,+x,0.5,bc_perturbed,test,A,1,0,episode_horizon,0,316,square-seed940017-ft-b20,square-seed940017-ft-b20-m0.5,0.5,,,,,,,,,"robot0 OSC_POSE input [dx,dy,dz,ax,ay,az], action index 0/1",robosuite controller relative command convention,1962528959
square,c9e22005b58ba2524782e3068c8341554e419acf66f095e238e56df41d9a7aa3,940017,ft,20,+x,0.5,bc_perturbed,test,A,2,0,episode_horizon,0,316,square-seed940017-ft-b20,square-seed940017-ft-b20-m0.5,0.5,,,,,,,,,"robot0 OSC_POSE input [dx,dy,dz,ax,ay,az], action index 0/1",robosuite controller relative command convention,11639385
square,c9e22005b58ba2524782e3068c8341554e419acf66f095e238e56df41d9a7aa3,940017,ft,20,+x,0.5,bc_perturbed,test,B,3,0,episode_horizon,0,316,square-seed940017-ft-b20,square-seed940017-ft-b20-m0.5,0.5,,,,,,,,,"robot0 OSC_POSE input [dx,dy,dz,ax,ay,az], action index 0/1",robosuite controller relative command convention,1854747069
square,c9e22005b58ba2524782e3068c8341554e419acf66f095e238e56df41d9a7aa3,940017,ft,20,+x,0.5,bc_perturbed,test,B,4,0,episode_horizon,0,316,square-seed940017-ft-b20,square-seed940017-ft-b20-m0.5,0.5,,,,,,,,,"robot0 OSC_POSE input [dx,dy,dz,ax,ay,az], action index 0/1",robosuite controller relative command convention,535514329
square,18031b2ed2ee422f6e85bd8c113e199d46e0b29f3f2b2d6b4828e67449e0cf25,940017,ft,20,+x,0.5,ft_perturbed,test,A,1,0,episode_horizon,0,316,square-seed940017-ft-b20,square-seed940017-ft-b20-m0.5,0.5,,,,,,,,,"robot0 OSC_POSE input [dx,dy,dz,ax,ay,az], action index 0/1",robosuite controller relative command convention,1413342743
square,18031b2ed2ee422f6e85bd8c113e199d46e0b29f3f2b2d6b4828e67449e0cf25,940017,ft,20,+x,0.5,ft_perturbed,test,A,2,0,episode_horizon,0,316,square-seed940017-ft-b20,square-seed940017-ft-b20-m0.5,0.5,,,,,,,,,"robot0 OSC_POSE input [dx,dy,dz,ax,ay,az], action index 0/1",robosuite controller relative command convention,200229308
square,18031b2ed2ee422f6e85bd8c113e199d46e0b29f3f2b2d6b4828e67449e0cf25,940017,ft,20,+x,0.5,ft_perturbed,test,B,3,0,episode_horizon,0,316,square-seed940017-ft-b20,square-seed940017-ft-b20-m0.5,0.5,,,,,,,,,"robot0 OSC_POSE input [dx,dy,dz,ax,ay,az], action index 0/1",robosuite controller relative command convention,1378274244
square,18031b2ed2ee422f6e85bd8c113e199d46e0b29f3f2b2d6b4828e67449e0cf25,940017,ft,20,+x,0.5,ft_perturbed,test,B,4,0,episode_horizon,0,316,square-seed940017-ft-b20,square-seed940017-ft-b20-m0.5,0.5,,,,,,,,,"robot0 OSC_POSE input [dx,dy,dz,ax,ay,az], action index 0/1",robosuite controller relative command convention,1243108321
square,c9e22005b58ba2524782e3068c8341554e419acf66f095e238e56df41d9a7aa3,940018,bc,40,-x,0.0,bc_sham,test,A,1,1,native_success,124,112,square-seed940018-bc-b40,square-seed940018-bc-b40-m0,0.0,,,,,,,,,"robot0 OSC_POSE input [dx,dy,dz,ax,ay,az], action index 0/1",robosuite controller relative command convention,1439979740
square,c9e22005b58ba2524782e3068c8341554e419acf66f095e238e56df41d9a7aa3,940018,bc,40,-x,0.0,bc_sham,test,A,2,0,episode_horizon,0,236,square-seed940018-bc-b40,square-seed940018-bc-b40-m0,0.0,,,,,,,,,"robot0 OSC_POSE input [dx,dy,dz,ax,ay,az], action index 0/1",robosuite controller relative command convention,504303239
square,c9e22005b58ba2524782e3068c8341554e419acf66f095e238e56df41d9a7aa3,940018,bc,40,-x,0.0,bc_sham,test,B,3,1,native_success,84,152,square-seed940018-bc-b40,square-seed940018-bc-b40-m0,0.0,,,,,,,,,"robot0 OSC_POSE input [dx,dy,dz,ax,ay,az], action index 0/1",robosuite controller relative command convention,1696986349
square,c9e22005b58ba2524782e3068c8341554e419acf66f095e238e56df41d9a7aa3,940018,bc,40,-x,0.0,bc_sham,test,B,4,1,native_success,156,80,square-seed940018-bc-b40,square-seed940018-bc-b40-m0,0.0,,,,,,,,,"robot0 OSC_POSE input [dx,dy,dz,ax,ay,az], action index 0/1",robosuite controller relative command convention,1710491801
square,18031b2ed2ee422f6e85bd8c113e199d46e0b29f3f2b2d6b4828e67449e0cf25,940018,bc,40,-x,0.0,ft_sham,test,A,1,0,episode_horizon,0,236,square-seed940018-bc-b40,square-seed940018-bc-b40-m0,0.0,,,,,,,,,"robot0 OSC_POSE input [dx,dy,dz,ax,ay,az], action index 0/1",robosuite controller relative command convention,738116884
square,18031b2ed2ee422f6e85bd8c113e199d46e0b29f3f2b2d6b4828e67449e0cf25,940018,bc,40,-x,0.0,ft_sham,test,A,2,0,episode_horizon,0,236,square-seed940018-bc-b40,square-seed940018-bc-b40-m0,0.0,,,,,,,,,"robot0 OSC_POSE input [dx,dy,dz,ax,ay,az], action index 0/1",robosuite controller relative command convention,91843927
square,18031b2ed2ee422f6e85bd8c113e199d46e0b29f3f2b2d6b4828e67449e0cf25,940018,bc,40,-x,0.0,ft_sham,test,B,3,0,episode_horizon,0,236,square-seed940018-bc-b40,square-seed940018-bc-b40-m0,0.0,,,,,,,,,"robot0 OSC_POSE input [dx,dy,dz,ax,ay,az], action index 0/1",robosuite controller relative command convention,1781058634
square,18031b2ed2ee422f6e85bd8c113e199d46e0b29f3f2b2d6b4828e67449e0cf25,940018,bc,40,-x,0.0,ft_sham,test,B,4,0,episode_horizon,0,236,square-seed940018-bc-b40,square-seed940018-bc-b40-m0,0.0,,,,,,,,,"robot0 OSC_POSE input [dx,dy,dz,ax,ay,az], action index 0/1",robosuite controller relative command convention,1398788434
square,c9e22005b58ba2524782e3068c8341554e419acf66f095e238e56df41d9a7aa3,940018,bc,40,-x,0.125,bc_perturbed,test,A,1,1,native_success,232,4,square-seed940018-bc-b40,square-seed940018-bc-b40-m0.125,0.125,,,,,,,,,"robot0 OSC_POSE input [dx,dy,dz,ax,ay,az], action index 0/1",robosuite controller relative command convention,1740004013
square,c9e22005b58ba2524782e3068c8341554e419acf66f095e238e56df41d9a7aa3,940018,bc,40,-x,0.125,bc_perturbed,test,A,2,1,native_success,188,48,square-seed940018-bc-b40,square-seed940018-bc-b40-m0.125,0.125,,,,,,,,,"robot0 OSC_POSE input [dx,dy,dz,ax,ay,az], action index 0/1",robosuite controller relative command convention,657225123
square,c9e22005b58ba2524782e3068c8341554e419acf66f095e238e56df41d9a7aa3,940018,bc,40,-x,0.125,bc_perturbed,test,B,3,1,native_success,232,4,square-seed940018-bc-b40,square-seed940018-bc-b40-m0.125,0.125,,,,,,,,,"robot0 OSC_POSE input [dx,dy,dz,ax,ay,az], action index 0/1",robosuite controller relative command convention,318543426
square,c9e22005b58ba2524782e3068c8341554e419acf66f095e238e56df41d9a7aa3,940018,bc,40,-x,0.125,bc_perturbed,test,B,4,1,native_success,192,44,square-seed940018-bc-b40,square-seed940018-bc-b40-m0.125,0.125,,,,,,,,,"robot0 OSC_POSE input [dx,dy,dz,ax,ay,az], action index 0/1",robosuite controller relative command convention,250017373
square,18031b2ed2ee422f6e85bd8c113e199d46e0b29f3f2b2d6b4828e67449e0cf25,940018,bc,40,-x,0.125,ft_perturbed,test,A,1,1,native_success,232,4,square-seed940018-bc-b40,square-seed940018-bc-b40-m0.125,0.125,,,,,,,,,"robot0 OSC_POSE input [dx,dy,dz,ax,ay,az], action index 0/1",robosuite controller relative command convention,369005890
square,18031b2ed2ee422f6e85bd8c113e199d46e0b29f3f2b2d6b4828e67449e0cf25,940018,bc,40,-x,0.125,ft_perturbed,test,A,2,1,native_success,212,24,square-seed940018-bc-b40,square-seed940018-bc-b40-m0.125,0.125,,,,,,,,,"robot0 OSC_POSE input [dx,dy,dz,ax,ay,az], action index 0/1",robosuite controller relative command convention,1431503136
square,18031b2ed2ee422f6e85bd8c113e199d46e0b29f3f2b2d6b4828e67449e0cf25,940018,bc,40,-x,0.125,ft_perturbed,test,B,3,1,native_success,232,4,square-seed940018-bc-b40,square-seed940018-bc-b40-m0.125,0.125,,,,,,,,,"robot0 OSC_POSE input [dx,dy,dz,ax,ay,az], action index 0/1",robosuite controller relative command convention,1998447352
square,18031b2ed2ee422f6e85bd8c113e199d46e0b29f3f2b2d6b4828e67449e0cf25,940018,bc,40,-x,0.125,ft_perturbed,test,B,4,0,episode_horizon,0,236,square-seed940018-bc-b40,square-seed940018-bc-b40-m0.125,0.125,,,,,,,,,"robot0 OSC_POSE input [dx,dy,dz,ax,ay,az], action index 0/1",robosuite controller relative command convention,1882882320
square,c9e22005b58ba2524782e3068c8341554e419acf66f095e238e56df41d9a7aa3,940018,bc,40,-x,0.25,bc_perturbed,test,A,1,1,native_success,172,64,square-seed940018-bc-b40,square-seed940018-bc-b40-m0.25,0.25,,,,,,,,,"robot0 OSC_POSE input [dx,dy,dz,ax,ay,az], action index 0/1",robosuite controller relative command convention,2757660
square,c9e22005b58ba2524782e3068c8341554e419acf66f095e238e56df41d9a7aa3,940018,bc,40,-x,0.25,bc_perturbed,test,A,2,1,native_success,232,4,square-seed940018-bc-b40,square-seed940018-bc-b40-m0.25,0.25,,,,,,,,,"robot0 OSC_POSE input [dx,dy,dz,ax,ay,az], action index 0/1",robosuite controller relative command convention,125183646
square,c9e22005b58ba2524782e3068c8341554e419acf66f095e238e56df41d9a7aa3,940018,bc,40,-x,0.25,bc_perturbed,test,B,3,1,native_success,188,48,square-seed940018-bc-b40,square-seed940018-bc-b40-m0.25,0.25,,,,,,,,,"robot0 OSC_POSE input [dx,dy,dz,ax,ay,az], action index 0/1",robosuite controller relative command convention,233601353
square,c9e22005b58ba2524782e3068c8341554e419acf66f095e238e56df41d9a7aa3,940018,bc,40,-x,0.25,bc_perturbed,test,B,4,1,native_success,232,4,square-seed940018-bc-b40,square-seed940018-bc-b40-m0.25,0.25,,,,,,,,,"robot0 OSC_POSE input [dx,dy,dz,ax,ay,az], action index 0/1",robosuite controller relative command convention,147261156
square,18031b2ed2ee422f6e85bd8c113e199d46e0b29f3f2b2d6b4828e67449e0cf25,940018,bc,40,-x,0.25,ft_perturbed,test,A,1,1,native_success,216,20,square-seed940018-bc-b40,square-seed940018-bc-b40-m0.25,0.25,,,,,,,,,"robot0 OSC_POSE input [dx,dy,dz,ax,ay,az], action index 0/1",robosuite controller relative command convention,118814034
square,18031b2ed2ee422f6e85bd8c113e199d46e0b29f3f2b2d6b4828e67449e0cf25,940018,bc,40,-x,0.25,ft_perturbed,test,A,2,1,native_success,228,8,square-seed940018-bc-b40,square-seed940018-bc-b40-m0.25,0.25,,,,,,,,,"robot0 OSC_POSE input [dx,dy,dz,ax,ay,az], action index 0/1",robosuite controller relative command convention,1536085701
square,18031b2ed2ee422f6e85bd8c113e199d46e0b29f3f2b2d6b4828e67449e0cf25,940018,bc,40,-x,0.25,ft_perturbed,test,B,3,1,native_success,228,8,square-seed940018-bc-b40,square-seed940018-bc-b40-m0.25,0.25,,,,,,,,,"robot0 OSC_POSE input [dx,dy,dz,ax,ay,az], action index 0/1",robosuite controller relative command convention,1862735223
square,18031b2ed2ee422f6e85bd8c113e199d46e0b29f3f2b2d6b4828e67449e0cf25,940018,bc,40,-x,0.25,ft_perturbed,test,B,4,1,native_success,228,8,square-seed940018-bc-b40,square-seed940018-bc-b40-m0.25,0.25,,,,,,,,,"robot0 OSC_POSE input [dx,dy,dz,ax,ay,az], action index 0/1",robosuite controller relative command convention,488621248
square,c9e22005b58ba2524782e3068c8341554e419acf66f095e238e56df41d9a7aa3,940018,bc,40,-x,0.5,bc_perturbed,test,A,1,0,episode_horizon,0,236,square-seed940018-bc-b40,square-seed940018-bc-b40-m0.5,0.5,,,,,,,,,"robot0 OSC_POSE input [dx,dy,dz,ax,ay,az], action index 0/1",robosuite controller relative command convention,1693173001
square,c9e22005b58ba2524782e3068c8341554e419acf66f095e238e56df41d9a7aa3,940018,bc,40,-x,0.5,bc_perturbed,test,A,2,1,native_success,16,220,square-seed940018-bc-b40,square-seed940018-bc-b40-m0.5,0.5,,,,,,,,,"robot0 OSC_POSE input [dx,dy,dz,ax,ay,az], action index 0/1",robosuite controller relative command convention,1839995613
square,c9e22005b58ba2524782e3068c8341554e419acf66f095e238e56df41d9a7aa3,940018,bc,40,-x,0.5,bc_perturbed,test,B,3,0,episode_horizon,0,236,square-seed940018-bc-b40,square-seed940018-bc-b40-m0.5,0.5,,,,,,,,,"robot0 OSC_POSE input [dx,dy,dz,ax,ay,az], action index 0/1",robosuite controller relative command convention,913154865
square,c9e22005b58ba2524782e3068c8341554e419acf66f095e238e56df41d9a7aa3,940018,bc,40,-x,0.5,bc_perturbed,test,B,4,0,episode_horizon,0,236,square-seed940018-bc-b40,square-seed940018-bc-b40-m0.5,0.5,,,,,,,,,"robot0 OSC_POSE input [dx,dy,dz,ax,ay,az], action index 0/1",robosuite controller relative command convention,536979786
square,18031b2ed2ee422f6e85bd8c113e199d46e0b29f3f2b2d6b4828e67449e0cf25,940018,bc,40,-x,0.5,ft_perturbed,test,A,1,0,episode_horizon,0,236,square-seed940018-bc-b40,square-seed940018-bc-b40-m0.5,0.5,,,,,,,,,"robot0 OSC_POSE input [dx,dy,dz,ax,ay,az], action index 0/1",robosuite controller relative command convention,631074382
square,18031b2ed2ee422f6e85bd8c113e199d46e0b29f3f2b2d6b4828e67449e0cf25,940018,bc,40,-x,0.5,ft_perturbed,test,A,2,0,episode_horizon,0,236,square-seed940018-bc-b40,square-seed940018-bc-b40-m0.5,0.5,,,,,,,,,"robot0 OSC_POSE input [dx,dy,dz,ax,ay,az], action index 0/1",robosuite controller relative command convention,1799731520
square,18031b2ed2ee422f6e85bd8c113e199d46e0b29f3f2b2d6b4828e67449e0cf25,940018,bc,40,-x,0.5,ft_perturbed,test,B,3,1,native_success,4,232,square-seed940018-bc-b40,square-seed940018-bc-b40-m0.5,0.5,,,,,,,,,"robot0 OSC_POSE input [dx,dy,dz,ax,ay,az], action index 0/1",robosuite controller relative command convention,1564568806
square,18031b2ed2ee422f6e85bd8c113e199d46e0b29f3f2b2d6b4828e67449e0cf25,940018,bc,40,-x,0.5,ft_perturbed,test,B,4,0,episode_horizon,0,236,square-seed940018-bc-b40,square-seed940018-bc-b40-m0.5,0.5,,,,,,,,,"robot0 OSC_POSE input [dx,dy,dz,ax,ay,az], action index 0/1",robosuite controller relative command convention,1941764547
square,c9e22005b58ba2524782e3068c8341554e419acf66f095e238e56df41d9a7aa3,940019,bc,10,+y,0.0,bc_sham,test,A,1,0,episode_horizon,0,356,square-seed940019-bc-b10,square-seed940019-bc-b10-m0,0.0,,,,,,,,,"robot0 OSC_POSE input [dx,dy,dz,ax,ay,az], action index 0/1",robosuite controller relative command convention,2091808412
square,c9e22005b58ba2524782e3068c8341554e419acf66f095e238e56df41d9a7aa3,940019,bc,10,+y,0.0,bc_sham,test,A,2,1,native_success,164,192,square-seed940019-bc-b10,square-seed940019-bc-b10-m0,0.0,,,,,,,,,"robot0 OSC_POSE input [dx,dy,dz,ax,ay,az], action index 0/1",robosuite controller relative command convention,650492378
square,c9e22005b58ba2524782e3068c8341554e419acf66f095e238e56df41d9a7aa3,940019,bc,10,+y,0.0,bc_sham,test,B,3,0,episode_horizon,0,356,square-seed940019-bc-b10,square-seed940019-bc-b10-m0,0.0,,,,,,,,,"robot0 OSC_POSE input [dx,dy,dz,ax,ay,az], action index 0/1",robosuite controller relative command convention,1422684045
square,c9e22005b58ba2524782e3068c8341554e419acf66f095e238e56df41d9a7aa3,940019,bc,10,+y,0.0,bc_sham,test,B,4,1,native_success,4,352,square-seed940019-bc-b10,square-seed940019-bc-b10-m0,0.0,,,,,,,,,"robot0 OSC_POSE input [dx,dy,dz,ax,ay,az], action index 0/1",robosuite controller relative command convention,1139920105
square,18031b2ed2ee422f6e85bd8c113e199d46e0b29f3f2b2d6b4828e67449e0cf25,940019,bc,10,+y,0.0,ft_sham,test,A,1,1,native_success,268,88,square-seed940019-bc-b10,square-seed940019-bc-b10-m0,0.0,,,,,,,,,"robot0 OSC_POSE input [dx,dy,dz,ax,ay,az], action index 0/1",robosuite controller relative command convention,1309780150
square,18031b2ed2ee422f6e85bd8c113e199d46e0b29f3f2b2d6b4828e67449e0cf25,940019,bc,10,+y,0.0,ft_sham,test,A,2,1,native_success,272,84,square-seed940019-bc-b10,square-seed940019-bc-b10-m0,0.0,,,,,,,,,"robot0 OSC_POSE input [dx,dy,dz,ax,ay,az], action index 0/1",robosuite controller relative command convention,195556136
square,18031b2ed2ee422f6e85bd8c113e199d46e0b29f3f2b2d6b4828e67449e0cf25,940019,bc,10,+y,0.0,ft_sham,test,B,3,1,native_success,268,88,square-seed940019-bc-b10,square-seed940019-bc-b10-m0,0.0,,,,,,,,,"robot0 OSC_POSE input [dx,dy,dz,ax,ay,az], action index 0/1",robosuite controller relative command convention,1518490897
square,18031b2ed2ee422f6e85bd8c113e199d46e0b29f3f2b2d6b4828e67449e0cf25,940019,bc,10,+y,0.0,ft_sham,test,B,4,1,native_success,264,92,square-seed940019-bc-b10,square-seed940019-bc-b10-m0,0.0,,,,,,,,,"robot0 OSC_POSE input [dx,dy,dz,ax,ay,az], action index 0/1",robosuite controller relative command convention,457127916
square,c9e22005b58ba2524782e3068c8341554e419acf66f095e238e56df41d9a7aa3,940019,bc,10,+y,0.125,bc_perturbed,test,A,1,0,episode_horizon,0,356,square-seed940019-bc-b10,square-seed940019-bc-b10-m0.125,0.125,,,,,,,,,"robot0 OSC_POSE input [dx,dy,dz,ax,ay,az], action index 0/1",robosuite controller relative command convention,1821365179
square,c9e22005b58ba2524782e3068c8341554e419acf66f095e238e56df41d9a7aa3,940019,bc,10,+y,0.125,bc_perturbed,test,A,2,1,native_success,104,252,square-seed940019-bc-b10,square-seed940019-bc-b10-m0.125,0.125,,,,,,,,,"robot0 OSC_POSE input [dx,dy,dz,ax,ay,az], action index 0/1",robosuite controller relative command convention,1383729553
square,c9e22005b58ba2524782e3068c8341554e419acf66f095e238e56df41d9a7aa3,940019,bc,10,+y,0.125,bc_perturbed,test,B,3,1,native_success,0,356,square-seed940019-bc-b10,square-seed940019-bc-b10-m0.125,0.125,,,,,,,,,"robot0 OSC_POSE input [dx,dy,dz,ax,ay,az], action index 0/1",robosuite controller relative command convention,1683331631
square,c9e22005b58ba2524782e3068c8341554e419acf66f095e238e56df41d9a7aa3,940019,bc,10,+y,0.125,bc_perturbed,test,B,4,1,native_success,48,308,square-seed940019-bc-b10,square-seed940019-bc-b10-m0.125,0.125,,,,,,,,,"robot0 OSC_POSE input [dx,dy,dz,ax,ay,az], action index 0/1",robosuite controller relative command convention,2142551838
square,18031b2ed2ee422f6e85bd8c113e199d46e0b29f3f2b2d6b4828e67449e0cf25,940019,bc,10,+y,0.125,ft_perturbed,test,A,1,1,native_success,268,88,square-seed940019-bc-b10,square-seed940019-bc-b10-m0.125,0.125,,,,,,,,,"robot0 OSC_POSE input [dx,dy,dz,ax,ay,az], action index 0/1",robosuite controller relative command convention,1764296215
square,18031b2ed2ee422f6e85bd8c113e199d46e0b29f3f2b2d6b4828e67449e0cf25,940019,bc,10,+y,0.125,ft_perturbed,test,A,2,1,native_success,272,84,square-seed940019-bc-b10,square-seed940019-bc-b10-m0.125,0.125,,,,,,,,,"robot0 OSC_POSE input [dx,dy,dz,ax,ay,az], action index 0/1",robosuite controller relative command convention,1211633878
square,18031b2ed2ee422f6e85bd8c113e199d46e0b29f3f2b2d6b4828e67449e0cf25,940019,bc,10,+y,0.125,ft_perturbed,test,B,3,1,native_success,264,92,square-seed940019-bc-b10,square-seed940019-bc-b10-m0.125,0.125,,,,,,,,,"robot0 OSC_POSE input [dx,dy,dz,ax,ay,az], action index 0/1",robosuite controller relative command convention,970789880
square,18031b2ed2ee422f6e85bd8c113e199d46e0b29f3f2b2d6b4828e67449e0cf25,940019,bc,10,+y,0.125,ft_perturbed,test,B,4,1,native_success,264,92,square-seed940019-bc-b10,square-seed940019-bc-b10-m0.125,0.125,,,,,,,,,"robot0 OSC_POSE input [dx,dy,dz,ax,ay,az], action index 0/1",robosuite controller relative command convention,2056000696
square,c9e22005b58ba2524782e3068c8341554e419acf66f095e238e56df41d9a7aa3,940019,bc,10,+y,0.25,bc_perturbed,test,A,1,0,episode_horizon,0,356,square-seed940019-bc-b10,square-seed940019-bc-b10-m0.25,0.25,,,,,,,,,"robot0 OSC_POSE input [dx,dy,dz,ax,ay,az], action index 0/1",robosuite controller relative command convention,1691012859
square,c9e22005b58ba2524782e3068c8341554e419acf66f095e238e56df41d9a7aa3,940019,bc,10,+y,0.25,bc_perturbed,test,A,2,1,native_success,100,256,square-seed940019-bc-b10,square-seed940019-bc-b10-m0.25,0.25,,,,,,,,,"robot0 OSC_POSE input [dx,dy,dz,ax,ay,az], action index 0/1",robosuite controller relative command convention,1506816735
square,c9e22005b58ba2524782e3068c8341554e419acf66f095e238e56df41d9a7aa3,940019,bc,10,+y,0.25,bc_perturbed,test,B,3,0,episode_horizon,0,356,square-seed940019-bc-b10,square-seed940019-bc-b10-m0.25,0.25,,,,,,,,,"robot0 OSC_POSE input [dx,dy,dz,ax,ay,az], action index 0/1",robosuite controller relative command convention,1208267835
square,c9e22005b58ba2524782e3068c8341554e419acf66f095e238e56df41d9a7aa3,940019,bc,10,+y,0.25,bc_perturbed,test,B,4,1,native_success,68,288,square-seed940019-bc-b10,square-seed940019-bc-b10-m0.25,0.25,,,,,,,,,"robot0 OSC_POSE input [dx,dy,dz,ax,ay,az], action index 0/1",robosuite controller relative command convention,6654968
square,18031b2ed2ee422f6e85bd8c113e199d46e0b29f3f2b2d6b4828e67449e0cf25,940019,bc,10,+y,0.25,ft_perturbed,test,A,1,1,native_success,264,92,square-seed940019-bc-b10,square-seed940019-bc-b10-m0.25,0.25,,,,,,,,,"robot0 OSC_POSE input [dx,dy,dz,ax,ay,az], action index 0/1",robosuite controller relative command convention,1671876386
square,18031b2ed2ee422f6e85bd8c113e199d46e0b29f3f2b2d6b4828e67449e0cf25,940019,bc,10,+y,0.25,ft_perturbed,test,A,2,1,native_success,268,88,square-seed940019-bc-b10,square-seed940019-bc-b10-m0.25,0.25,,,,,,,,,"robot0 OSC_POSE input [dx,dy,dz,ax,ay,az], action index 0/1",robosuite controller relative command convention,375291388
square,18031b2ed2ee422f6e85bd8c113e199d46e0b29f3f2b2d6b4828e67449e0cf25,940019,bc,10,+y,0.25,ft_perturbed,test,B,3,1,native_success,264,92,square-seed940019-bc-b10,square-seed940019-bc-b10-m0.25,0.25,,,,,,,,,"robot0 OSC_POSE input [dx,dy,dz,ax,ay,az], action index 0/1",robosuite controller relative command convention,282413886
square,18031b2ed2ee422f6e85bd8c113e199d46e0b29f3f2b2d6b4828e67449e0cf25,940019,bc,10,+y,0.25,ft_perturbed,test,B,4,1,native_success,272,84,square-seed940019-bc-b10,square-seed940019-bc-b10-m0.25,0.25,,,,,,,,,"robot0 OSC_POSE input [dx,dy,dz,ax,ay,az], action index 0/1",robosuite controller relative command convention,450337475
square,c9e22005b58ba2524782e3068c8341554e419acf66f095e238e56df41d9a7aa3,940019,bc,10,+y,0.5,bc_perturbed,test,A,1,0,episode_horizon,0,356,square-seed940019-bc-b10,square-seed940019-bc-b10-m0.5,0.5,,,,,,,,,"robot0 OSC_POSE input [dx,dy,dz,ax,ay,az], action index 0/1",robosuite controller relative command convention,1416649386
square,c9e22005b58ba2524782e3068c8341554e419acf66f095e238e56df41d9a7aa3,940019,bc,10,+y,0.5,bc_perturbed,test,A,2,0,episode_horizon,0,356,square-seed940019-bc-b10,square-seed940019-bc-b10-m0.5,0.5,,,,,,,,,"robot0 OSC_POSE input [dx,dy,dz,ax,ay,az], action index 0/1",robosuite controller relative command convention,63756763
square,c9e22005b58ba2524782e3068c8341554e419acf66f095e238e56df41d9a7aa3,940019,bc,10,+y,0.5,bc_perturbed,test,B,3,1,native_success,68,288,square-seed940019-bc-b10,square-seed940019-bc-b10-m0.5,0.5,,,,,,,,,"robot0 OSC_POSE input [dx,dy,dz,ax,ay,az], action index 0/1",robosuite controller relative command convention,1658278034
square,c9e22005b58ba2524782e3068c8341554e419acf66f095e238e56df41d9a7aa3,940019,bc,10,+y,0.5,bc_perturbed,test,B,4,0,episode_horizon,0,356,square-seed940019-bc-b10,square-seed940019-bc-b10-m0.5,0.5,,,,,,,,,"robot0 OSC_POSE input [dx,dy,dz,ax,ay,az], action index 0/1",robosuite controller relative command convention,1174596266
square,18031b2ed2ee422f6e85bd8c113e199d46e0b29f3f2b2d6b4828e67449e0cf25,940019,bc,10,+y,0.5,ft_perturbed,test,A,1,1,native_success,268,88,square-seed940019-bc-b10,square-seed940019-bc-b10-m0.5,0.5,,,,,,,,,"robot0 OSC_POSE input [dx,dy,dz,ax,ay,az], action index 0/1",robosuite controller relative command convention,2120031359
square,18031b2ed2ee422f6e85bd8c113e199d46e0b29f3f2b2d6b4828e67449e0cf25,940019,bc,10,+y,0.5,ft_perturbed,test,A,2,1,native_success,280,76,square-seed940019-bc-b10,square-seed940019-bc-b10-m0.5,0.5,,,,,,,,,"robot0 OSC_POSE input [dx,dy,dz,ax,ay,az], action index 0/1",robosuite controller relative command convention,1856160613
square,18031b2ed2ee422f6e85bd8c113e199d46e0b29f3f2b2d6b4828e67449e0cf25,940019,bc,10,+y,0.5,ft_perturbed,test,B,3,1,native_success,268,88,square-seed940019-bc-b10,square-seed940019-bc-b10-m0.5,0.5,,,,,,,,,"robot0 OSC_POSE input [dx,dy,dz,ax,ay,az], action index 0/1",robosuite controller relative command convention,76433607
square,18031b2ed2ee422f6e85bd8c113e199d46e0b29f3f2b2d6b4828e67449e0cf25,940019,bc,10,+y,0.5,ft_perturbed,test,B,4,1,native_success,268,88,square-seed940019-bc-b10,square-seed940019-bc-b10-m0.5,0.5,,,,,,,,,"robot0 OSC_POSE input [dx,dy,dz,ax,ay,az], action index 0/1",robosuite controller relative command convention,603103957
square,c9e22005b58ba2524782e3068c8341554e419acf66f095e238e56df41d9a7aa3,940019,ft,10,+y,0.0,bc_sham,test,A,1,1,native_success,296,60,square-seed940019-ft-b10,square-seed940019-ft-b10-m0,0.0,,,,,,,,,"robot0 OSC_POSE input [dx,dy,dz,ax,ay,az], action index 0/1",robosuite controller relative command convention,1411103160
square,c9e22005b58ba2524782e3068c8341554e419acf66f095e238e56df41d9a7aa3,940019,ft,10,+y,0.0,bc_sham,test,A,2,1,native_success,300,56,square-seed940019-ft-b10,square-seed940019-ft-b10-m0,0.0,,,,,,,,,"robot0 OSC_POSE input [dx,dy,dz,ax,ay,az], action index 0/1",robosuite controller relative command convention,451534641
square,c9e22005b58ba2524782e3068c8341554e419acf66f095e238e56df41d9a7aa3,940019,ft,10,+y,0.0,bc_sham,test,B,3,1,native_success,296,60,square-seed940019-ft-b10,square-seed940019-ft-b10-m0,0.0,,,,,,,,,"robot0 OSC_POSE input [dx,dy,dz,ax,ay,az], action index 0/1",robosuite controller relative command convention,1801119528
square,c9e22005b58ba2524782e3068c8341554e419acf66f095e238e56df41d9a7aa3,940019,ft,10,+y,0.0,bc_sham,test,B,4,1,native_success,288,68,square-seed940019-ft-b10,square-seed940019-ft-b10-m0,0.0,,,,,,,,,"robot0 OSC_POSE input [dx,dy,dz,ax,ay,az], action index 0/1",robosuite controller relative command convention,635577951
square,18031b2ed2ee422f6e85bd8c113e199d46e0b29f3f2b2d6b4828e67449e0cf25,940019,ft,10,+y,0.0,ft_sham,test,A,1,1,native_success,292,64,square-seed940019-ft-b10,square-seed940019-ft-b10-m0,0.0,,,,,,,,,"robot0 OSC_POSE input [dx,dy,dz,ax,ay,az], action index 0/1",robosuite controller relative command convention,853287996
square,18031b2ed2ee422f6e85bd8c113e199d46e0b29f3f2b2d6b4828e67449e0cf25,940019,ft,10,+y,0.0,ft_sham,test,A,2,1,native_success,296,60,square-seed940019-ft-b10,square-seed940019-ft-b10-m0,0.0,,,,,,,,,"robot0 OSC_POSE input [dx,dy,dz,ax,ay,az], action index 0/1",robosuite controller relative command convention,1671159745
square,18031b2ed2ee422f6e85bd8c113e199d46e0b29f3f2b2d6b4828e67449e0cf25,940019,ft,10,+y,0.0,ft_sham,test,B,3,1,native_success,296,60,square-seed940019-ft-b10,square-seed940019-ft-b10-m0,0.0,,,,,,,,,"robot0 OSC_POSE input [dx,dy,dz,ax,ay,az], action index 0/1",robosuite controller relative command convention,942502939
square,18031b2ed2ee422f6e85bd8c113e199d46e0b29f3f2b2d6b4828e67449e0cf25,940019,ft,10,+y,0.0,ft_sham,test,B,4,1,native_success,296,60,square-seed940019-ft-b10,square-seed940019-ft-b10-m0,0.0,,,,,,,,,"robot0 OSC_POSE input [dx,dy,dz,ax,ay,az], action index 0/1",robosuite controller relative command convention,166387601
square,c9e22005b58ba2524782e3068c8341554e419acf66f095e238e56df41d9a7aa3,940019,ft,10,+y,0.125,bc_perturbed,test,A,1,1,native_success,284,72,square-seed940019-ft-b10,square-seed940019-ft-b10-m0.125,0.125,,,,,,,,,"robot0 OSC_POSE input [dx,dy,dz,ax,ay,az], action index 0/1",robosuite controller relative command convention,2024672344
square,c9e22005b58ba2524782e3068c8341554e419acf66f095e238e56df41d9a7aa3,940019,ft,10,+y,0.125,bc_perturbed,test,A,2,1,native_success,292,64,square-seed940019-ft-b10,square-seed940019-ft-b10-m0.125,0.125,,,,,,,,,"robot0 OSC_POSE input [dx,dy,dz,ax,ay,az], action index 0/1",robosuite controller relative command convention,832838367
square,c9e22005b58ba2524782e3068c8341554e419acf66f095e238e56df41d9a7aa3,940019,ft,10,+y,0.125,bc_perturbed,test,B,3,1,native_success,288,68,square-seed940019-ft-b10,square-seed940019-ft-b10-m0.125,0.125,,,,,,,,,"robot0 OSC_POSE input [dx,dy,dz,ax,ay,az], action index 0/1",robosuite controller relative command convention,271256702
square,c9e22005b58ba2524782e3068c8341554e419acf66f095e238e56df41d9a7aa3,940019,ft,10,+y,0.125,bc_perturbed,test,B,4,1,native_success,292,64,square-seed940019-ft-b10,square-seed940019-ft-b10-m0.125,0.125,,,,,,,,,"robot0 OSC_POSE input [dx,dy,dz,ax,ay,az], action index 0/1",robosuite controller relative command convention,539009805
square,18031b2ed2ee422f6e85bd8c113e199d46e0b29f3f2b2d6b4828e67449e0cf25,940019,ft,10,+y,0.125,ft_perturbed,test,A,1,1,native_success,296,60,square-seed940019-ft-b10,square-seed940019-ft-b10-m0.125,0.125,,,,,,,,,"robot0 OSC_POSE input [dx,dy,dz,ax,ay,az], action index 0/1",robosuite controller relative command convention,468700305
square,18031b2ed2ee422f6e85bd8c113e199d46e0b29f3f2b2d6b4828e67449e0cf25,940019,ft,10,+y,0.125,ft_perturbed,test,A,2,1,native_success,296,60,square-seed940019-ft-b10,square-seed940019-ft-b10-m0.125,0.125,,,,,,,,,"robot0 OSC_POSE input [dx,dy,dz,ax,ay,az], action index 0/1",robosuite controller relative command convention,2020568978
square,18031b2ed2ee422f6e85bd8c113e199d46e0b29f3f2b2d6b4828e67449e0cf25,940019,ft,10,+y,0.125,ft_perturbed,test,B,3,1,native_success,300,56,square-seed940019-ft-b10,square-seed940019-ft-b10-m0.125,0.125,,,,,,,,,"robot0 OSC_POSE input [dx,dy,dz,ax,ay,az], action index 0/1",robosuite controller relative command convention,625399347
square,18031b2ed2ee422f6e85bd8c113e199d46e0b29f3f2b2d6b4828e67449e0cf25,940019,ft,10,+y,0.125,ft_perturbed,test,B,4,1,native_success,292,64,square-seed940019-ft-b10,square-seed940019-ft-b10-m0.125,0.125,,,,,,,,,"robot0 OSC_POSE input [dx,dy,dz,ax,ay,az], action index 0/1",robosuite controller relative command convention,1611385006
square,c9e22005b58ba2524782e3068c8341554e419acf66f095e238e56df41d9a7aa3,940019,ft,10,+y,0.25,bc_perturbed,test,A,1,1,native_success,284,72,square-seed940019-ft-b10,square-seed940019-ft-b10-m0.25,0.25,,,,,,,,,"robot0 OSC_POSE input [dx,dy,dz,ax,ay,az], action index 0/1",robosuite controller relative command convention,37911177
square,c9e22005b58ba2524782e3068c8341554e419acf66f095e238e56df41d9a7aa3,940019,ft,10,+y,0.25,bc_perturbed,test,A,2,0,episode_horizon,0,356,square-seed940019-ft-b10,square-seed940019-ft-b10-m0.25,0.25,,,,,,,,,"robot0 OSC_POSE input [dx,dy,dz,ax,ay,az], action index 0/1",robosuite controller relative command convention,817956490
square,c9e22005b58ba2524782e3068c8341554e419acf66f095e238e56df41d9a7aa3,940019,ft,10,+y,0.25,bc_perturbed,test,B,3,1,native_success,288,68,square-seed940019-ft-b10,square-seed940019-ft-b10-m0.25,0.25,,,,,,,,,"robot0 OSC_POSE input [dx,dy,dz,ax,ay,az], action index 0/1",robosuite controller relative command convention,30252104
square,c9e22005b58ba2524782e3068c8341554e419acf66f095e238e56df41d9a7aa3,940019,ft,10,+y,0.25,bc_perturbed,test,B,4,1,native_success,216,140,square-seed940019-ft-b10,square-seed940019-ft-b10-m0.25,0.25,,,,,,,,,"robot0 OSC_POSE input [dx,dy,dz,ax,ay,az], action index 0/1",robosuite controller relative command convention,1126276390
square,18031b2ed2ee422f6e85bd8c113e199d46e0b29f3f2b2d6b4828e67449e0cf25,940019,ft,10,+y,0.25,ft_perturbed,test,A,1,1,native_success,292,64,square-seed940019-ft-b10,square-seed940019-ft-b10-m0.25,0.25,,,,,,,,,"robot0 OSC_POSE input [dx,dy,dz,ax,ay,az], action index 0/1",robosuite controller relative command convention,2112826867
square,18031b2ed2ee422f6e85bd8c113e199d46e0b29f3f2b2d6b4828e67449e0cf25,940019,ft,10,+y,0.25,ft_perturbed,test,A,2,1,native_success,292,64,square-seed940019-ft-b10,square-seed940019-ft-b10-m0.25,0.25,,,,,,,,,"robot0 OSC_POSE input [dx,dy,dz,ax,ay,az], action index 0/1",robosuite controller relative command convention,2117628294
square,18031b2ed2ee422f6e85bd8c113e199d46e0b29f3f2b2d6b4828e67449e0cf25,940019,ft,10,+y,0.25,ft_perturbed,test,B,3,1,native_success,292,64,square-seed940019-ft-b10,square-seed940019-ft-b10-m0.25,0.25,,,,,,,,,"robot0 OSC_POSE input [dx,dy,dz,ax,ay,az], action index 0/1",robosuite controller relative command convention,1815570361
square,18031b2ed2ee422f6e85bd8c113e199d46e0b29f3f2b2d6b4828e67449e0cf25,940019,ft,10,+y,0.25,ft_perturbed,test,B,4,1,native_success,292,64,square-seed940019-ft-b10,square-seed940019-ft-b10-m0.25,0.25,,,,,,,,,"robot0 OSC_POSE input [dx,dy,dz,ax,ay,az], action index 0/1",robosuite controller relative command convention,2103229023
square,c9e22005b58ba2524782e3068c8341554e419acf66f095e238e56df41d9a7aa3,940019,ft,10,+y,0.5,bc_perturbed,test,A,1,1,native_success,296,60,square-seed940019-ft-b10,square-seed940019-ft-b10-m0.5,0.5,,,,,,,,,"robot0 OSC_POSE input [dx,dy,dz,ax,ay,az], action index 0/1",robosuite controller relative command convention,96399273
square,c9e22005b58ba2524782e3068c8341554e419acf66f095e238e56df41d9a7aa3,940019,ft,10,+y,0.5,bc_perturbed,test,A,2,0,episode_horizon,0,356,square-seed940019-ft-b10,square-seed940019-ft-b10-m0.5,0.5,,,,,,,,,"robot0 OSC_POSE input [dx,dy,dz,ax,ay,az], action index 0/1",robosuite controller relative command convention,227003470
square,c9e22005b58ba2524782e3068c8341554e419acf66f095e238e56df41d9a7aa3,940019,ft,10,+y,0.5,bc_perturbed,test,B,3,0,episode_horizon,0,356,square-seed940019-ft-b10,square-seed940019-ft-b10-m0.5,0.5,,,,,,,,,"robot0 OSC_POSE input [dx,dy,dz,ax,ay,az], action index 0/1",robosuite controller relative command convention,1823928016
square,c9e22005b58ba2524782e3068c8341554e419acf66f095e238e56df41d9a7aa3,940019,ft,10,+y,0.5,bc_perturbed,test,B,4,1,native_success,296,60,square-seed940019-ft-b10,square-seed940019-ft-b10-m0.5,0.5,,,,,,,,,"robot0 OSC_POSE input [dx,dy,dz,ax,ay,az], action index 0/1",robosuite controller relative command convention,1701200813
square,18031b2ed2ee422f6e85bd8c113e199d46e0b29f3f2b2d6b4828e67449e0cf25,940019,ft,10,+y,0.5,ft_perturbed,test,A,1,1,native_success,292,64,square-seed940019-ft-b10,square-seed940019-ft-b10-m0.5,0.5,,,,,,,,,"robot0 OSC_POSE input [dx,dy,dz,ax,ay,az], action index 0/1",robosuite controller relative command convention,800223376
square,18031b2ed2ee422f6e85bd8c113e199d46e0b29f3f2b2d6b4828e67449e0cf25,940019,ft,10,+y,0.5,ft_perturbed,test,A,2,1,native_success,296,60,square-seed940019-ft-b10,square-seed940019-ft-b10-m0.5,0.5,,,,,,,,,"robot0 OSC_POSE input [dx,dy,dz,ax,ay,az], action index 0/1",robosuite controller relative command convention,1269991462
square,18031b2ed2ee422f6e85bd8c113e199d46e0b29f3f2b2d6b4828e67449e0cf25,940019,ft,10,+y,0.5,ft_perturbed,test,B,3,1,native_success,292,64,square-seed940019-ft-b10,square-seed940019-ft-b10-m0.5,0.5,,,,,,,,,"robot0 OSC_POSE input [dx,dy,dz,ax,ay,az], action index 0/1",robosuite controller relative command convention,1663944858
square,18031b2ed2ee422f6e85bd8c113e199d46e0b29f3f2b2d6b4828e67449e0cf25,940019,ft,10,+y,0.5,ft_perturbed,test,B,4,1,native_success,292,64,square-seed940019-ft-b10,square-seed940019-ft-b10-m0.5,0.5,,,,,,,,,"robot0 OSC_POSE input [dx,dy,dz,ax,ay,az], action index 0/1",robosuite controller relative command convention,272740
square,c9e22005b58ba2524782e3068c8341554e419acf66f095e238e56df41d9a7aa3,940020,bc,20,-y,0.0,bc_sham,test,A,1,0,episode_horizon,0,316,square-seed940020-bc-b20,square-seed940020-bc-b20-m0,0.0,,,,,,,,,"robot0 OSC_POSE input [dx,dy,dz,ax,ay,az], action index 0/1",robosuite controller relative command convention,1341199334
square,c9e22005b58ba2524782e3068c8341554e419acf66f095e238e56df41d9a7aa3,940020,bc,20,-y,0.0,bc_sham,test,A,2,0,episode_horizon,0,316,square-seed940020-bc-b20,square-seed940020-bc-b20-m0,0.0,,,,,,,,,"robot0 OSC_POSE input [dx,dy,dz,ax,ay,az], action index 0/1",robosuite controller relative command convention,1256497078
square,c9e22005b58ba2524782e3068c8341554e419acf66f095e238e56df41d9a7aa3,940020,bc,20,-y,0.0,bc_sham,test,B,3,0,episode_horizon,0,316,square-seed940020-bc-b20,square-seed940020-bc-b20-m0,0.0,,,,,,,,,"robot0 OSC_POSE input [dx,dy,dz,ax,ay,az], action index 0/1",robosuite controller relative command convention,1668680566
square,c9e22005b58ba2524782e3068c8341554e419acf66f095e238e56df41d9a7aa3,940020,bc,20,-y,0.0,bc_sham,test,B,4,0,episode_horizon,0,316,square-seed940020-bc-b20,square-seed940020-bc-b20-m0,0.0,,,,,,,,,"robot0 OSC_POSE input [dx,dy,dz,ax,ay,az], action index 0/1",robosuite controller relative command convention,1110099445
square,18031b2ed2ee422f6e85bd8c113e199d46e0b29f3f2b2d6b4828e67449e0cf25,940020,bc,20,-y,0.0,ft_sham,test,A,1,1,native_success,164,152,square-seed940020-bc-b20,square-seed940020-bc-b20-m0,0.0,,,,,,,,,"robot0 OSC_POSE input [dx,dy,dz,ax,ay,az], action index 0/1",robosuite controller relative command convention,2086471638
square,18031b2ed2ee422f6e85bd8c113e199d46e0b29f3f2b2d6b4828e67449e0cf25,940020,bc,20,-y,0.0,ft_sham,test,A,2,1,native_success,208,108,square-seed940020-bc-b20,square-seed940020-bc-b20-m0,0.0,,,,,,,,,"robot0 OSC_POSE input [dx,dy,dz,ax,ay,az], action index 0/1",robosuite controller relative command convention,1357717513
square,18031b2ed2ee422f6e85bd8c113e199d46e0b29f3f2b2d6b4828e67449e0cf25,940020,bc,20,-y,0.0,ft_sham,test,B,3,1,native_success,208,108,square-seed940020-bc-b20,square-seed940020-bc-b20-m0,0.0,,,,,,,,,"robot0 OSC_POSE input [dx,dy,dz,ax,ay,az], action index 0/1",robosuite controller relative command convention,1688209886
square,18031b2ed2ee422f6e85bd8c113e199d46e0b29f3f2b2d6b4828e67449e0cf25,940020,bc,20,-y,0.0,ft_sham,test,B,4,1,native_success,204,112,square-seed940020-bc-b20,square-seed940020-bc-b20-m0,0.0,,,,,,,,,"robot0 OSC_POSE input [dx,dy,dz,ax,ay,az], action index 0/1",robosuite controller relative command convention,407097119
square,c9e22005b58ba2524782e3068c8341554e419acf66f095e238e56df41d9a7aa3,940020,bc,20,-y,0.125,bc_perturbed,test,A,1,0,episode_horizon,0,316,square-seed940020-bc-b20,square-seed940020-bc-b20-m0.125,0.125,,,,,,,,,"robot0 OSC_POSE input [dx,dy,dz,ax,ay,az], action index 0/1",robosuite controller relative command convention,124615817
square,c9e22005b58ba2524782e3068c8341554e419acf66f095e238e56df41d9a7aa3,940020,bc,20,-y,0.125,bc_perturbed,test,A,2,0,episode_horizon,0,316,square-seed940020-bc-b20,square-seed940020-bc-b20-m0.125,0.125,,,,,,,,,"robot0 OSC_POSE input [dx,dy,dz,ax,ay,az], action index 0/1",robosuite controller relative command convention,1425043390
square,c9e22005b58ba2524782e3068c8341554e419acf66f095e238e56df41d9a7aa3,940020,bc,20,-y,0.125,bc_perturbed,test,B,3,0,episode_horizon,0,316,square-seed940020-bc-b20,square-seed940020-bc-b20-m0.125,0.125,,,,,,,,,"robot0 OSC_POSE input [dx,dy,dz,ax,ay,az], action index 0/1",robosuite controller relative command convention,1256877779
square,c9e22005b58ba2524782e3068c8341554e419acf66f095e238e56df41d9a7aa3,940020,bc,20,-y,0.125,bc_perturbed,test,B,4,0,episode_horizon,0,316,square-seed940020-bc-b20,square-seed940020-bc-b20-m0.125,0.125,,,,,,,,,"robot0 OSC_POSE input [dx,dy,dz,ax,ay,az], action index 0/1",robosuite controller relative command convention,1997422779
square,18031b2ed2ee422f6e85bd8c113e199d46e0b29f3f2b2d6b4828e67449e0cf25,940020,bc,20,-y,0.125,ft_perturbed,test,A,1,1,native_success,208,108,square-seed940020-bc-b20,square-seed940020-bc-b20-m0.125,0.125,,,,,,,,,"robot0 OSC_POSE input [dx,dy,dz,ax,ay,az], action index 0/1",robosuite controller relative command convention,1559988448
square,18031b2ed2ee422f6e85bd8c113e199d46e0b29f3f2b2d6b4828e67449e0cf25,940020,bc,20,-y,0.125,ft_perturbed,test,A,2,1,native_success,216,100,square-seed940020-bc-b20,square-seed940020-bc-b20-m0.125,0.125,,,,,,,,,"robot0 OSC_POSE input [dx,dy,dz,ax,ay,az], action index 0/1",robosuite controller relative command convention,109249297
square,18031b2ed2ee422f6e85bd8c113e199d46e0b29f3f2b2d6b4828e67449e0cf25,940020,bc,20,-y,0.125,ft_perturbed,test,B,3,1,native_success,208,108,square-seed940020-bc-b20,square-seed940020-bc-b20-m0.125,0.125,,,,,,,,,"robot0 OSC_POSE input [dx,dy,dz,ax,ay,az], action index 0/1",robosuite controller relative command convention,1203447517
square,18031b2ed2ee422f6e85bd8c113e199d46e0b29f3f2b2d6b4828e67449e0cf25,940020,bc,20,-y,0.125,ft_perturbed,test,B,4,1,native_success,204,112,square-seed940020-bc-b20,square-seed940020-bc-b20-m0.125,0.125,,,,,,,,,"robot0 OSC_POSE input [dx,dy,dz,ax,ay,az], action index 0/1",robosuite controller relative command convention,234572903
square,c9e22005b58ba2524782e3068c8341554e419acf66f095e238e56df41d9a7aa3,940020,bc,20,-y,0.25,bc_perturbed,test,A,1,0,episode_horizon,0,316,square-seed940020-bc-b20,square-seed940020-bc-b20-m0.25,0.25,,,,,,,,,"robot0 OSC_POSE input [dx,dy,dz,ax,ay,az], action index 0/1",robosuite controller relative command convention,787562857
square,c9e22005b58ba2524782e3068c8341554e419acf66f095e238e56df41d9a7aa3,940020,bc,20,-y,0.25,bc_perturbed,test,A,2,0,episode_horizon,0,316,square-seed940020-bc-b20,square-seed940020-bc-b20-m0.25,0.25,,,,,,,,,"robot0 OSC_POSE input [dx,dy,dz,ax,ay,az], action index 0/1",robosuite controller relative command convention,1419381117
square,c9e22005b58ba2524782e3068c8341554e419acf66f095e238e56df41d9a7aa3,940020,bc,20,-y,0.25,bc_perturbed,test,B,3,0,episode_horizon,0,316,square-seed940020-bc-b20,square-seed940020-bc-b20-m0.25,0.25,,,,,,,,,"robot0 OSC_POSE input [dx,dy,dz,ax,ay,az], action index 0/1",robosuite controller relative command convention,624094167
square,c9e22005b58ba2524782e3068c8341554e419acf66f095e238e56df41d9a7aa3,940020,bc,20,-y,0.25,bc_perturbed,test,B,4,0,episode_horizon,0,316,square-seed940020-bc-b20,square-seed940020-bc-b20-m0.25,0.25,,,,,,,,,"robot0 OSC_POSE input [dx,dy,dz,ax,ay,az], action index 0/1",robosuite controller relative command convention,297135290
square,18031b2ed2ee422f6e85bd8c113e199d46e0b29f3f2b2d6b4828e67449e0cf25,940020,bc,20,-y,0.25,ft_perturbed,test,A,1,1,native_success,204,112,square-seed940020-bc-b20,square-seed940020-bc-b20-m0.25,0.25,,,,,,,,,"robot0 OSC_POSE input [dx,dy,dz,ax,ay,az], action index 0/1",robosuite controller relative command convention,357223970
square,18031b2ed2ee422f6e85bd8c113e199d46e0b29f3f2b2d6b4828e67449e0cf25,940020,bc,20,-y,0.25,ft_perturbed,test,A,2,1,native_success,208,108,square-seed940020-bc-b20,square-seed940020-bc-b20-m0.25,0.25,,,,,,,,,"robot0 OSC_POSE input [dx,dy,dz,ax,ay,az], action index 0/1",robosuite controller relative command convention,1304924273
square,18031b2ed2ee422f6e85bd8c113e199d46e0b29f3f2b2d6b4828e67449e0cf25,940020,bc,20,-y,0.25,ft_perturbed,test,B,3,1,native_success,208,108,square-seed940020-bc-b20,square-seed940020-bc-b20-m0.25,0.25,,,,,,,,,"robot0 OSC_POSE input [dx,dy,dz,ax,ay,az], action index 0/1",robosuite controller relative command convention,1061350509
square,18031b2ed2ee422f6e85bd8c113e199d46e0b29f3f2b2d6b4828e67449e0cf25,940020,bc,20,-y,0.25,ft_perturbed,test,B,4,1,native_success,208,108,square-seed940020-bc-b20,square-seed940020-bc-b20-m0.25,0.25,,,,,,,,,"robot0 OSC_POSE input [dx,dy,dz,ax,ay,az], action index 0/1",robosuite controller relative command convention,1306824451
square,c9e22005b58ba2524782e3068c8341554e419acf66f095e238e56df41d9a7aa3,940020,bc,20,-y,0.5,bc_perturbed,test,A,1,0,episode_horizon,0,316,square-seed940020-bc-b20,square-seed940020-bc-b20-m0.5,0.5,,,,,,,,,"robot0 OSC_POSE input [dx,dy,dz,ax,ay,az], action index 0/1",robosuite controller relative command convention,1235905502
square,c9e22005b58ba2524782e3068c8341554e419acf66f095e238e56df41d9a7aa3,940020,bc,20,-y,0.5,bc_perturbed,test,A,2,0,episode_horizon,0,316,square-seed940020-bc-b20,square-seed940020-bc-b20-m0.5,0.5,,,,,,,,,"robot0 OSC_POSE input [dx,dy,dz,ax,ay,az], action index 0/1",robosuite controller relative command convention,803164688
square,c9e22005b58ba2524782e3068c8341554e419acf66f095e238e56df41d9a7aa3,940020,bc,20,-y,0.5,bc_perturbed,test,B,3,0,episode_horizon,0,316,square-seed940020-bc-b20,square-seed940020-bc-b20-m0.5,0.5,,,,,,,,,"robot0 OSC_POSE input [dx,dy,dz,ax,ay,az], action index 0/1",robosuite controller relative command convention,968448061
square,c9e22005b58ba2524782e3068c8341554e419acf66f095e238e56df41d9a7aa3,940020,bc,20,-y,0.5,bc_perturbed,test,B,4,0,episode_horizon,0,316,square-seed940020-bc-b20,square-seed940020-bc-b20-m0.5,0.5,,,,,,,,,"robot0 OSC_POSE input [dx,dy,dz,ax,ay,az], action index 0/1",robosuite controller relative command convention,1895941035
square,18031b2ed2ee422f6e85bd8c113e199d46e0b29f3f2b2d6b4828e67449e0cf25,940020,bc,20,-y,0.5,ft_perturbed,test,A,1,0,episode_horizon,0,316,square-seed940020-bc-b20,square-seed940020-bc-b20-m0.5,0.5,,,,,,,,,"robot0 OSC_POSE input [dx,dy,dz,ax,ay,az], action index 0/1",robosuite controller relative command convention,1766367599
square,18031b2ed2ee422f6e85bd8c113e199d46e0b29f3f2b2d6b4828e67449e0cf25,940020,bc,20,-y,0.5,ft_perturbed,test,A,2,1,native_success,200,116,square-seed940020-bc-b20,square-seed940020-bc-b20-m0.5,0.5,,,,,,,,,"robot0 OSC_POSE input [dx,dy,dz,ax,ay,az], action index 0/1",robosuite controller relative command convention,454993408
square,18031b2ed2ee422f6e85bd8c113e199d46e0b29f3f2b2d6b4828e67449e0cf25,940020,bc,20,-y,0.5,ft_perturbed,test,B,3,1,native_success,204,112,square-seed940020-bc-b20,square-seed940020-bc-b20-m0.5,0.5,,,,,,,,,"robot0 OSC_POSE input [dx,dy,dz,ax,ay,az], action index 0/1",robosuite controller relative command convention,1605932933
square,18031b2ed2ee422f6e85bd8c113e199d46e0b29f3f2b2d6b4828e67449e0cf25,940020,bc,20,-y,0.5,ft_perturbed,test,B,4,1,native_success,200,116,square-seed940020-bc-b20,square-seed940020-bc-b20-m0.5,0.5,,,,,,,,,"robot0 OSC_POSE input [dx,dy,dz,ax,ay,az], action index 0/1",robosuite controller relative command convention,751913866
square,c9e22005b58ba2524782e3068c8341554e419acf66f095e238e56df41d9a7aa3,940020,ft,20,-y,0.0,bc_sham,test,A,1,0,episode_horizon,0,316,square-seed940020-ft-b20,square-seed940020-ft-b20-m0,0.0,,,,,,,,,"robot0 OSC_POSE input [dx,dy,dz,ax,ay,az], action index 0/1",robosuite controller relative command convention,756390260
square,c9e22005b58ba2524782e3068c8341554e419acf66f095e238e56df41d9a7aa3,940020,ft,20,-y,0.0,bc_sham,test,A,2,0,episode_horizon,0,316,square-seed940020-ft-b20,square-seed940020-ft-b20-m0,0.0,,,,,,,,,"robot0 OSC_POSE input [dx,dy,dz,ax,ay,az], action index 0/1",robosuite controller relative command convention,198094476
square,c9e22005b58ba2524782e3068c8341554e419acf66f095e238e56df41d9a7aa3,940020,ft,20,-y,0.0,bc_sham,test,B,3,0,episode_horizon,0,316,square-seed940020-ft-b20,square-seed940020-ft-b20-m0,0.0,,,,,,,,,"robot0 OSC_POSE input [dx,dy,dz,ax,ay,az], action index 0/1",robosuite controller relative command convention,42977386
square,c9e22005b58ba2524782e3068c8341554e419acf66f095e238e56df41d9a7aa3,940020,ft,20,-y,0.0,bc_sham,test,B,4,0,episode_horizon,0,316,square-seed940020-ft-b20,square-seed940020-ft-b20-m0,0.0,,,,,,,,,"robot0 OSC_POSE input [dx,dy,dz,ax,ay,az], action index 0/1",robosuite controller relative command convention,452225477
square,18031b2ed2ee422f6e85bd8c113e199d46e0b29f3f2b2d6b4828e67449e0cf25,940020,ft,20,-y,0.0,ft_sham,test,A,1,0,episode_horizon,0,316,square-seed940020-ft-b20,square-seed940020-ft-b20-m0,0.0,,,,,,,,,"robot0 OSC_POSE input [dx,dy,dz,ax,ay,az], action index 0/1",robosuite controller relative command convention,590110316
square,18031b2ed2ee422f6e85bd8c113e199d46e0b29f3f2b2d6b4828e67449e0cf25,940020,ft,20,-y,0.0,ft_sham,test,A,2,0,episode_horizon,0,316,square-seed940020-ft-b20,square-seed940020-ft-b20-m0,0.0,,,,,,,,,"robot0 OSC_POSE input [dx,dy,dz,ax,ay,az], action index 0/1",robosuite controller relative command convention,786526597
square,18031b2ed2ee422f6e85bd8c113e199d46e0b29f3f2b2d6b4828e67449e0cf25,940020,ft,20,-y,0.0,ft_sham,test,B,3,0,episode_horizon,0,316,square-seed940020-ft-b20,square-seed940020-ft-b20-m0,0.0,,,,,,,,,"robot0 OSC_POSE input [dx,dy,dz,ax,ay,az], action index 0/1",robosuite controller relative command convention,996583758
square,18031b2ed2ee422f6e85bd8c113e199d46e0b29f3f2b2d6b4828e67449e0cf25,940020,ft,20,-y,0.0,ft_sham,test,B,4,0,episode_horizon,0,316,square-seed940020-ft-b20,square-seed940020-ft-b20-m0,0.0,,,,,,,,,"robot0 OSC_POSE input [dx,dy,dz,ax,ay,az], action index 0/1",robosuite controller relative command convention,932934449
square,c9e22005b58ba2524782e3068c8341554e419acf66f095e238e56df41d9a7aa3,940020,ft,20,-y,0.125,bc_perturbed,test,A,1,1,native_success,236,80,square-seed940020-ft-b20,square-seed940020-ft-b20-m0.125,0.125,,,,,,,,,"robot0 OSC_POSE input [dx,dy,dz,ax,ay,az], action index 0/1",robosuite controller relative command convention,845747498
square,c9e22005b58ba2524782e3068c8341554e419acf66f095e238e56df41d9a7aa3,940020,ft,20,-y,0.125,bc_perturbed,test,A,2,1,native_success,236,80,square-seed940020-ft-b20,square-seed940020-ft-b20-m0.125,0.125,,,,,,,,,"robot0 OSC_POSE input [dx,dy,dz,ax,ay,az], action index 0/1",robosuite controller relative command convention,2090809692
square,c9e22005b58ba2524782e3068c8341554e419acf66f095e238e56df41d9a7aa3,940020,ft,20,-y,0.125,bc_perturbed,test,B,3,1,native_success,240,76,square-seed940020-ft-b20,square-seed940020-ft-b20-m0.125,0.125,,,,,,,,,"robot0 OSC_POSE input [dx,dy,dz,ax,ay,az], action index 0/1",robosuite controller relative command convention,2004248195
square,c9e22005b58ba2524782e3068c8341554e419acf66f095e238e56df41d9a7aa3,940020,ft,20,-y,0.125,bc_perturbed,test,B,4,0,episode_horizon,0,316,square-seed940020-ft-b20,square-seed940020-ft-b20-m0.125,0.125,,,,,,,,,"robot0 OSC_POSE input [dx,dy,dz,ax,ay,az], action index 0/1",robosuite controller relative command convention,96838824
square,18031b2ed2ee422f6e85bd8c113e199d46e0b29f3f2b2d6b4828e67449e0cf25,940020,ft,20,-y,0.125,ft_perturbed,test,A,1,1,native_success,48,268,square-seed940020-ft-b20,square-seed940020-ft-b20-m0.125,0.125,,,,,,,,,"robot0 OSC_POSE input [dx,dy,dz,ax,ay,az], action index 0/1",robosuite controller relative command convention,895207715
square,18031b2ed2ee422f6e85bd8c113e199d46e0b29f3f2b2d6b4828e67449e0cf25,940020,ft,20,-y,0.125,ft_perturbed,test,A,2,1,native_success,88,228,square-seed940020-ft-b20,square-seed940020-ft-b20-m0.125,0.125,,,,,,,,,"robot0 OSC_POSE input [dx,dy,dz,ax,ay,az], action index 0/1",robosuite controller relative command convention,1391156633
square,18031b2ed2ee422f6e85bd8c113e199d46e0b29f3f2b2d6b4828e67449e0cf25,940020,ft,20,-y,0.125,ft_perturbed,test,B,3,0,episode_horizon,0,316,square-seed940020-ft-b20,square-seed940020-ft-b20-m0.125,0.125,,,,,,,,,"robot0 OSC_POSE input [dx,dy,dz,ax,ay,az], action index 0/1",robosuite controller relative command convention,1450311067
square,18031b2ed2ee422f6e85bd8c113e199d46e0b29f3f2b2d6b4828e67449e0cf25,940020,ft,20,-y,0.125,ft_perturbed,test,B,4,1,native_success,44,272,square-seed940020-ft-b20,square-seed940020-ft-b20-m0.125,0.125,,,,,,,,,"robot0 OSC_POSE input [dx,dy,dz,ax,ay,az], action index 0/1",robosuite controller relative command convention,1073248235
square,c9e22005b58ba2524782e3068c8341554e419acf66f095e238e56df41d9a7aa3,940020,ft,20,-y,0.25,bc_perturbed,test,A,1,0,episode_horizon,0,316,square-seed940020-ft-b20,square-seed940020-ft-b20-m0.25,0.25,,,,,,,,,"robot0 OSC_POSE input [dx,dy,dz,ax,ay,az], action index 0/1",robosuite controller relative command convention,1715509777
square,c9e22005b58ba2524782e3068c8341554e419acf66f095e238e56df41d9a7aa3,940020,ft,20,-y,0.25,bc_perturbed,test,A,2,0,episode_horizon,0,316,square-seed940020-ft-b20,square-seed940020-ft-b20-m0.25,0.25,,,,,,,,,"robot0 OSC_POSE input [dx,dy,dz,ax,ay,az], action index 0/1",robosuite controller relative command convention,320852716
square,c9e22005b58ba2524782e3068c8341554e419acf66f095e238e56df41d9a7aa3,940020,ft,20,-y,0.25,bc_perturbed,test,B,3,0,episode_horizon,0,316,square-seed940020-ft-b20,square-seed940020-ft-b20-m0.25,0.25,,,,,,,,,"robot0 OSC_POSE input [dx,dy,dz,ax,ay,az], action index 0/1",robosuite controller relative command convention,193561626
square,c9e22005b58ba2524782e3068c8341554e419acf66f095e238e56df41d9a7aa3,940020,ft,20,-y,0.25,bc_perturbed,test,B,4,0,episode_horizon,0,316,square-seed940020-ft-b20,square-seed940020-ft-b20-m0.25,0.25,,,,,,,,,"robot0 OSC_POSE input [dx,dy,dz,ax,ay,az], action index 0/1",robosuite controller relative command convention,1317533493
square,18031b2ed2ee422f6e85bd8c113e199d46e0b29f3f2b2d6b4828e67449e0cf25,940020,ft,20,-y,0.25,ft_perturbed,test,A,1,1,native_success,32,284,square-seed940020-ft-b20,square-seed940020-ft-b20-m0.25,0.25,,,,,,,,,"robot0 OSC_POSE input [dx,dy,dz,ax,ay,az], action index 0/1",robosuite controller relative command convention,941115381
square,18031b2ed2ee422f6e85bd8c113e199d46e0b29f3f2b2d6b4828e67449e0cf25,940020,ft,20,-y,0.25,ft_perturbed,test,A,2,0,episode_horizon,0,316,square-seed940020-ft-b20,square-seed940020-ft-b20-m0.25,0.25,,,,,,,,,"robot0 OSC_POSE input [dx,dy,dz,ax,ay,az], action index 0/1",robosuite controller relative command convention,79124586
square,18031b2ed2ee422f6e85bd8c113e199d46e0b29f3f2b2d6b4828e67449e0cf25,940020,ft,20,-y,0.25,ft_perturbed,test,B,3,0,episode_horizon,0,316,square-seed940020-ft-b20,square-seed940020-ft-b20-m0.25,0.25,,,,,,,,,"robot0 OSC_POSE input [dx,dy,dz,ax,ay,az], action index 0/1",robosuite controller relative command convention,179306014
square,18031b2ed2ee422f6e85bd8c113e199d46e0b29f3f2b2d6b4828e67449e0cf25,940020,ft,20,-y,0.25,ft_perturbed,test,B,4,0,episode_horizon,0,316,square-seed940020-ft-b20,square-seed940020-ft-b20-m0.25,0.25,,,,,,,,,"robot0 OSC_POSE input [dx,dy,dz,ax,ay,az], action index 0/1",robosuite controller relative command convention,549445603
square,c9e22005b58ba2524782e3068c8341554e419acf66f095e238e56df41d9a7aa3,940020,ft,20,-y,0.5,bc_perturbed,test,A,1,0,episode_horizon,0,316,square-seed940020-ft-b20,square-seed940020-ft-b20-m0.5,0.5,,,,,,,,,"robot0 OSC_POSE input [dx,dy,dz,ax,ay,az], action index 0/1",robosuite controller relative command convention,890789945
square,c9e22005b58ba2524782e3068c8341554e419acf66f095e238e56df41d9a7aa3,940020,ft,20,-y,0.5,bc_perturbed,test,A,2,0,episode_horizon,0,316,square-seed940020-ft-b20,square-seed940020-ft-b20-m0.5,0.5,,,,,,,,,"robot0 OSC_POSE input [dx,dy,dz,ax,ay,az], action index 0/1",robosuite controller relative command convention,1438630568
square,c9e22005b58ba2524782e3068c8341554e419acf66f095e238e56df41d9a7aa3,940020,ft,20,-y,0.5,bc_perturbed,test,B,3,0,episode_horizon,0,316,square-seed940020-ft-b20,square-seed940020-ft-b20-m0.5,0.5,,,,,,,,,"robot0 OSC_POSE input [dx,dy,dz,ax,ay,az], action index 0/1",robosuite controller relative command convention,808873068
square,c9e22005b58ba2524782e3068c8341554e419acf66f095e238e56df41d9a7aa3,940020,ft,20,-y,0.5,bc_perturbed,test,B,4,0,episode_horizon,0,316,square-seed940020-ft-b20,square-seed940020-ft-b20-m0.5,0.5,,,,,,,,,"robot0 OSC_POSE input [dx,dy,dz,ax,ay,az], action index 0/1",robosuite controller relative command convention,730245128
square,18031b2ed2ee422f6e85bd8c113e199d46e0b29f3f2b2d6b4828e67449e0cf25,940020,ft,20,-y,0.5,ft_perturbed,test,A,1,0,episode_horizon,0,316,square-seed940020-ft-b20,square-seed940020-ft-b20-m0.5,0.5,,,,,,,,,"robot0 OSC_POSE input [dx,dy,dz,ax,ay,az], action index 0/1",robosuite controller relative command convention,2099201141
square,18031b2ed2ee422f6e85bd8c113e199d46e0b29f3f2b2d6b4828e67449e0cf25,940020,ft,20,-y,0.5,ft_perturbed,test,A,2,0,episode_horizon,0,316,square-seed940020-ft-b20,square-seed940020-ft-b20-m0.5,0.5,,,,,,,,,"robot0 OSC_POSE input [dx,dy,dz,ax,ay,az], action index 0/1",robosuite controller relative command convention,1480129842
square,18031b2ed2ee422f6e85bd8c113e199d46e0b29f3f2b2d6b4828e67449e0cf25,940020,ft,20,-y,0.5,ft_perturbed,test,B,3,0,episode_horizon,0,316,square-seed940020-ft-b20,square-seed940020-ft-b20-m0.5,0.5,,,,,,,,,"robot0 OSC_POSE input [dx,dy,dz,ax,ay,az], action index 0/1",robosuite controller relative command convention,1770783861
square,18031b2ed2ee422f6e85bd8c113e199d46e0b29f3f2b2d6b4828e67449e0cf25,940020,ft,20,-y,0.5,ft_perturbed,test,B,4,0,episode_horizon,0,316,square-seed940020-ft-b20,square-seed940020-ft-b20-m0.5,0.5,,,,,,,,,"robot0 OSC_POSE input [dx,dy,dz,ax,ay,az], action index 0/1",robosuite controller relative command convention,802933526
square,c9e22005b58ba2524782e3068c8341554e419acf66f095e238e56df41d9a7aa3,940021,bc,40,+x,0.0,bc_sham,test,A,1,0,episode_horizon,0,236,square-seed940021-bc-b40,square-seed940021-bc-b40-m0,0.0,,,,,,,,,"robot0 OSC_POSE input [dx,dy,dz,ax,ay,az], action index 0/1",robosuite controller relative command convention,332814257
square,c9e22005b58ba2524782e3068c8341554e419acf66f095e238e56df41d9a7aa3,940021,bc,40,+x,0.0,bc_sham,test,A,2,0,episode_horizon,0,236,square-seed940021-bc-b40,square-seed940021-bc-b40-m0,0.0,,,,,,,,,"robot0 OSC_POSE input [dx,dy,dz,ax,ay,az], action index 0/1",robosuite controller relative command convention,1308148203
square,c9e22005b58ba2524782e3068c8341554e419acf66f095e238e56df41d9a7aa3,940021,bc,40,+x,0.0,bc_sham,test,B,3,0,episode_horizon,0,236,square-seed940021-bc-b40,square-seed940021-bc-b40-m0,0.0,,,,,,,,,"robot0 OSC_POSE input [dx,dy,dz,ax,ay,az], action index 0/1",robosuite controller relative command convention,930611877
square,c9e22005b58ba2524782e3068c8341554e419acf66f095e238e56df41d9a7aa3,940021,bc,40,+x,0.0,bc_sham,test,B,4,1,native_success,56,180,square-seed940021-bc-b40,square-seed940021-bc-b40-m0,0.0,,,,,,,,,"robot0 OSC_POSE input [dx,dy,dz,ax,ay,az], action index 0/1",robosuite controller relative command convention,783654354
square,18031b2ed2ee422f6e85bd8c113e199d46e0b29f3f2b2d6b4828e67449e0cf25,940021,bc,40,+x,0.0,ft_sham,test,A,1,1,native_success,120,116,square-seed940021-bc-b40,square-seed940021-bc-b40-m0,0.0,,,,,,,,,"robot0 OSC_POSE input [dx,dy,dz,ax,ay,az], action index 0/1",robosuite controller relative command convention,936147246
square,18031b2ed2ee422f6e85bd8c113e199d46e0b29f3f2b2d6b4828e67449e0cf25,940021,bc,40,+x,0.0,ft_sham,test,A,2,1,native_success,140,96,square-seed940021-bc-b40,square-seed940021-bc-b40-m0,0.0,,,,,,,,,"robot0 OSC_POSE input [dx,dy,dz,ax,ay,az], action index 0/1",robosuite controller relative command convention,1986183207
square,18031b2ed2ee422f6e85bd8c113e199d46e0b29f3f2b2d6b4828e67449e0cf25,940021,bc,40,+x,0.0,ft_sham,test,B,3,1,native_success,132,104,square-seed940021-bc-b40,square-seed940021-bc-b40-m0,0.0,,,,,,,,,"robot0 OSC_POSE input [dx,dy,dz,ax,ay,az], action index 0/1",robosuite controller relative command convention,103070232
square,18031b2ed2ee422f6e85bd8c113e199d46e0b29f3f2b2d6b4828e67449e0cf25,940021,bc,40,+x,0.0,ft_sham,test,B,4,1,native_success,128,108,square-seed940021-bc-b40,square-seed940021-bc-b40-m0,0.0,,,,,,,,,"robot0 OSC_POSE input [dx,dy,dz,ax,ay,az], action index 0/1",robosuite controller relative command convention,1026975208
square,c9e22005b58ba2524782e3068c8341554e419acf66f095e238e56df41d9a7aa3,940021,bc,40,+x,0.125,bc_perturbed,test,A,1,0,episode_horizon,0,236,square-seed940021-bc-b40,square-seed940021-bc-b40-m0.125,0.125,,,,,,,,,"robot0 OSC_POSE input [dx,dy,dz,ax,ay,az], action index 0/1",robosuite controller relative command convention,1654724324
square,c9e22005b58ba2524782e3068c8341554e419acf66f095e238e56df41d9a7aa3,940021,bc,40,+x,0.125,bc_perturbed,test,A,2,1,native_success,20,216,square-seed940021-bc-b40,square-seed940021-bc-b40-m0.125,0.125,,,,,,,,,"robot0 OSC_POSE input [dx,dy,dz,ax,ay,az], action index 0/1",robosuite controller relative command convention,974521710
square,c9e22005b58ba2524782e3068c8341554e419acf66f095e238e56df41d9a7aa3,940021,bc,40,+x,0.125,bc_perturbed,test,B,3,1,native_success,28,208,square-seed940021-bc-b40,square-seed940021-bc-b40-m0.125,0.125,,,,,,,,,"robot0 OSC_POSE input [dx,dy,dz,ax,ay,az], action index 0/1",robosuite controller relative command convention,37090542
square,c9e22005b58ba2524782e3068c8341554e419acf66f095e238e56df41d9a7aa3,940021,bc,40,+x,0.125,bc_perturbed,test,B,4,0,episode_horizon,0,236,square-seed940021-bc-b40,square-seed940021-bc-b40-m0.125,0.125,,,,,,,,,"robot0 OSC_POSE input [dx,dy,dz,ax,ay,az], action index 0/1",robosuite controller relative command convention,234334529
square,18031b2ed2ee422f6e85bd8c113e199d46e0b29f3f2b2d6b4828e67449e0cf25,940021,bc,40,+x,0.125,ft_perturbed,test,A,1,1,native_success,128,108,square-seed940021-bc-b40,square-seed940021-bc-b40-m0.125,0.125,,,,,,,,,"robot0 OSC_POSE input [dx,dy,dz,ax,ay,az], action index 0/1",robosuite controller relative command convention,321665935
square,18031b2ed2ee422f6e85bd8c113e199d46e0b29f3f2b2d6b4828e67449e0cf25,940021,bc,40,+x,0.125,ft_perturbed,test,A,2,0,episode_horizon,0,236,square-seed940021-bc-b40,square-seed940021-bc-b40-m0.125,0.125,,,,,,,,,"robot0 OSC_POSE input [dx,dy,dz,ax,ay,az], action index 0/1",robosuite controller relative command convention,709718579
square,18031b2ed2ee422f6e85bd8c113e199d46e0b29f3f2b2d6b4828e67449e0cf25,940021,bc,40,+x,0.125,ft_perturbed,test,B,3,1,native_success,140,96,square-seed940021-bc-b40,square-seed940021-bc-b40-m0.125,0.125,,,,,,,,,"robot0 OSC_POSE input [dx,dy,dz,ax,ay,az], action index 0/1",robosuite controller relative command convention,353055634
square,18031b2ed2ee422f6e85bd8c113e199d46e0b29f3f2b2d6b4828e67449e0cf25,940021,bc,40,+x,0.125,ft_perturbed,test,B,4,1,native_success,96,140,square-seed940021-bc-b40,square-seed940021-bc-b40-m0.125,0.125,,,,,,,,,"robot0 OSC_POSE input [dx,dy,dz,ax,ay,az], action index 0/1",robosuite controller relative command convention,1107213511
square,c9e22005b58ba2524782e3068c8341554e419acf66f095e238e56df41d9a7aa3,940021,bc,40,+x,0.25,bc_perturbed,test,A,1,1,native_success,36,200,square-seed940021-bc-b40,square-seed940021-bc-b40-m0.25,0.25,,,,,,,,,"robot0 OSC_POSE input [dx,dy,dz,ax,ay,az], action index 0/1",robosuite controller relative command convention,1116065060
square,c9e22005b58ba2524782e3068c8341554e419acf66f095e238e56df41d9a7aa3,940021,bc,40,+x,0.25,bc_perturbed,test,A,2,0,episode_horizon,0,236,square-seed940021-bc-b40,square-seed940021-bc-b40-m0.25,0.25,,,,,,,,,"robot0 OSC_POSE input [dx,dy,dz,ax,ay,az], action index 0/1",robosuite controller relative command convention,332674317
square,c9e22005b58ba2524782e3068c8341554e419acf66f095e238e56df41d9a7aa3,940021,bc,40,+x,0.25,bc_perturbed,test,B,3,0,episode_horizon,0,236,square-seed940021-bc-b40,square-seed940021-bc-b40-m0.25,0.25,,,,,,,,,"robot0 OSC_POSE input [dx,dy,dz,ax,ay,az], action index 0/1",robosuite controller relative command convention,967869483
square,c9e22005b58ba2524782e3068c8341554e419acf66f095e238e56df41d9a7aa3,940021,bc,40,+x,0.25,bc_perturbed,test,B,4,0,episode_horizon,0,236,square-seed940021-bc-b40,square-seed940021-bc-b40-m0.25,0.25,,,,,,,,,"robot0 OSC_POSE input [dx,dy,dz,ax,ay,az], action index 0/1",robosuite controller relative command convention,1748456894
square,18031b2ed2ee422f6e85bd8c113e199d46e0b29f3f2b2d6b4828e67449e0cf25,940021,bc,40,+x,0.25,ft_perturbed,test,A,1,1,native_success,128,108,square-seed940021-bc-b40,square-seed940021-bc-b40-m0.25,0.25,,,,,,,,,"robot0 OSC_POSE input [dx,dy,dz,ax,ay,az], action index 0/1",robosuite controller relative command convention,809718538
square,18031b2ed2ee422f6e85bd8c113e199d46e0b29f3f2b2d6b4828e67449e0cf25,940021,bc,40,+x,0.25,ft_perturbed,test,A,2,1,native_success,128,108,square-seed940021-bc-b40,square-seed940021-bc-b40-m0.25,0.25,,,,,,,,,"robot0 OSC_POSE input [dx,dy,dz,ax,ay,az], action index 0/1",robosuite controller relative command convention,1892605236
square,18031b2ed2ee422f6e85bd8c113e199d46e0b29f3f2b2d6b4828e67449e0cf25,940021,bc,40,+x,0.25,ft_perturbed,test,B,3,0,episode_horizon,0,236,square-seed940021-bc-b40,square-seed940021-bc-b40-m0.25,0.25,,,,,,,,,"robot0 OSC_POSE input [dx,dy,dz,ax,ay,az], action index 0/1",robosuite controller relative command convention,657793098
square,18031b2ed2ee422f6e85bd8c113e199d46e0b29f3f2b2d6b4828e67449e0cf25,940021,bc,40,+x,0.25,ft_perturbed,test,B,4,1,native_success,120,116,square-seed940021-bc-b40,square-seed940021-bc-b40-m0.25,0.25,,,,,,,,,"robot0 OSC_POSE input [dx,dy,dz,ax,ay,az], action index 0/1",robosuite controller relative command convention,1626461979
square,c9e22005b58ba2524782e3068c8341554e419acf66f095e238e56df41d9a7aa3,940021,bc,40,+x,0.5,bc_perturbed,test,A,1,1,native_success,32,204,square-seed940021-bc-b40,square-seed940021-bc-b40-m0.5,0.5,,,,,,,,,"robot0 OSC_POSE input [dx,dy,dz,ax,ay,az], action index 0/1",robosuite controller relative command convention,1846449697
square,c9e22005b58ba2524782e3068c8341554e419acf66f095e238e56df41d9a7aa3,940021,bc,40,+x,0.5,bc_perturbed,test,A,2,0,episode_horizon,0,236,square-seed940021-bc-b40,square-seed940021-bc-b40-m0.5,0.5,,,,,,,,,"robot0 OSC_POSE input [dx,dy,dz,ax,ay,az], action index 0/1",robosuite controller relative command convention,793834239
square,c9e22005b58ba2524782e3068c8341554e419acf66f095e238e56df41d9a7aa3,940021,bc,40,+x,0.5,bc_perturbed,test,B,3,0,episode_horizon,0,236,square-seed940021-bc-b40,square-seed940021-bc-b40-m0.5,0.5,,,,,,,,,"robot0 OSC_POSE input [dx,dy,dz,ax,ay,az], action index 0/1",robosuite controller relative command convention,1439943433
square,c9e22005b58ba2524782e3068c8341554e419acf66f095e238e56df41d9a7aa3,940021,bc,40,+x,0.5,bc_perturbed,test,B,4,0,episode_horizon,0,236,square-seed940021-bc-b40,square-seed940021-bc-b40-m0.5,0.5,,,,,,,,,"robot0 OSC_POSE input [dx,dy,dz,ax,ay,az], action index 0/1",robosuite controller relative command convention,343328053
square,18031b2ed2ee422f6e85bd8c113e199d46e0b29f3f2b2d6b4828e67449e0cf25,940021,bc,40,+x,0.5,ft_perturbed,test,A,1,1,native_success,140,96,square-seed940021-bc-b40,square-seed940021-bc-b40-m0.5,0.5,,,,,,,,,"robot0 OSC_POSE input [dx,dy,dz,ax,ay,az], action index 0/1",robosuite controller relative command convention,565148702
square,18031b2ed2ee422f6e85bd8c113e199d46e0b29f3f2b2d6b4828e67449e0cf25,940021,bc,40,+x,0.5,ft_perturbed,test,A,2,1,native_success,128,108,square-seed940021-bc-b40,square-seed940021-bc-b40-m0.5,0.5,,,,,,,,,"robot0 OSC_POSE input [dx,dy,dz,ax,ay,az], action index 0/1",robosuite controller relative command convention,426740735
square,18031b2ed2ee422f6e85bd8c113e199d46e0b29f3f2b2d6b4828e67449e0cf25,940021,bc,40,+x,0.5,ft_perturbed,test,B,3,0,episode_horizon,0,236,square-seed940021-bc-b40,square-seed940021-bc-b40-m0.5,0.5,,,,,,,,,"robot0 OSC_POSE input [dx,dy,dz,ax,ay,az], action index 0/1",robosuite controller relative command convention,294625695
square,18031b2ed2ee422f6e85bd8c113e199d46e0b29f3f2b2d6b4828e67449e0cf25,940021,bc,40,+x,0.5,ft_perturbed,test,B,4,1,native_success,140,96,square-seed940021-bc-b40,square-seed940021-bc-b40-m0.5,0.5,,,,,,,,,"robot0 OSC_POSE input [dx,dy,dz,ax,ay,az], action index 0/1",robosuite controller relative command convention,1318999328
square,c9e22005b58ba2524782e3068c8341554e419acf66f095e238e56df41d9a7aa3,940022,bc,10,-x,0.0,bc_sham,test,A,1,1,native_success,252,104,square-seed940022-bc-b10,square-seed940022-bc-b10-m0,0.0,,,,,,,,,"robot0 OSC_POSE input [dx,dy,dz,ax,ay,az], action index 0/1",robosuite controller relative command convention,1488088461
square,c9e22005b58ba2524782e3068c8341554e419acf66f095e238e56df41d9a7aa3,940022,bc,10,-x,0.0,bc_sham,test,A,2,1,native_success,64,292,square-seed940022-bc-b10,square-seed940022-bc-b10-m0,0.0,,,,,,,,,"robot0 OSC_POSE input [dx,dy,dz,ax,ay,az], action index 0/1",robosuite controller relative command convention,1859020820
square,c9e22005b58ba2524782e3068c8341554e419acf66f095e238e56df41d9a7aa3,940022,bc,10,-x,0.0,bc_sham,test,B,3,1,native_success,116,240,square-seed940022-bc-b10,square-seed940022-bc-b10-m0,0.0,,,,,,,,,"robot0 OSC_POSE input [dx,dy,dz,ax,ay,az], action index 0/1",robosuite controller relative command convention,707256067
square,c9e22005b58ba2524782e3068c8341554e419acf66f095e238e56df41d9a7aa3,940022,bc,10,-x,0.0,bc_sham,test,B,4,1,native_success,200,156,square-seed940022-bc-b10,square-seed940022-bc-b10-m0,0.0,,,,,,,,,"robot0 OSC_POSE input [dx,dy,dz,ax,ay,az], action index 0/1",robosuite controller relative command convention,2114930254
square,18031b2ed2ee422f6e85bd8c113e199d46e0b29f3f2b2d6b4828e67449e0cf25,940022,bc,10,-x,0.0,ft_sham,test,A,1,1,native_success,256,100,square-seed940022-bc-b10,square-seed940022-bc-b10-m0,0.0,,,,,,,,,"robot0 OSC_POSE input [dx,dy,dz,ax,ay,az], action index 0/1",robosuite controller relative command convention,1997404193
square,18031b2ed2ee422f6e85bd8c113e199d46e0b29f3f2b2d6b4828e67449e0cf25,940022,bc,10,-x,0.0,ft_sham,test,A,2,1,native_success,280,76,square-seed940022-bc-b10,square-seed940022-bc-b10-m0,0.0,,,,,,,,,"robot0 OSC_POSE input [dx,dy,dz,ax,ay,az], action index 0/1",robosuite controller relative command convention,318394513
square,18031b2ed2ee422f6e85bd8c113e199d46e0b29f3f2b2d6b4828e67449e0cf25,940022,bc,10,-x,0.0,ft_sham,test,B,3,1,native_success,272,84,square-seed940022-bc-b10,square-seed940022-bc-b10-m0,0.0,,,,,,,,,"robot0 OSC_POSE input [dx,dy,dz,ax,ay,az], action index 0/1",robosuite controller relative command convention,1047269579
square,18031b2ed2ee422f6e85bd8c113e199d46e0b29f3f2b2d6b4828e67449e0cf25,940022,bc,10,-x,0.0,ft_sham,test,B,4,1,native_success,280,76,square-seed940022-bc-b10,square-seed940022-bc-b10-m0,0.0,,,,,,,,,"robot0 OSC_POSE input [dx,dy,dz,ax,ay,az], action index 0/1",robosuite controller relative command convention,360985532
square,c9e22005b58ba2524782e3068c8341554e419acf66f095e238e56df41d9a7aa3,940022,bc,10,-x,0.125,bc_perturbed,test,A,1,1,native_success,104,252,square-seed940022-bc-b10,square-seed940022-bc-b10-m0.125,0.125,,,,,,,,,"robot0 OSC_POSE input [dx,dy,dz,ax,ay,az], action index 0/1",robosuite controller relative command convention,984549211
square,c9e22005b58ba2524782e3068c8341554e419acf66f095e238e56df41d9a7aa3,940022,bc,10,-x,0.125,bc_perturbed,test,A,2,1,native_success,164,192,square-seed940022-bc-b10,square-seed940022-bc-b10-m0.125,0.125,,,,,,,,,"robot0 OSC_POSE input [dx,dy,dz,ax,ay,az], action index 0/1",robosuite controller relative command convention,46897413
square,c9e22005b58ba2524782e3068c8341554e419acf66f095e238e56df41d9a7aa3,940022,bc,10,-x,0.125,bc_perturbed,test,B,3,1,native_success,224,132,square-seed940022-bc-b10,square-seed940022-bc-b10-m0.125,0.125,,,,,,,,,"robot0 OSC_POSE input [dx,dy,dz,ax,ay,az], action index 0/1",robosuite controller relative command convention,332514035
square,c9e22005b58ba2524782e3068c8341554e419acf66f095e238e56df41d9a7aa3,940022,bc,10,-x,0.125,bc_perturbed,test,B,4,1,native_success,240,116,square-seed940022-bc-b10,square-seed940022-bc-b10-m0.125,0.125,,,,,,,,,"robot0 OSC_POSE input [dx,dy,dz,ax,ay,az], action index 0/1",robosuite controller relative command convention,1427144024
square,18031b2ed2ee422f6e85bd8c113e199d46e0b29f3f2b2d6b4828e67449e0cf25,940022,bc,10,-x,0.125,ft_perturbed,test,A,1,1,native_success,280,76,square-seed940022-bc-b10,square-seed940022-bc-b10-m0.125,0.125,,,,,,,,,"robot0 OSC_POSE input [dx,dy,dz,ax,ay,az], action index 0/1",robosuite controller relative command convention,1226313856
square,18031b2ed2ee422f6e85bd8c113e199d46e0b29f3f2b2d6b4828e67449e0cf25,940022,bc,10,-x,0.125,ft_perturbed,test,A,2,1,native_success,280,76,square-seed940022-bc-b10,square-seed940022-bc-b10-m0.125,0.125,,,,,,,,,"robot0 OSC_POSE input [dx,dy,dz,ax,ay,az], action index 0/1",robosuite controller relative command convention,1788843105
square,18031b2ed2ee422f6e85bd8c113e199d46e0b29f3f2b2d6b4828e67449e0cf25,940022,bc,10,-x,0.125,ft_perturbed,test,B,3,1,native_success,284,72,square-seed940022-bc-b10,square-seed940022-bc-b10-m0.125,0.125,,,,,,,,,"robot0 OSC_POSE input [dx,dy,dz,ax,ay,az], action index 0/1",robosuite controller relative command convention,1315529213
square,18031b2ed2ee422f6e85bd8c113e199d46e0b29f3f2b2d6b4828e67449e0cf25,940022,bc,10,-x,0.125,ft_perturbed,test,B,4,1,native_success,280,76,square-seed940022-bc-b10,square-seed940022-bc-b10-m0.125,0.125,,,,,,,,,"robot0 OSC_POSE input [dx,dy,dz,ax,ay,az], action index 0/1",robosuite controller relative command convention,1365183757
square,c9e22005b58ba2524782e3068c8341554e419acf66f095e238e56df41d9a7aa3,940022,bc,10,-x,0.25,bc_perturbed,test,A,1,1,native_success,164,192,square-seed940022-bc-b10,square-seed940022-bc-b10-m0.25,0.25,,,,,,,,,"robot0 OSC_POSE input [dx,dy,dz,ax,ay,az], action index 0/1",robosuite controller relative command convention,2102119961
square,c9e22005b58ba2524782e3068c8341554e419acf66f095e238e56df41d9a7aa3,940022,bc,10,-x,0.25,bc_perturbed,test,A,2,1,native_success,240,116,square-seed940022-bc-b10,square-seed940022-bc-b10-m0.25,0.25,,,,,,,,,"robot0 OSC_POSE input [dx,dy,dz,ax,ay,az], action index 0/1",robosuite controller relative command convention,737701843
square,c9e22005b58ba2524782e3068c8341554e419acf66f095e238e56df41d9a7aa3,940022,bc,10,-x,0.25,bc_perturbed,test,B,3,1,native_success,228,128,square-seed940022-bc-b10,square-seed940022-bc-b10-m0.25,0.25,,,,,,,,,"robot0 OSC_POSE input [dx,dy,dz,ax,ay,az], action index 0/1",robosuite controller relative command convention,1166344556
square,c9e22005b58ba2524782e3068c8341554e419acf66f095e238e56df41d9a7aa3,940022,bc,10,-x,0.25,bc_perturbed,test,B,4,0,episode_horizon,0,356,square-seed940022-bc-b10,square-seed940022-bc-b10-m0.25,0.25,,,,,,,,,"robot0 OSC_POSE input [dx,dy,dz,ax,ay,az], action index 0/1",robosuite controller relative command convention,1254597050
square,18031b2ed2ee422f6e85bd8c113e199d46e0b29f3f2b2d6b4828e67449e0cf25,940022,bc,10,-x,0.25,ft_perturbed,test,A,1,1,native_success,260,96,square-seed940022-bc-b10,square-seed940022-bc-b10-m0.25,0.25,,,,,,,,,"robot0 OSC_POSE input [dx,dy,dz,ax,ay,az], action index 0/1",robosuite controller relative command convention,1232827897
square,18031b2ed2ee422f6e85bd8c113e199d46e0b29f3f2b2d6b4828e67449e0cf25,940022,bc,10,-x,0.25,ft_perturbed,test,A,2,1,native_success,284,72,square-seed940022-bc-b10,square-seed940022-bc-b10-m0.25,0.25,,,,,,,,,"robot0 OSC_POSE input [dx,dy,dz,ax,ay,az], action index 0/1",robosuite controller relative command convention,1802747374
square,18031b2ed2ee422f6e85bd8c113e199d46e0b29f3f2b2d6b4828e67449e0cf25,940022,bc,10,-x,0.25,ft_perturbed,test,B,3,1,native_success,280,76,square-seed940022-bc-b10,square-seed940022-bc-b10-m0.25,0.25,,,,,,,,,"robot0 OSC_POSE input [dx,dy,dz,ax,ay,az], action index 0/1",robosuite controller relative command convention,392703959
square,18031b2ed2ee422f6e85bd8c113e199d46e0b29f3f2b2d6b4828e67449e0cf25,940022,bc,10,-x,0.25,ft_perturbed,test,B,4,1,native_success,280,76,square-seed940022-bc-b10,square-seed940022-bc-b10-m0.25,0.25,,,,,,,,,"robot0 OSC_POSE input [dx,dy,dz,ax,ay,az], action index 0/1",robosuite controller relative command convention,1297089804
square,c9e22005b58ba2524782e3068c8341554e419acf66f095e238e56df41d9a7aa3,940022,bc,10,-x,0.5,bc_perturbed,test,A,1,1,native_success,240,116,square-seed940022-bc-b10,square-seed940022-bc-b10-m0.5,0.5,,,,,,,,,"robot0 OSC_POSE input [dx,dy,dz,ax,ay,az], action index 0/1",robosuite controller relative command convention,506847354
square,c9e22005b58ba2524782e3068c8341554e419acf66f095e238e56df41d9a7aa3,940022,bc,10,-x,0.5,bc_perturbed,test,A,2,1,native_success,212,144,square-seed940022-bc-b10,square-seed940022-bc-b10-m0.5,0.5,,,,,,,,,"robot0 OSC_POSE input [dx,dy,dz,ax,ay,az], action index 0/1",robosuite controller relative command convention,220395707
square,c9e22005b58ba2524782e3068c8341554e419acf66f095e238e56df41d9a7aa3,940022,bc,10,-x,0.5,bc_perturbed,test,B,3,1,native_success,236,120,square-seed940022-bc-b10,square-seed940022-bc-b10-m0.5,0.5,,,,,,,,,"robot0 OSC_POSE input [dx,dy,dz,ax,ay,az], action index 0/1",robosuite controller relative command convention,2113147044
square,c9e22005b58ba2524782e3068c8341554e419acf66f095e238e56df41d9a7aa3,940022,bc,10,-x,0.5,bc_perturbed,test,B,4,1,native_success,240,116,square-seed940022-bc-b10,square-seed940022-bc-b10-m0.5,0.5,,,,,,,,,"robot0 OSC_POSE input [dx,dy,dz,ax,ay,az], action index 0/1",robosuite controller relative command convention,721195986
square,18031b2ed2ee422f6e85bd8c113e199d46e0b29f3f2b2d6b4828e67449e0cf25,940022,bc,10,-x,0.5,ft_perturbed,test,A,1,1,native_success,276,80,square-seed940022-bc-b10,square-seed940022-bc-b10-m0.5,0.5,,,,,,,,,"robot0 OSC_POSE input [dx,dy,dz,ax,ay,az], action index 0/1",robosuite controller relative command convention,1239399595
square,18031b2ed2ee422f6e85bd8c113e199d46e0b29f3f2b2d6b4828e67449e0cf25,940022,bc,10,-x,0.5,ft_perturbed,test,A,2,1,native_success,280,76,square-seed940022-bc-b10,square-seed940022-bc-b10-m0.5,0.5,,,,,,,,,"robot0 OSC_POSE input [dx,dy,dz,ax,ay,az], action index 0/1",robosuite controller relative command convention,414581878
square,18031b2ed2ee422f6e85bd8c113e199d46e0b29f3f2b2d6b4828e67449e0cf25,940022,bc,10,-x,0.5,ft_perturbed,test,B,3,1,native_success,280,76,square-seed940022-bc-b10,square-seed940022-bc-b10-m0.5,0.5,,,,,,,,,"robot0 OSC_POSE input [dx,dy,dz,ax,ay,az], action index 0/1",robosuite controller relative command convention,2059025696
square,18031b2ed2ee422f6e85bd8c113e199d46e0b29f3f2b2d6b4828e67449e0cf25,940022,bc,10,-x,0.5,ft_perturbed,test,B,4,1,native_success,280,76,square-seed940022-bc-b10,square-seed940022-bc-b10-m0.5,0.5,,,,,,,,,"robot0 OSC_POSE input [dx,dy,dz,ax,ay,az], action index 0/1",robosuite controller relative command convention,879526239
square,c9e22005b58ba2524782e3068c8341554e419acf66f095e238e56df41d9a7aa3,940022,ft,10,-x,0.0,bc_sham,test,A,1,1,native_success,232,124,square-seed940022-ft-b10,square-seed940022-ft-b10-m0,0.0,,,,,,,,,"robot0 OSC_POSE input [dx,dy,dz,ax,ay,az], action index 0/1",robosuite controller relative command convention,592654098
square,c9e22005b58ba2524782e3068c8341554e419acf66f095e238e56df41d9a7aa3,940022,ft,10,-x,0.0,bc_sham,test,A,2,1,native_success,196,160,square-seed940022-ft-b10,square-seed940022-ft-b10-m0,0.0,,,,,,,,,"robot0 OSC_POSE input [dx,dy,dz,ax,ay,az], action index 0/1",robosuite controller relative command convention,1702785015
square,c9e22005b58ba2524782e3068c8341554e419acf66f095e238e56df41d9a7aa3,940022,ft,10,-x,0.0,bc_sham,test,B,3,1,native_success,232,124,square-seed940022-ft-b10,square-seed940022-ft-b10-m0,0.0,,,,,,,,,"robot0 OSC_POSE input [dx,dy,dz,ax,ay,az], action index 0/1",robosuite controller relative command convention,815520649
square,c9e22005b58ba2524782e3068c8341554e419acf66f095e238e56df41d9a7aa3,940022,ft,10,-x,0.0,bc_sham,test,B,4,1,native_success,200,156,square-seed940022-ft-b10,square-seed940022-ft-b10-m0,0.0,,,,,,,,,"robot0 OSC_POSE input [dx,dy,dz,ax,ay,az], action index 0/1",robosuite controller relative command convention,482617468
square,18031b2ed2ee422f6e85bd8c113e199d46e0b29f3f2b2d6b4828e67449e0cf25,940022,ft,10,-x,0.0,ft_sham,test,A,1,1,native_success,300,56,square-seed940022-ft-b10,square-seed940022-ft-b10-m0,0.0,,,,,,,,,"robot0 OSC_POSE input [dx,dy,dz,ax,ay,az], action index 0/1",robosuite controller relative command convention,152119130
square,18031b2ed2ee422f6e85bd8c113e199d46e0b29f3f2b2d6b4828e67449e0cf25,940022,ft,10,-x,0.0,ft_sham,test,A,2,1,native_success,300,56,square-seed940022-ft-b10,square-seed940022-ft-b10-m0,0.0,,,,,,,,,"robot0 OSC_POSE input [dx,dy,dz,ax,ay,az], action index 0/1",robosuite controller relative command convention,1516112920
square,18031b2ed2ee422f6e85bd8c113e199d46e0b29f3f2b2d6b4828e67449e0cf25,940022,ft,10,-x,0.0,ft_sham,test,B,3,1,native_success,300,56,square-seed940022-ft-b10,square-seed940022-ft-b10-m0,0.0,,,,,,,,,"robot0 OSC_POSE input [dx,dy,dz,ax,ay,az], action index 0/1",robosuite controller relative command convention,1238975625
square,18031b2ed2ee422f6e85bd8c113e199d46e0b29f3f2b2d6b4828e67449e0cf25,940022,ft,10,-x,0.0,ft_sham,test,B,4,1,native_success,300,56,square-seed940022-ft-b10,square-seed940022-ft-b10-m0,0.0,,,,,,,,,"robot0 OSC_POSE input [dx,dy,dz,ax,ay,az], action index 0/1",robosuite controller relative command convention,1965888619
square,c9e22005b58ba2524782e3068c8341554e419acf66f095e238e56df41d9a7aa3,940022,ft,10,-x,0.125,bc_perturbed,test,A,1,0,episode_horizon,0,356,square-seed940022-ft-b10,square-seed940022-ft-b10-m0.125,0.125,,,,,,,,,"robot0 OSC_POSE input [dx,dy,dz,ax,ay,az], action index 0/1",robosuite controller relative command convention,2128995604
square,c9e22005b58ba2524782e3068c8341554e419acf66f095e238e56df41d9a7aa3,940022,ft,10,-x,0.125,bc_perturbed,test,A,2,1,native_success,264,92,square-seed940022-ft-b10,square-seed940022-ft-b10-m0.125,0.125,,,,,,,,,"robot0 OSC_POSE input [dx,dy,dz,ax,ay,az], action index 0/1",robosuite controller relative command convention,548135542
square,c9e22005b58ba2524782e3068c8341554e419acf66f095e238e56df41d9a7aa3,940022,ft,10,-x,0.125,bc_perturbed,test,B,3,0,episode_horizon,0,356,square-seed940022-ft-b10,square-seed940022-ft-b10-m0.125,0.125,,,,,,,,,"robot0 OSC_POSE input [dx,dy,dz,ax,ay,az], action index 0/1",robosuite controller relative command convention,291267682
square,c9e22005b58ba2524782e3068c8341554e419acf66f095e238e56df41d9a7aa3,940022,ft,10,-x,0.125,bc_perturbed,test,B,4,1,native_success,272,84,square-seed940022-ft-b10,square-seed940022-ft-b10-m0.125,0.125,,,,,,,,,"robot0 OSC_POSE input [dx,dy,dz,ax,ay,az], action index 0/1",robosuite controller relative command convention,188993066
square,18031b2ed2ee422f6e85bd8c113e199d46e0b29f3f2b2d6b4828e67449e0cf25,940022,ft,10,-x,0.125,ft_perturbed,test,A,1,1,native_success,236,120,square-seed940022-ft-b10,square-seed940022-ft-b10-m0.125,0.125,,,,,,,,,"robot0 OSC_POSE input [dx,dy,dz,ax,ay,az], action index 0/1",robosuite controller relative command convention,1051789497
square,18031b2ed2ee422f6e85bd8c113e199d46e0b29f3f2b2d6b4828e67449e0cf25,940022,ft,10,-x,0.125,ft_perturbed,test,A,2,0,episode_horizon,0,356,square-seed940022-ft-b10,square-seed940022-ft-b10-m0.125,0.125,,,,,,,,,"robot0 OSC_POSE input [dx,dy,dz,ax,ay,az], action index 0/1",robosuite controller relative command convention,902467294
square,18031b2ed2ee422f6e85bd8c113e199d46e0b29f3f2b2d6b4828e67449e0cf25,940022,ft,10,-x,0.125,ft_perturbed,test,B,3,0,episode_horizon,0,356,square-seed940022-ft-b10,square-seed940022-ft-b10-m0.125,0.125,,,,,,,,,"robot0 OSC_POSE input [dx,dy,dz,ax,ay,az], action index 0/1",robosuite controller relative command convention,20767534
square,18031b2ed2ee422f6e85bd8c113e199d46e0b29f3f2b2d6b4828e67449e0cf25,940022,ft,10,-x,0.125,ft_perturbed,test,B,4,1,native_success,248,108,square-seed940022-ft-b10,square-seed940022-ft-b10-m0.125,0.125,,,,,,,,,"robot0 OSC_POSE input [dx,dy,dz,ax,ay,az], action index 0/1",robosuite controller relative command convention,644266854
square,c9e22005b58ba2524782e3068c8341554e419acf66f095e238e56df41d9a7aa3,940022,ft,10,-x,0.25,bc_perturbed,test,A,1,1,native_success,0,356,square-seed940022-ft-b10,square-seed940022-ft-b10-m0.25,0.25,,,,,,,,,"robot0 OSC_POSE input [dx,dy,dz,ax,ay,az], action index 0/1",robosuite controller relative command convention,33492703
square,c9e22005b58ba2524782e3068c8341554e419acf66f095e238e56df41d9a7aa3,940022,ft,10,-x,0.25,bc_perturbed,test,A,2,0,episode_horizon,0,356,square-seed940022-ft-b10,square-seed940022-ft-b10-m0.25,0.25,,,,,,,,,"robot0 OSC_POSE input [dx,dy,dz,ax,ay,az], action index 0/1",robosuite controller relative command convention,509389047
square,c9e22005b58ba2524782e3068c8341554e419acf66f095e238e56df41d9a7aa3,940022,ft,10,-x,0.25,bc_perturbed,test,B,3,1,native_success,216,140,square-seed940022-ft-b10,square-seed940022-ft-b10-m0.25,0.25,,,,,,,,,"robot0 OSC_POSE input [dx,dy,dz,ax,ay,az], action index 0/1",robosuite controller relative command convention,862990871
square,c9e22005b58ba2524782e3068c8341554e419acf66f095e238e56df41d9a7aa3,940022,ft,10,-x,0.25,bc_perturbed,test,B,4,1,native_success,8,348,square-seed940022-ft-b10,square-seed940022-ft-b10-m0.25,0.25,,,,,,,,,"robot0 OSC_POSE input [dx,dy,dz,ax,ay,az], action index 0/1",robosuite controller relative command convention,1217070873
square,18031b2ed2ee422f6e85bd8c113e199d46e0b29f3f2b2d6b4828e67449e0cf25,940022,ft,10,-x,0.25,ft_perturbed,test,A,1,1,native_success,252,104,square-seed940022-ft-b10,square-seed940022-ft-b10-m0.25,0.25,,,,,,,,,"robot0 OSC_POSE input [dx,dy,dz,ax,ay,az], action index 0/1",robosuite controller relative command convention,780167392
square,18031b2ed2ee422f6e85bd8c113e199d46e0b29f3f2b2d6b4828e67449e0cf25,940022,ft,10,-x,0.25,ft_perturbed,test,A,2,1,native_success,248,108,square-seed940022-ft-b10,square-seed940022-ft-b10-m0.25,0.25,,,,,,,,,"robot0 OSC_POSE input [dx,dy,dz,ax,ay,az], action index 0/1",robosuite controller relative command convention,1970034435
square,18031b2ed2ee422f6e85bd8c113e199d46e0b29f3f2b2d6b4828e67449e0cf25,940022,ft,10,-x,0.25,ft_perturbed,test,B,3,1,native_success,252,104,square-seed940022-ft-b10,square-seed940022-ft-b10-m0.25,0.25,,,,,,,,,"robot0 OSC_POSE input [dx,dy,dz,ax,ay,az], action index 0/1",robosuite controller relative command convention,1440928027
square,18031b2ed2ee422f6e85bd8c113e199d46e0b29f3f2b2d6b4828e67449e0cf25,940022,ft,10,-x,0.25,ft_perturbed,test,B,4,0,episode_horizon,0,356,square-seed940022-ft-b10,square-seed940022-ft-b10-m0.25,0.25,,,,,,,,,"robot0 OSC_POSE input [dx,dy,dz,ax,ay,az], action index 0/1",robosuite controller relative command convention,1872104501
square,c9e22005b58ba2524782e3068c8341554e419acf66f095e238e56df41d9a7aa3,940022,ft,10,-x,0.5,bc_perturbed,test,A,1,1,native_success,268,88,square-seed940022-ft-b10,square-seed940022-ft-b10-m0.5,0.5,,,,,,,,,"robot0 OSC_POSE input [dx,dy,dz,ax,ay,az], action index 0/1",robosuite controller relative command convention,1152890358
square,c9e22005b58ba2524782e3068c8341554e419acf66f095e238e56df41d9a7aa3,940022,ft,10,-x,0.5,bc_perturbed,test,A,2,0,episode_horizon,0,356,square-seed940022-ft-b10,square-seed940022-ft-b10-m0.5,0.5,,,,,,,,,"robot0 OSC_POSE input [dx,dy,dz,ax,ay,az], action index 0/1",robosuite controller relative command convention,1830655150
square,c9e22005b58ba2524782e3068c8341554e419acf66f095e238e56df41d9a7aa3,940022,ft,10,-x,0.5,bc_perturbed,test,B,3,1,native_success,248,108,square-seed940022-ft-b10,square-seed940022-ft-b10-m0.5,0.5,,,,,,,,,"robot0 OSC_POSE input [dx,dy,dz,ax,ay,az], action index 0/1",robosuite controller relative command convention,781069074
square,c9e22005b58ba2524782e3068c8341554e419acf66f095e238e56df41d9a7aa3,940022,ft,10,-x,0.5,bc_perturbed,test,B,4,0,episode_horizon,0,356,square-seed940022-ft-b10,square-seed940022-ft-b10-m0.5,0.5,,,,,,,,,"robot0 OSC_POSE input [dx,dy,dz,ax,ay,az], action index 0/1",robosuite controller relative command convention,616891455
square,18031b2ed2ee422f6e85bd8c113e199d46e0b29f3f2b2d6b4828e67449e0cf25,940022,ft,10,-x,0.5,ft_perturbed,test,A,1,1,native_success,300,56,square-seed940022-ft-b10,square-seed940022-ft-b10-m0.5,0.5,,,,,,,,,"robot0 OSC_POSE input [dx,dy,dz,ax,ay,az], action index 0/1",robosuite controller relative command convention,869775790
square,18031b2ed2ee422f6e85bd8c113e199d46e0b29f3f2b2d6b4828e67449e0cf25,940022,ft,10,-x,0.5,ft_perturbed,test,A,2,0,episode_horizon,0,356,square-seed940022-ft-b10,square-seed940022-ft-b10-m0.5,0.5,,,,,,,,,"robot0 OSC_POSE input [dx,dy,dz,ax,ay,az], action index 0/1",robosuite controller relative command convention,102340866
square,18031b2ed2ee422f6e85bd8c113e199d46e0b29f3f2b2d6b4828e67449e0cf25,940022,ft,10,-x,0.5,ft_perturbed,test,B,3,1,native_success,296,60,square-seed940022-ft-b10,square-seed940022-ft-b10-m0.5,0.5,,,,,,,,,"robot0 OSC_POSE input [dx,dy,dz,ax,ay,az], action index 0/1",robosuite controller relative command convention,1276041009
square,18031b2ed2ee422f6e85bd8c113e199d46e0b29f3f2b2d6b4828e67449e0cf25,940022,ft,10,-x,0.5,ft_perturbed,test,B,4,0,episode_horizon,0,356,square-seed940022-ft-b10,square-seed940022-ft-b10-m0.5,0.5,,,,,,,,,"robot0 OSC_POSE input [dx,dy,dz,ax,ay,az], action index 0/1",robosuite controller relative command convention,690071032
square,c9e22005b58ba2524782e3068c8341554e419acf66f095e238e56df41d9a7aa3,940023,bc,20,+y,0.0,bc_sham,test,A,1,0,episode_horizon,0,316,square-seed940023-bc-b20,square-seed940023-bc-b20-m0,0.0,,,,,,,,,"robot0 OSC_POSE input [dx,dy,dz,ax,ay,az], action index 0/1",robosuite controller relative command convention,829535649
square,c9e22005b58ba2524782e3068c8341554e419acf66f095e238e56df41d9a7aa3,940023,bc,20,+y,0.0,bc_sham,test,A,2,0,episode_horizon,0,316,square-seed940023-bc-b20,square-seed940023-bc-b20-m0,0.0,,,,,,,,,"robot0 OSC_POSE input [dx,dy,dz,ax,ay,az], action index 0/1",robosuite controller relative command convention,882908110
square,c9e22005b58ba2524782e3068c8341554e419acf66f095e238e56df41d9a7aa3,940023,bc,20,+y,0.0,bc_sham,test,B,3,0,episode_horizon,0,316,square-seed940023-bc-b20,square-seed940023-bc-b20-m0,0.0,,,,,,,,,"robot0 OSC_POSE input [dx,dy,dz,ax,ay,az], action index 0/1",robosuite controller relative command convention,231879213
square,c9e22005b58ba2524782e3068c8341554e419acf66f095e238e56df41d9a7aa3,940023,bc,20,+y,0.0,bc_sham,test,B,4,1,native_success,164,152,square-seed940023-bc-b20,square-seed940023-bc-b20-m0,0.0,,,,,,,,,"robot0 OSC_POSE input [dx,dy,dz,ax,ay,az], action index 0/1",robosuite controller relative command convention,948267933
square,18031b2ed2ee422f6e85bd8c113e199d46e0b29f3f2b2d6b4828e67449e0cf25,940023,bc,20,+y,0.0,ft_sham,test,A,1,1,native_success,208,108,square-seed940023-bc-b20,square-seed940023-bc-b20-m0,0.0,,,,,,,,,"robot0 OSC_POSE input [dx,dy,dz,ax,ay,az], action index 0/1",robosuite controller relative command convention,1615063301
square,18031b2ed2ee422f6e85bd8c113e199d46e0b29f3f2b2d6b4828e67449e0cf25,940023,bc,20,+y,0.0,ft_sham,test,A,2,1,native_success,236,80,square-seed940023-bc-b20,square-seed940023-bc-b20-m0,0.0,,,,,,,,,"robot0 OSC_POSE input [dx,dy,dz,ax,ay,az], action index 0/1",robosuite controller relative command convention,1826486934
square,18031b2ed2ee422f6e85bd8c113e199d46e0b29f3f2b2d6b4828e67449e0cf25,940023,bc,20,+y,0.0,ft_sham,test,B,3,1,native_success,228,88,square-seed940023-bc-b20,square-seed940023-bc-b20-m0,0.0,,,,,,,,,"robot0 OSC_POSE input [dx,dy,dz,ax,ay,az], action index 0/1",robosuite controller relative command convention,1298171631
square,18031b2ed2ee422f6e85bd8c113e199d46e0b29f3f2b2d6b4828e67449e0cf25,940023,bc,20,+y,0.0,ft_sham,test,B,4,1,native_success,232,84,square-seed940023-bc-b20,square-seed940023-bc-b20-m0,0.0,,,,,,,,,"robot0 OSC_POSE input [dx,dy,dz,ax,ay,az], action index 0/1",robosuite controller relative command convention,1580759688
square,c9e22005b58ba2524782e3068c8341554e419acf66f095e238e56df41d9a7aa3,940023,bc,20,+y,0.125,bc_perturbed,test,A,1,1,native_success,128,188,square-seed940023-bc-b20,square-seed940023-bc-b20-m0.125,0.125,,,,,,,,,"robot0 OSC_POSE input [dx,dy,dz,ax,ay,az], action index 0/1",robosuite controller relative command convention,681359920
square,c9e22005b58ba2524782e3068c8341554e419acf66f095e238e56df41d9a7aa3,940023,bc,20,+y,0.125,bc_perturbed,test,A,2,1,native_success,116,200,square-seed940023-bc-b20,square-seed940023-bc-b20-m0.125,0.125,,,,,,,,,"robot0 OSC_POSE input [dx,dy,dz,ax,ay,az], action index 0/1",robosuite controller relative command convention,36973811
square,c9e22005b58ba2524782e3068c8341554e419acf66f095e238e56df41d9a7aa3,940023,bc,20,+y,0.125,bc_perturbed,test,B,3,0,episode_horizon,0,316,square-seed940023-bc-b20,square-seed940023-bc-b20-m0.125,0.125,,,,,,,,,"robot0 OSC_POSE input [dx,dy,dz,ax,ay,az], action index 0/1",robosuite controller relative command convention,987878020
square,c9e22005b58ba2524782e3068c8341554e419acf66f095e238e56df41d9a7aa3,940023,bc,20,+y,0.125,bc_perturbed,test,B,4,0,episode_horizon,0,316,square-seed940023-bc-b20,square-seed940023-bc-b20-m0.125,0.125,,,,,,,,,"robot0 OSC_POSE input [dx,dy,dz,ax,ay,az], action index 0/1",robosuite controller relative command convention,264154798
square,18031b2ed2ee422f6e85bd8c113e199d46e0b29f3f2b2d6b4828e67449e0cf25,940023,bc,20,+y,0.125,ft_perturbed,test,A,1,1,native_success,232,84,square-seed940023-bc-b20,square-seed940023-bc-b20-m0.125,0.125,,,,,,,,,"robot0 OSC_POSE input [dx,dy,dz,ax,ay,az], action index 0/1",robosuite controller relative command convention,94764974
square,18031b2ed2ee422f6e85bd8c113e199d46e0b29f3f2b2d6b4828e67449e0cf25,940023,bc,20,+y,0.125,ft_perturbed,test,A,2,1,native_success,224,92,square-seed940023-bc-b20,square-seed940023-bc-b20-m0.125,0.125,,,,,,,,,"robot0 OSC_POSE input [dx,dy,dz,ax,ay,az], action index 0/1",robosuite controller relative command convention,502516341
square,18031b2ed2ee422f6e85bd8c113e199d46e0b29f3f2b2d6b4828e67449e0cf25,940023,bc,20,+y,0.125,ft_perturbed,test,B,3,1,native_success,200,116,square-seed940023-bc-b20,square-seed940023-bc-b20-m0.125,0.125,,,,,,,,,"robot0 OSC_POSE input [dx,dy,dz,ax,ay,az], action index 0/1",robosuite controller relative command convention,1425409255
square,18031b2ed2ee422f6e85bd8c113e199d46e0b29f3f2b2d6b4828e67449e0cf25,940023,bc,20,+y,0.125,ft_perturbed,test,B,4,1,native_success,228,88,square-seed940023-bc-b20,square-seed940023-bc-b20-m0.125,0.125,,,,,,,,,"robot0 OSC_POSE input [dx,dy,dz,ax,ay,az], action index 0/1",robosuite controller relative command convention,958344795
square,c9e22005b58ba2524782e3068c8341554e419acf66f095e238e56df41d9a7aa3,940023,bc,20,+y,0.25,bc_perturbed,test,A,1,1,native_success,100,216,square-seed940023-bc-b20,square-seed940023-bc-b20-m0.25,0.25,,,,,,,,,"robot0 OSC_POSE input [dx,dy,dz,ax,ay,az], action index 0/1",robosuite controller relative command convention,977820887
square,c9e22005b58ba2524782e3068c8341554e419acf66f095e238e56df41d9a7aa3,940023,bc,20,+y,0.25,bc_perturbed,test,A,2,1,native_success,164,152,square-seed940023-bc-b20,square-seed940023-bc-b20-m0.25,0.25,,,,,,,,,"robot0 OSC_POSE input [dx,dy,dz,ax,ay,az], action index 0/1",robosuite controller relative command convention,1574977169
square,c9e22005b58ba2524782e3068c8341554e419acf66f095e238e56df41d9a7aa3,940023,bc,20,+y,0.25,bc_perturbed,test,B,3,1,native_success,176,140,square-seed940023-bc-b20,square-seed940023-bc-b20-m0.25,0.25,,,,,,,,,"robot0 OSC_POSE input [dx,dy,dz,ax,ay,az], action index 0/1",robosuite controller relative command convention,1330025795
square,c9e22005b58ba2524782e3068c8341554e419acf66f095e238e56df41d9a7aa3,940023,bc,20,+y,0.25,bc_perturbed,test,B,4,0,episode_horizon,0,316,square-seed940023-bc-b20,square-seed940023-bc-b20-m0.25,0.25,,,,,,,,,"robot0 OSC_POSE input [dx,dy,dz,ax,ay,az], action index 0/1",robosuite controller relative command convention,1592318636
square,18031b2ed2ee422f6e85bd8c113e199d46e0b29f3f2b2d6b4828e67449e0cf25,940023,bc,20,+y,0.25,ft_perturbed,test,A,1,1,native_success,232,84,square-seed940023-bc-b20,square-seed940023-bc-b20-m0.25,0.25,,,,,,,,,"robot0 OSC_POSE input [dx,dy,dz,ax,ay,az], action index 0/1",robosuite controller relative command convention,105848254
square,18031b2ed2ee422f6e85bd8c113e199d46e0b29f3f2b2d6b4828e67449e0cf25,940023,bc,20,+y,0.25,ft_perturbed,test,A,2,1,native_success,236,80,square-seed940023-bc-b20,square-seed940023-bc-b20-m0.25,0.25,,,,,,,,,"robot0 OSC_POSE input [dx,dy,dz,ax,ay,az], action index 0/1",robosuite controller relative command convention,874156847
square,18031b2ed2ee422f6e85bd8c113e199d46e0b29f3f2b2d6b4828e67449e0cf25,940023,bc,20,+y,0.25,ft_perturbed,test,B,3,1,native_success,232,84,square-seed940023-bc-b20,square-seed940023-bc-b20-m0.25,0.25,,,,,,,,,"robot0 OSC_POSE input [dx,dy,dz,ax,ay,az], action index 0/1",robosuite controller relative command convention,40488081
square,18031b2ed2ee422f6e85bd8c113e199d46e0b29f3f2b2d6b4828e67449e0cf25,940023,bc,20,+y,0.25,ft_perturbed,test,B,4,1,native_success,228,88,square-seed940023-bc-b20,square-seed940023-bc-b20-m0.25,0.25,,,,,,,,,"robot0 OSC_POSE input [dx,dy,dz,ax,ay,az], action index 0/1",robosuite controller relative command convention,1349624402
square,c9e22005b58ba2524782e3068c8341554e419acf66f095e238e56df41d9a7aa3,940023,bc,20,+y,0.5,bc_perturbed,test,A,1,0,episode_horizon,0,316,square-seed940023-bc-b20,square-seed940023-bc-b20-m0.5,0.5,,,,,,,,,"robot0 OSC_POSE input [dx,dy,dz,ax,ay,az], action index 0/1",robosuite controller relative command convention,387017526
square,c9e22005b58ba2524782e3068c8341554e419acf66f095e238e56df41d9a7aa3,940023,bc,20,+y,0.5,bc_perturbed,test,A,2,0,episode_horizon,0,316,square-seed940023-bc-b20,square-seed940023-bc-b20-m0.5,0.5,,,,,,,,,"robot0 OSC_POSE input [dx,dy,dz,ax,ay,az], action index 0/1",robosuite controller relative command convention,2118746941
square,c9e22005b58ba2524782e3068c8341554e419acf66f095e238e56df41d9a7aa3,940023,bc,20,+y,0.5,bc_perturbed,test,B,3,1,native_success,164,152,square-seed940023-bc-b20,square-seed940023-bc-b20-m0.5,0.5,,,,,,,,,"robot0 OSC_POSE input [dx,dy,dz,ax,ay,az], action index 0/1",robosuite controller relative command convention,1125842381
square,c9e22005b58ba2524782e3068c8341554e419acf66f095e238e56df41d9a7aa3,940023,bc,20,+y,0.5,bc_perturbed,test,B,4,1,native_success,180,136,square-seed940023-bc-b20,square-seed940023-bc-b20-m0.5,0.5,,,,,,,,,"robot0 OSC_POSE input [dx,dy,dz,ax,ay,az], action index 0/1",robosuite controller relative command convention,875819658
square,18031b2ed2ee422f6e85bd8c113e199d46e0b29f3f2b2d6b4828e67449e0cf25,940023,bc,20,+y,0.5,ft_perturbed,test,A,1,1,native_success,224,92,square-seed940023-bc-b20,square-seed940023-bc-b20-m0.5,0.5,,,,,,,,,"robot0 OSC_POSE input [dx,dy,dz,ax,ay,az], action index 0/1",robosuite controller relative command convention,416326076
square,18031b2ed2ee422f6e85bd8c113e199d46e0b29f3f2b2d6b4828e67449e0cf25,940023,bc,20,+y,0.5,ft_perturbed,test,A,2,1,native_success,228,88,square-seed940023-bc-b20,square-seed940023-bc-b20-m0.5,0.5,,,,,,,,,"robot0 OSC_POSE input [dx,dy,dz,ax,ay,az], action index 0/1",robosuite controller relative command convention,915528243
square,18031b2ed2ee422f6e85bd8c113e199d46e0b29f3f2b2d6b4828e67449e0cf25,940023,bc,20,+y,0.5,ft_perturbed,test,B,3,1,native_success,228,88,square-seed940023-bc-b20,square-seed940023-bc-b20-m0.5,0.5,,,,,,,,,"robot0 OSC_POSE input [dx,dy,dz,ax,ay,az], action index 0/1",robosuite controller relative command convention,1115309243
square,18031b2ed2ee422f6e85bd8c113e199d46e0b29f3f2b2d6b4828e67449e0cf25,940023,bc,20,+y,0.5,ft_perturbed,test,B,4,1,native_success,212,104,square-seed940023-bc-b20,square-seed940023-bc-b20-m0.5,0.5,,,,,,,,,"robot0 OSC_POSE input [dx,dy,dz,ax,ay,az], action index 0/1",robosuite controller relative command convention,1440223716
square,c9e22005b58ba2524782e3068c8341554e419acf66f095e238e56df41d9a7aa3,940023,ft,20,+y,0.0,bc_sham,test,A,1,0,episode_horizon,0,316,square-seed940023-ft-b20,square-seed940023-ft-b20-m0,0.0,,,,,,,,,"robot0 OSC_POSE input [dx,dy,dz,ax,ay,az], action index 0/1",robosuite controller relative command convention,171490685
square,c9e22005b58ba2524782e3068c8341554e419acf66f095e238e56df41d9a7aa3,940023,ft,20,+y,0.0,bc_sham,test,A,2,0,episode_horizon,0,316,square-seed940023-ft-b20,square-seed940023-ft-b20-m0,0.0,,,,,,,,,"robot0 OSC_POSE input [dx,dy,dz,ax,ay,az], action index 0/1",robosuite controller relative command convention,1446938344
square,c9e22005b58ba2524782e3068c8341554e419acf66f095e238e56df41d9a7aa3,940023,ft,20,+y,0.0,bc_sham,test,B,3,0,episode_horizon,0,316,square-seed940023-ft-b20,square-seed940023-ft-b20-m0,0.0,,,,,,,,,"robot0 OSC_POSE input [dx,dy,dz,ax,ay,az], action index 0/1",robosuite controller relative command convention,1013938200
square,c9e22005b58ba2524782e3068c8341554e419acf66f095e238e56df41d9a7aa3,940023,ft,20,+y,0.0,bc_sham,test,B,4,0,episode_horizon,0,316,square-seed940023-ft-b20,square-seed940023-ft-b20-m0,0.0,,,,,,,,,"robot0 OSC_POSE input [dx,dy,dz,ax,ay,az], action index 0/1",robosuite controller relative command convention,1587371995
square,18031b2ed2ee422f6e85bd8c113e199d46e0b29f3f2b2d6b4828e67449e0cf25,940023,ft,20,+y,0.0,ft_sham,test,A,1,0,episode_horizon,0,316,square-seed940023-ft-b20,square-seed940023-ft-b20-m0,0.0,,,,,,,,,"robot0 OSC_POSE input [dx,dy,dz,ax,ay,az], action index 0/1",robosuite controller relative command convention,1825415288
square,18031b2ed2ee422f6e85bd8c113e199d46e0b29f3f2b2d6b4828e67449e0cf25,940023,ft,20,+y,0.0,ft_sham,test,A,2,0,episode_horizon,0,316,square-seed940023-ft-b20,square-seed940023-ft-b20-m0,0.0,,,,,,,,,"robot0 OSC_POSE input [dx,dy,dz,ax,ay,az], action index 0/1",robosuite controller relative command convention,1571079341
square,18031b2ed2ee422f6e85bd8c113e199d46e0b29f3f2b2d6b4828e67449e0cf25,940023,ft,20,+y,0.0,ft_sham,test,B,3,0,episode_horizon,0,316,square-seed940023-ft-b20,square-seed940023-ft-b20-m0,0.0,,,,,,,,,"robot0 OSC_POSE input [dx,dy,dz,ax,ay,az], action index 0/1",robosuite controller relative command convention,693679511
square,18031b2ed2ee422f6e85bd8c113e199d46e0b29f3f2b2d6b4828e67449e0cf25,940023,ft,20,+y,0.0,ft_sham,test,B,4,0,episode_horizon,0,316,square-seed940023-ft-b20,square-seed940023-ft-b20-m0,0.0,,,,,,,,,"robot0 OSC_POSE input [dx,dy,dz,ax,ay,az], action index 0/1",robosuite controller relative command convention,167609284
square,c9e22005b58ba2524782e3068c8341554e419acf66f095e238e56df41d9a7aa3,940023,ft,20,+y,0.125,bc_perturbed,test,A,1,0,episode_horizon,0,316,square-seed940023-ft-b20,square-seed940023-ft-b20-m0.125,0.125,,,,,,,,,"robot0 OSC_POSE input [dx,dy,dz,ax,ay,az], action index 0/1",robosuite controller relative command convention,931913424
square,c9e22005b58ba2524782e3068c8341554e419acf66f095e238e56df41d9a7aa3,940023,ft,20,+y,0.125,bc_perturbed,test,A,2,0,episode_horizon,0,316,square-seed940023-ft-b20,square-seed940023-ft-b20-m0.125,0.125,,,,,,,,,"robot0 OSC_POSE input [dx,dy,dz,ax,ay,az], action index 0/1",robosuite controller relative command convention,1960049819
square,c9e22005b58ba2524782e3068c8341554e419acf66f095e238e56df41d9a7aa3,940023,ft,20,+y,0.125,bc_perturbed,test,B,3,0,episode_horizon,0,316,square-seed940023-ft-b20,square-seed940023-ft-b20-m0.125,0.125,,,,,,,,,"robot0 OSC_POSE input [dx,dy,dz,ax,ay,az], action index 0/1",robosuite controller relative command convention,1472939647
square,c9e22005b58ba2524782e3068c8341554e419acf66f095e238e56df41d9a7aa3,940023,ft,20,+y,0.125,bc_perturbed,test,B,4,0,episode_horizon,0,316,square-seed940023-ft-b20,square-seed940023-ft-b20-m0.125,0.125,,,,,,,,,"robot0 OSC_POSE input [dx,dy,dz,ax,ay,az], action index 0/1",robosuite controller relative command convention,759475563
square,18031b2ed2ee422f6e85bd8c113e199d46e0b29f3f2b2d6b4828e67449e0cf25,940023,ft,20,+y,0.125,ft_perturbed,test,A,1,0,episode_horizon,0,316,square-seed940023-ft-b20,square-seed940023-ft-b20-m0.125,0.125,,,,,,,,,"robot0 OSC_POSE input [dx,dy,dz,ax,ay,az], action index 0/1",robosuite controller relative command convention,934527899
square,18031b2ed2ee422f6e85bd8c113e199d46e0b29f3f2b2d6b4828e67449e0cf25,940023,ft,20,+y,0.125,ft_perturbed,test,A,2,0,episode_horizon,0,316,square-seed940023-ft-b20,square-seed940023-ft-b20-m0.125,0.125,,,,,,,,,"robot0 OSC_POSE input [dx,dy,dz,ax,ay,az], action index 0/1",robosuite controller relative command convention,593079489
square,18031b2ed2ee422f6e85bd8c113e199d46e0b29f3f2b2d6b4828e67449e0cf25,940023,ft,20,+y,0.125,ft_perturbed,test,B,3,0,episode_horizon,0,316,square-seed940023-ft-b20,square-seed940023-ft-b20-m0.125,0.125,,,,,,,,,"robot0 OSC_POSE input [dx,dy,dz,ax,ay,az], action index 0/1",robosuite controller relative command convention,246014666
square,18031b2ed2ee422f6e85bd8c113e199d46e0b29f3f2b2d6b4828e67449e0cf25,940023,ft,20,+y,0.125,ft_perturbed,test,B,4,0,episode_horizon,0,316,square-seed940023-ft-b20,square-seed940023-ft-b20-m0.125,0.125,,,,,,,,,"robot0 OSC_POSE input [dx,dy,dz,ax,ay,az], action index 0/1",robosuite controller relative command convention,849605864
square,c9e22005b58ba2524782e3068c8341554e419acf66f095e238e56df41d9a7aa3,940023,ft,20,+y,0.25,bc_perturbed,test,A,1,0,episode_horizon,0,316,square-seed940023-ft-b20,square-seed940023-ft-b20-m0.25,0.25,,,,,,,,,"robot0 OSC_POSE input [dx,dy,dz,ax,ay,az], action index 0/1",robosuite controller relative command convention,1436404295
square,c9e22005b58ba2524782e3068c8341554e419acf66f095e238e56df41d9a7aa3,940023,ft,20,+y,0.25,bc_perturbed,test,A,2,0,episode_horizon,0,316,square-seed940023-ft-b20,square-seed940023-ft-b20-m0.25,0.25,,,,,,,,,"robot0 OSC_POSE input [dx,dy,dz,ax,ay,az], action index 0/1",robosuite controller relative command convention,548374808
square,c9e22005b58ba2524782e3068c8341554e419acf66f095e238e56df41d9a7aa3,940023,ft,20,+y,0.25,bc_perturbed,test,B,3,0,episode_horizon,0,316,square-seed940023-ft-b20,square-seed940023-ft-b20-m0.25,0.25,,,,,,,,,"robot0 OSC_POSE input [dx,dy,dz,ax,ay,az], action index 0/1",robosuite controller relative command convention,285247600
square,c9e22005b58ba2524782e3068c8341554e419acf66f095e238e56df41d9a7aa3,940023,ft,20,+y,0.25,bc_perturbed,test,B,4,0,episode_horizon,0,316,square-seed940023-ft-b20,square-seed940023-ft-b20-m0.25,0.25,,,,,,,,,"robot0 OSC_POSE input [dx,dy,dz,ax,ay,az], action index 0/1",robosuite controller relative command convention,735399675
square,18031b2ed2ee422f6e85bd8c113e199d46e0b29f3f2b2d6b4828e67449e0cf25,940023,ft,20,+y,0.25,ft_perturbed,test,A,1,0,episode_horizon,0,316,square-seed940023-ft-b20,square-seed940023-ft-b20-m0.25,0.25,,,,,,,,,"robot0 OSC_POSE input [dx,dy,dz,ax,ay,az], action index 0/1",robosuite controller relative command convention,1004823187
square,18031b2ed2ee422f6e85bd8c113e199d46e0b29f3f2b2d6b4828e67449e0cf25,940023,ft,20,+y,0.25,ft_perturbed,test,A,2,0,episode_horizon,0,316,square-seed940023-ft-b20,square-seed940023-ft-b20-m0.25,0.25,,,,,,,,,"robot0 OSC_POSE input [dx,dy,dz,ax,ay,az], action index 0/1",robosuite controller relative command convention,855451209
square,18031b2ed2ee422f6e85bd8c113e199d46e0b29f3f2b2d6b4828e67449e0cf25,940023,ft,20,+y,0.25,ft_perturbed,test,B,3,0,episode_horizon,0,316,square-seed940023-ft-b20,square-seed940023-ft-b20-m0.25,0.25,,,,,,,,,"robot0 OSC_POSE input [dx,dy,dz,ax,ay,az], action index 0/1",robosuite controller relative command convention,73557509
square,18031b2ed2ee422f6e85bd8c113e199d46e0b29f3f2b2d6b4828e67449e0cf25,940023,ft,20,+y,0.25,ft_perturbed,test,B,4,0,episode_horizon,0,316,square-seed940023-ft-b20,square-seed940023-ft-b20-m0.25,0.25,,,,,,,,,"robot0 OSC_POSE input [dx,dy,dz,ax,ay,az], action index 0/1",robosuite controller relative command convention,885671948
square,c9e22005b58ba2524782e3068c8341554e419acf66f095e238e56df41d9a7aa3,940023,ft,20,+y,0.5,bc_perturbed,test,A,1,0,episode_horizon,0,316,square-seed940023-ft-b20,square-seed940023-ft-b20-m0.5,0.5,,,,,,,,,"robot0 OSC_POSE input [dx,dy,dz,ax,ay,az], action index 0/1",robosuite controller relative command convention,1766804928
square,c9e22005b58ba2524782e3068c8341554e419acf66f095e238e56df41d9a7aa3,940023,ft,20,+y,0.5,bc_perturbed,test,A,2,0,episode_horizon,0,316,square-seed940023-ft-b20,square-seed940023-ft-b20-m0.5,0.5,,,,,,,,,"robot0 OSC_POSE input [dx,dy,dz,ax,ay,az], action index 0/1",robosuite controller relative command convention,689122217
square,c9e22005b58ba2524782e3068c8341554e419acf66f095e238e56df41d9a7aa3,940023,ft,20,+y,0.5,bc_perturbed,test,B,3,0,episode_horizon,0,316,square-seed940023-ft-b20,square-seed940023-ft-b20-m0.5,0.5,,,,,,,,,"robot0 OSC_POSE input [dx,dy,dz,ax,ay,az], action index 0/1",robosuite controller relative command convention,134592441
square,c9e22005b58ba2524782e3068c8341554e419acf66f095e238e56df41d9a7aa3,940023,ft,20,+y,0.5,bc_perturbed,test,B,4,0,episode_horizon,0,316,square-seed940023-ft-b20,square-seed940023-ft-b20-m0.5,0.5,,,,,,,,,"robot0 OSC_POSE input [dx,dy,dz,ax,ay,az], action index 0/1",robosuite controller relative command convention,1700695189
square,18031b2ed2ee422f6e85bd8c113e199d46e0b29f3f2b2d6b4828e67449e0cf25,940023,ft,20,+y,0.5,ft_perturbed,test,A,1,0,episode_horizon,0,316,square-seed940023-ft-b20,square-seed940023-ft-b20-m0.5,0.5,,,,,,,,,"robot0 OSC_POSE input [dx,dy,dz,ax,ay,az], action index 0/1",robosuite controller relative command convention,756657224
square,18031b2ed2ee422f6e85bd8c113e199d46e0b29f3f2b2d6b4828e67449e0cf25,940023,ft,20,+y,0.5,ft_perturbed,test,A,2,0,episode_horizon,0,316,square-seed940023-ft-b20,square-seed940023-ft-b20-m0.5,0.5,,,,,,,,,"robot0 OSC_POSE input [dx,dy,dz,ax,ay,az], action index 0/1",robosuite controller relative command convention,1267056900
square,18031b2ed2ee422f6e85bd8c113e199d46e0b29f3f2b2d6b4828e67449e0cf25,940023,ft,20,+y,0.5,ft_perturbed,test,B,3,0,episode_horizon,0,316,square-seed940023-ft-b20,square-seed940023-ft-b20-m0.5,0.5,,,,,,,,,"robot0 OSC_POSE input [dx,dy,dz,ax,ay,az], action index 0/1",robosuite controller relative command convention,1995972930
square,18031b2ed2ee422f6e85bd8c113e199d46e0b29f3f2b2d6b4828e67449e0cf25,940023,ft,20,+y,0.5,ft_perturbed,test,B,4,0,episode_horizon,0,316,square-seed940023-ft-b20,square-seed940023-ft-b20-m0.5,0.5,,,,,,,,,"robot0 OSC_POSE input [dx,dy,dz,ax,ay,az], action index 0/1",robosuite controller relative command convention,684852889
